OrderItemId,Prediction
78239,1
152658,1
253,1
126700,1
141586,0
100008,1
41513,0
120363,1
132983,1
138765,0
24928,0
67407,1
41797,1
28461,0
32802,1
73477,1
58805,1
82606,1
166134,0
179336,1
154713,0
15896,1
164018,0
24389,1
88612,0
63299,1
34473,1
137584,1
63538,1
147606,0
68907,1
72133,1
32983,1
101460,1
154430,1
105252,1
5906,0
98337,1
24476,1
146830,0
148465,1
140298,0
109841,0
39300,0
61106,1
22078,1
141714,0
170006,0
47031,0
34566,1
92069,1
134514,0
49875,0
11551,1
169994,1
126455,1
100238,1
38254,1
109542,1
103451,1
136913,1
174276,1
53169,0
81941,1
93506,1
41850,1
58761,0
41615,0
67245,1
37828,1
93522,0
126251,1
20895,1
177966,0
179285,0
37579,0
9628,1
124766,0
62399,1
103076,1
83791,0
64822,1
66558,0
128029,1
133716,0
118239,1
75468,1
7875,0
5220,1
29787,1
55404,1
58345,0
108672,1
100060,0
40005,0
33536,1
16627,1
8631,1
153429,0
108552,0
116436,1
139874,1
32661,0
58290,1
38832,1
6098,0
27437,1
133967,0
89430,1
79840,0
4744,1
173438,1
175451,1
15660,1
138717,1
10336,1
84505,0
20137,0
106343,1
164817,0
169557,1
51915,1
133698,1
40290,0
88942,0
153366,0
30319,1
78208,1
25400,1
27653,0
52224,1
36411,0
178670,1
33866,0
45578,0
106709,0
117658,1
49036,1
80525,0
119767,0
90176,0
62053,0
7578,1
60242,1
74001,1
6132,0
54105,0
20125,1
9800,1
143927,0
174896,0
14606,0
168337,0
80766,0
146074,1
156982,0
26973,0
142474,0
109925,0
46887,1
156901,1
14789,1
96545,0
133147,0
169005,0
155343,0
110906,0
45725,1
68491,0
77965,1
147404,0
102472,1
129002,1
49095,0
97650,1
33642,1
109755,1
35465,0
162388,0
72600,1
23300,1
40953,0
66701,1
33919,1
106431,0
37438,0
72346,1
106185,0
125957,0
70454,0
56595,1
44719,1
112012,0
41921,0
155349,1
79630,1
48331,1
96825,1
97392,0
122441,1
31171,1
14072,1
73844,0
179093,1
18687,0
67667,1
100775,0
149734,1
63898,1
142757,0
171245,0
80083,1
99976,1
131654,0
115318,0
85413,1
118365,1
170624,1
67526,1
87948,0
159106,0
158144,0
106738,1
50633,0
123473,1
164770,1
170936,0
18761,1
143621,1
85808,0
149625,1
158575,0
160452,0
113124,0
57220,1
5657,1
179220,1
68766,1
117115,1
152891,0
68842,0
3447,1
151337,1
89733,1
35705,0
169387,0
44142,1
102538,0
8843,0
71328,1
10635,0
56814,0
102356,1
110775,1
177842,0
59345,0
154514,0
140764,0
68372,1
95729,1
139531,0
37315,1
161584,1
35428,1
51836,1
11586,1
39104,0
129274,0
128206,1
135017,1
15778,1
86794,0
49653,1
103719,1
2603,1
166468,1
18039,1
147377,1
47017,1
6807,1
30388,0
136794,0
45906,1
8933,0
90268,0
170376,0
53279,0
145286,0
130886,1
106772,0
37823,1
135301,0
38498,0
147384,1
69893,0
176886,0
40048,0
150042,0
70803,1
156996,1
170977,1
86434,1
74439,0
94553,0
145530,1
31810,0
38742,1
156693,1
130830,0
150318,1
145209,0
122995,1
169718,0
92300,1
119920,0
48724,0
94235,1
115377,1
165266,1
38413,0
173110,0
173656,1
150697,1
18492,1
50771,1
95547,1
40346,1
94226,1
129248,0
395,1
37633,1
42211,1
51875,0
45045,1
125079,1
42417,1
13829,1
85229,1
127075,0
107330,1
78017,1
53395,0
70048,1
68483,1
166426,0
39668,1
178953,0
54724,1
11810,0
2421,0
74508,0
68260,1
167636,1
177911,1
139709,0
24792,1
138096,1
70329,1
24796,1
74157,1
134340,0
114965,1
217,0
111219,0
80956,1
8937,0
148216,0
78870,1
81721,0
73139,1
147994,1
159308,0
79253,1
130909,1
151123,0
115340,0
21472,1
156843,0
31702,1
78714,1
19466,1
42909,1
58315,0
19100,0
115339,0
87869,1
112319,0
32799,1
80376,1
73327,0
123948,1
3922,0
115392,1
4142,0
180307,1
3229,0
7923,0
41166,1
135627,1
175079,0
107883,1
150090,1
3451,0
138752,1
31300,0
7445,1
87642,1
176858,0
159065,0
40709,1
32912,0
54993,1
54775,1
38226,0
83742,0
131606,0
126136,0
95769,1
74960,1
87483,1
50635,1
138517,0
165751,1
105694,1
176865,1
12662,0
163732,1
73298,1
105040,0
41437,0
31450,0
16738,0
127378,1
18075,0
22129,1
7810,0
41069,0
23978,0
16355,1
72007,0
58820,1
97465,1
160147,1
94126,0
159004,1
151279,1
36783,1
61706,0
164262,0
127579,0
42082,1
57988,1
171682,0
14023,1
306,0
92045,0
45289,1
54839,1
178905,1
152380,1
177730,1
140088,0
9119,1
25860,0
70034,1
14786,1
176650,0
14720,0
85051,0
34269,1
74883,1
91405,1
11689,1
140600,0
31973,1
180335,0
82268,0
78118,0
84413,0
47126,0
43842,1
168664,0
8263,1
132571,1
63033,1
91656,0
136292,0
81526,0
85405,1
30279,1
60862,1
177821,0
92968,1
71532,0
114404,0
8754,0
3745,0
58603,1
108688,0
128760,0
84261,1
77603,1
99552,1
113331,1
1261,1
4927,0
78090,1
79638,0
31175,1
141307,0
78477,1
135998,1
103786,0
160477,0
134630,0
38225,0
153360,0
57968,0
137383,1
44447,1
164137,0
67824,1
8182,0
155341,0
166144,0
26966,1
44115,0
122126,1
73673,0
45460,1
60413,0
139131,0
58934,0
133371,1
112904,0
28495,1
147096,1
21205,0
121720,1
170144,1
109514,1
166703,0
166279,1
29281,1
13186,1
97025,0
99795,0
173299,1
72743,0
131148,0
82504,1
82954,1
151456,1
26210,1
125042,1
21034,1
366,1
167556,0
163708,0
152337,0
100422,1
163768,1
69463,0
170443,0
101635,1
9777,1
137634,0
32868,1
29892,0
109676,1
88642,1
34921,0
17976,1
48050,1
90649,1
2912,1
41668,0
28819,1
114623,1
84363,0
17585,1
92076,0
147057,0
148501,1
48308,1
70387,1
118039,0
120968,1
120457,1
133590,0
177596,0
24470,1
171166,1
56048,1
167940,1
162854,0
155699,1
20013,0
46643,1
157096,1
59796,0
170967,1
106576,0
167907,1
79691,1
96533,0
79484,1
125655,0
11122,1
4354,0
58867,0
400,1
93110,0
16329,1
93439,0
89498,0
125364,1
54038,0
162657,0
72727,1
112488,0
123380,1
143663,0
85541,1
90729,1
65409,0
153803,0
43363,1
103007,0
178254,0
28832,1
51843,1
46391,0
64236,0
95294,1
63623,1
4872,0
128073,1
19093,0
94807,0
30813,1
97262,1
123254,0
45901,0
115581,1
11567,0
173763,1
152166,1
4432,1
124354,0
27285,0
37408,1
92480,0
68545,1
37698,1
107656,0
167502,1
152432,1
43018,1
56221,0
126888,0
40348,0
81443,0
22774,1
35299,0
5987,0
106983,1
155471,1
173749,0
159366,0
121328,0
169144,1
138912,1
169743,0
149131,1
37366,0
92121,1
123001,1
33994,0
95086,1
37170,1
55095,1
28456,1
99508,0
137444,1
178879,1
107950,0
17584,1
59425,0
33847,0
64674,0
132027,0
178400,1
165759,1
179428,0
30115,1
108861,1
613,0
145019,0
95096,1
137621,1
129741,1
77639,1
70023,0
49506,1
4554,1
88866,1
73091,1
99677,1
46854,1
128303,1
81116,0
67340,1
156980,1
2202,0
102049,1
27104,0
102400,1
172722,1
142825,1
119444,1
61016,0
101167,0
31341,1
143363,1
144993,1
165094,1
87287,0
49948,1
107531,1
160620,1
63543,0
78631,1
140936,1
130950,0
144860,1
177684,1
12735,1
83483,1
40530,0
171562,0
122101,1
53735,0
130474,1
32731,1
25658,1
146614,1
177175,0
127273,1
128595,1
125847,1
80683,0
47185,1
128099,0
23272,0
33650,0
57684,1
144510,1
37087,1
6562,0
145481,0
164993,1
22881,1
152339,0
157881,1
180076,0
62654,0
124426,1
104840,1
33439,0
25735,1
109353,0
62267,0
32173,0
116733,1
75685,1
141696,1
165203,1
166542,1
147696,1
102816,0
77744,1
144231,1
133394,1
89012,0
173108,1
70876,1
43212,1
104728,1
124492,1
73738,1
142363,0
86482,1
33489,1
133973,1
134583,1
53631,1
35990,1
9249,0
150599,1
148194,0
121977,1
82018,0
14856,0
93922,1
96632,0
148166,0
47863,0
123513,1
160278,1
25374,0
6516,0
40497,1
7200,1
118634,1
1843,1
100153,0
118040,0
180215,1
1028,0
48946,0
116019,0
152073,1
71037,1
69739,0
162922,1
109829,0
43165,1
106688,1
82537,0
119138,1
109577,0
38369,1
174412,0
134432,1
130823,1
7282,1
144826,1
49130,1
28433,1
159097,1
5058,1
141097,1
144840,0
5521,0
82401,0
73656,0
117188,1
40121,1
148192,1
59342,1
47580,1
81838,0
24435,1
106535,0
150727,0
64459,1
140647,0
18404,1
132999,1
15846,0
159285,1
138248,0
180156,0
155594,1
55949,1
126454,1
78374,0
59812,1
161413,1
49751,0
160775,1
24197,1
112139,0
141724,1
24067,0
170091,0
81009,0
69455,1
97585,1
76919,0
54397,1
144857,1
52252,0
51382,0
143313,1
90932,1
124266,1
74438,1
160314,1
16145,0
34103,1
30721,0
63235,1
65811,1
56741,1
361,0
134005,1
107202,0
21107,1
134368,0
48031,0
133225,1
3687,1
6900,0
167163,0
92048,1
148180,0
77791,1
79746,1
71256,0
2272,0
98030,0
44994,1
133157,1
162343,0
151306,1
73543,1
145120,0
138029,0
17956,1
91767,1
178592,1
137869,0
95116,0
126833,0
178629,1
84302,1
144348,1
129613,1
14626,0
101407,0
114975,1
49140,1
177983,0
17370,0
115997,0
178545,1
83071,1
41492,1
48257,1
171247,1
147644,0
71547,1
43660,1
72408,0
136754,0
53934,0
16377,1
82628,1
70776,1
4910,1
169777,1
114187,1
156295,0
96227,0
67068,0
132877,1
43764,0
19924,0
41851,1
82878,1
128188,1
95589,0
148704,0
28279,0
41939,1
33791,1
177986,0
113252,1
66391,0
15064,0
107571,0
72920,1
159973,0
7687,1
172916,0
84039,1
55659,1
174889,1
24473,1
12690,1
45218,1
31749,1
82844,0
31088,0
26307,0
109586,0
40503,1
31433,0
91446,1
157633,1
113095,0
147769,1
63949,1
90857,0
138518,0
121628,0
166613,1
160882,1
170736,1
54957,0
84704,1
174242,0
169888,0
64656,0
57609,0
87094,0
54111,0
103441,0
42256,0
141433,0
84937,0
159208,0
125202,1
70247,1
95384,1
107337,1
136618,1
100434,1
39345,1
132879,1
98854,1
167830,1
176583,0
88758,1
99120,0
1033,1
42886,0
179657,0
120273,1
164868,0
151914,1
113097,1
132731,1
114313,1
123335,1
170359,1
127965,1
53326,0
129416,1
170093,0
27886,1
138138,0
131510,1
101063,0
17107,1
156580,1
10902,0
118466,0
34765,1
44590,1
42183,0
32762,0
136609,1
119964,1
173601,0
67326,1
117790,0
277,0
145061,0
98459,0
124068,1
153124,0
128134,1
68241,1
131013,0
85718,0
153174,0
148527,0
135658,0
134246,1
146300,1
160073,1
134751,0
48173,1
120286,1
46773,1
49071,0
40758,1
82710,0
55502,1
44820,1
141900,1
153511,0
144999,1
113684,0
99913,1
89079,1
68872,0
165131,0
128988,1
35727,1
98309,1
74286,1
137198,1
45193,0
157234,0
119775,1
111022,0
53592,1
137302,1
38651,1
30287,0
139972,0
120494,1
1685,0
77784,1
64166,1
78576,1
106952,1
70500,1
56841,0
95033,1
77365,0
25982,1
124560,1
140388,0
80715,0
93116,1
120530,0
65459,0
93072,0
113305,1
91351,1
93078,1
60035,0
11119,1
123620,1
165155,0
177646,0
31887,1
134895,0
176354,1
66427,1
88462,0
47499,1
23160,0
110853,0
51704,0
105261,0
36264,0
43463,1
86353,0
123787,1
142818,1
150206,0
60078,0
44273,1
58329,1
37070,0
5033,0
83190,0
175570,1
19956,1
101944,1
57486,1
89306,0
109530,1
128785,0
27436,1
69075,0
4220,1
96598,1
163296,1
64362,0
45126,1
107430,1
42315,1
122255,1
45088,0
38803,1
46730,1
32463,1
265,1
156269,1
47220,1
148566,0
152459,1
175546,0
53140,1
108868,0
176945,1
67123,0
50842,1
5223,1
176681,0
179276,0
29563,1
103398,1
43126,0
131022,1
125088,0
59911,0
58899,1
170937,0
138409,1
91107,0
13730,1
25795,1
70557,1
2179,0
113658,1
44991,0
158315,0
51186,1
49705,0
170950,0
57962,0
98963,1
61335,1
143180,1
55676,1
35722,0
69594,1
10386,1
175702,1
30529,1
19355,0
138287,1
57215,0
82472,1
37476,1
132010,1
37878,0
143230,1
141694,0
154569,1
80045,0
73574,0
30359,0
103882,1
84667,0
87779,0
124811,1
78718,0
102076,1
153988,0
160696,1
106524,1
96880,1
168491,1
78450,1
8791,1
73425,0
64044,0
65385,0
52961,1
29626,0
132051,0
54934,0
42766,0
31707,1
32823,1
19802,1
60586,1
76371,0
101691,1
152145,1
28530,0
13961,1
41510,0
70496,1
34727,0
72297,1
174655,1
168745,1
108594,1
57508,0
137916,1
101009,1
20237,1
27690,0
35633,1
69636,0
29715,1
71384,0
49136,1
127197,1
64823,1
155120,1
166309,1
16188,0
123716,1
60640,0
59805,0
74956,1
90430,0
112196,0
31150,0
161697,1
84228,0
32530,1
136180,0
104010,1
65535,0
123396,1
114820,1
163020,0
149683,1
8390,1
27186,1
22993,0
153288,1
82836,0
139803,0
6280,0
55723,0
71541,0
7707,0
141614,1
178627,1
121090,0
42636,1
27770,0
173768,1
165727,0
135850,1
127006,0
12954,0
82110,1
109108,1
134704,0
149742,1
178527,1
6662,1
24773,1
175318,1
124158,0
108138,1
57297,1
29179,1
18740,0
33109,1
122003,1
32922,1
107586,1
127313,1
1865,1
24165,0
43724,0
98114,1
101646,1
97996,1
128276,1
82165,1
133750,1
130050,0
67796,1
67250,0
144083,1
145534,1
168703,1
180243,1
47200,0
36792,0
175634,1
116863,0
165738,0
164150,0
67488,1
59278,1
103382,0
54378,0
12566,0
144054,0
178160,1
49046,0
116716,1
102920,1
138853,0
43166,1
86602,0
62850,1
119803,1
106397,1
37309,1
22947,0
112028,0
136504,0
96148,1
90798,0
22902,0
84233,1
129615,1
109632,1
48827,0
20558,1
75903,1
43227,0
157296,0
112072,1
162542,0
121702,0
15438,0
153021,0
5582,1
15596,0
155795,1
77495,1
136736,1
114893,1
93319,1
60120,1
51193,1
120865,1
141740,0
69467,1
22635,0
159000,1
166391,1
70781,0
100293,1
100598,0
170387,1
152823,1
61227,0
36745,0
94920,0
49524,1
111834,1
149037,1
105081,0
75542,1
150630,1
122476,0
4118,1
19338,1
138734,0
72226,0
83093,1
108891,1
78531,1
37636,0
65997,1
29880,1
117123,1
82162,0
55614,0
11573,1
47468,0
88727,1
162318,1
28483,0
9176,0
7557,1
26806,1
130991,0
24356,0
16692,1
132798,1
161543,1
31527,0
9478,1
70608,1
158830,0
165373,0
174527,0
20140,0
114340,1
85139,0
97744,0
33002,1
145851,0
163210,1
138804,0
78894,1
27481,1
63812,0
128908,0
119660,1
74649,1
100327,1
88360,1
108305,1
151639,0
133127,1
116104,1
60719,1
96035,1
155784,1
112719,1
4093,0
164373,1
21591,0
122210,1
59756,0
161212,0
8259,1
44855,1
147122,1
79245,1
64028,1
111485,0
18257,1
134334,0
154749,1
35525,1
32010,0
90482,0
114034,0
155393,1
103691,0
140904,0
49393,0
31421,0
45703,1
180227,0
4355,0
67093,0
118518,1
106118,1
4639,1
55295,0
4417,1
93363,0
35432,0
99994,1
136965,0
26887,0
155976,1
42175,1
86032,1
29338,0
35878,0
172262,1
99102,0
165992,1
116992,0
65499,0
129132,0
30599,1
30933,1
127120,1
9563,1
151132,1
160222,1
157846,1
90316,1
43231,0
62851,1
161986,1
165128,0
81892,0
11720,1
25919,1
177411,0
20492,0
88467,0
118413,0
44675,0
180485,0
39665,1
104937,1
136960,1
12522,1
116611,1
30740,1
52694,1
79219,1
176677,1
136668,1
110794,1
58382,1
37112,1
110153,1
172019,0
63161,1
103279,1
129319,1
74386,0
145783,1
61130,1
100130,1
116207,0
34648,1
19066,0
48405,1
111368,0
133485,1
84307,1
84769,0
82586,0
115785,0
173367,0
126502,0
172770,1
25412,1
160834,0
47557,1
35892,0
106306,1
38078,0
46460,0
167758,0
2241,1
174078,0
109206,0
5912,0
70472,0
119554,1
82521,1
107789,1
61323,0
3307,1
3859,1
171451,0
43893,1
25899,0
173343,1
178197,1
28233,0
32496,1
52660,1
169029,1
12669,1
101696,0
2284,0
10234,1
51823,0
13932,1
136355,1
47339,1
101951,1
13826,1
73867,1
43039,1
116922,1
115654,1
26632,0
12652,0
23476,0
74079,0
65570,1
46356,0
28010,1
95222,1
43595,1
109664,0
126299,0
26055,1
108663,0
108995,1
140201,1
110252,0
111819,1
73723,1
25617,0
168983,0
68108,1
15977,1
129830,1
76849,1
22845,1
37825,1
61027,0
149482,1
90449,1
166155,0
48128,0
173105,1
121033,0
16644,1
135570,0
107109,1
8413,1
94864,1
107476,0
153602,0
58946,1
142736,0
168589,0
20107,0
88803,1
138244,0
149854,0
140202,0
69373,1
175124,0
98142,1
176853,1
174370,0
83936,1
141273,0
170410,1
141231,1
82864,1
69651,0
159369,1
174143,1
15,1
167100,0
57195,1
93303,0
103408,1
63037,1
24648,0
73793,1
106379,1
145952,1
124678,1
45022,0
113865,0
157239,1
23920,1
117300,1
35367,1
160480,0
117970,0
157956,0
160765,1
56971,0
172540,0
116524,1
119582,0
97746,1
18941,1
127858,1
105829,1
123036,0
115349,1
155234,0
110904,0
2510,0
84357,0
20154,1
144258,1
144749,1
54008,0
128933,0
107323,1
63753,0
9254,1
133506,0
105144,0
104397,1
38270,1
10076,1
123980,0
62107,0
17695,0
84820,1
95773,1
5759,0
125075,0
152564,0
177606,1
21271,0
162613,1
92624,0
159236,1
135918,1
117643,0
39688,1
19920,1
155169,1
26035,0
18640,1
145533,0
5105,1
28400,0
112289,0
120587,0
146146,0
68938,0
160165,0
132235,0
126383,0
168587,1
106008,1
42313,0
71813,1
23580,1
157594,1
90079,0
25667,0
156306,0
113516,1
17609,0
83368,1
113949,1
66147,1
63223,0
25442,0
7056,1
107506,1
163256,1
173986,0
42247,1
8221,0
180220,0
11335,0
110652,1
26996,1
154636,0
118244,1
67472,0
129501,0
173508,0
7492,0
78908,0
10909,0
101065,0
95333,1
64368,0
124179,1
154128,1
122791,1
15321,1
153568,0
42650,1
76836,1
24860,1
69290,1
66019,1
46527,1
169995,1
39598,0
137544,0
145073,1
70801,1
63349,0
82530,1
71156,1
100937,0
165973,1
38230,0
147980,0
155398,0
122778,0
24128,0
138925,1
176497,1
132625,0
103349,1
100532,1
26720,0
89117,0
166208,0
88001,0
96696,1
161311,0
51123,1
178647,1
51110,1
42243,1
87285,0
25242,1
120893,1
85788,1
153874,0
114845,1
149084,1
93596,1
30105,1
49088,1
87145,1
70697,0
24028,1
8545,0
149340,0
142350,1
107402,0
46126,1
86985,1
44789,1
162616,1
125089,0
163986,1
167756,0
176434,0
144731,0
136359,1
73686,1
89371,1
44144,1
54103,0
48838,1
6594,1
26725,1
24105,1
93952,0
162995,1
46473,1
171567,1
130530,0
150168,1
131102,1
58635,1
112697,0
66643,0
90900,1
169444,1
113619,0
141690,0
70984,0
167347,1
138163,1
31566,1
164175,0
131198,1
40553,0
76118,0
74990,1
53599,0
30062,0
178127,0
145930,1
47441,1
51592,0
15132,0
16936,0
125301,1
3582,0
84633,1
145873,1
10938,1
32543,1
154684,0
112393,1
59617,0
90593,1
179365,1
75427,0
85371,1
99059,1
40980,0
40753,0
6988,0
62685,1
130021,0
158856,0
89450,1
20893,1
3942,1
69132,0
167979,0
146623,0
172074,1
178320,0
61120,0
102952,1
76181,1
139813,0
152807,0
58626,1
16146,1
11276,1
105840,1
73503,1
35094,0
145975,0
90336,1
122968,1
159198,1
170842,0
61055,1
151708,0
99726,1
62869,1
53006,0
102456,0
299,0
81682,1
132593,1
88492,1
80673,0
9596,1
176332,1
79420,1
178118,1
76282,1
6368,0
93038,0
110258,0
63464,1
135919,1
144781,0
22321,1
106432,1
167294,1
128755,1
115017,1
129311,1
110217,0
100031,0
20273,1
92531,0
46711,1
142620,1
33654,0
116776,0
99743,1
55109,0
32892,0
171287,1
95968,0
97697,0
50164,1
3670,0
69160,0
165127,0
107792,0
24032,1
148733,1
10322,0
139231,1
34147,1
40614,1
158398,1
126368,1
139434,1
113025,0
91445,0
7454,0
82647,1
87629,1
4149,0
67504,0
176932,1
162257,1
173487,0
68331,0
108053,1
95476,1
40583,1
49825,0
124131,1
90783,0
145777,0
135825,0
35022,1
33355,1
14005,0
144332,1
27011,0
126990,1
102165,1
150290,1
117649,1
117755,1
2427,1
114078,0
49710,0
113754,0
115709,0
35440,1
111381,0
71476,0
49206,1
98211,0
77760,1
117549,1
138947,0
124579,1
20303,1
34969,0
157424,1
62635,0
167197,1
39254,0
26998,1
151594,0
136936,0
162830,1
118482,1
75397,0
167158,1
164069,1
132106,0
3211,1
49851,1
160755,0
149974,1
5283,1
50139,0
85370,0
170149,0
34639,0
141072,1
24214,0
102042,0
41982,0
96943,0
50998,0
23186,0
134449,0
34072,1
37065,0
150989,1
94404,0
96428,1
17492,1
117750,0
147318,1
88685,0
71382,0
116443,1
173529,0
42423,1
86344,1
65782,1
69699,0
8551,0
165940,1
102837,0
81879,0
131238,1
95221,1
74778,0
131581,0
57513,1
52501,0
98851,1
141183,0
21252,1
170609,0
73579,0
135805,1
141207,1
168710,1
17499,1
2102,1
80855,0
179304,1
163350,1
122606,0
32484,1
125827,1
130200,1
135965,1
147779,1
4698,0
114074,0
106865,0
67525,1
151731,0
10623,0
82131,1
167861,1
99733,1
133723,1
168872,0
117142,1
76615,1
172667,1
60363,0
169623,1
82350,1
4964,0
39572,0
75995,1
2120,0
95295,0
60496,1
77808,1
169611,1
116431,1
3356,1
88474,0
55417,0
27645,0
79954,1
5210,1
27393,0
46654,0
38695,1
72649,1
22447,0
114718,0
10676,0
24360,0
103144,1
106459,0
141077,1
169411,1
178183,1
174465,0
156022,0
146683,1
142771,0
44961,0
155046,1
50253,0
46073,1
50637,1
114046,1
117302,1
144474,0
147857,0
113259,0
63356,1
97773,1
170280,0
22210,0
141464,1
59648,1
156433,1
159273,1
98771,1
108501,0
26116,0
84618,1
4299,0
97603,1
95020,0
22759,0
17473,0
107185,0
119608,0
106339,1
104423,1
4063,1
125309,1
167944,0
132371,1
79315,0
49537,1
59381,1
150123,0
123824,1
150331,1
52179,1
117385,1
82450,1
6610,0
57230,0
170245,0
122601,1
70293,0
33819,1
107948,1
125276,0
127196,1
113880,1
26411,0
14678,1
17805,1
6092,1
87392,1
75222,0
100139,1
23236,0
19029,1
39168,1
145411,1
96609,0
25665,0
128651,1
83065,1
143561,1
42093,1
87409,0
66407,0
135304,0
15066,0
46174,1
86900,1
160749,0
6583,1
164598,0
5745,1
45485,0
165583,1
65462,0
3739,1
8160,1
13416,0
85595,0
98184,1
159117,0
147570,1
105016,0
118753,0
125832,0
170011,0
45157,1
55926,0
155643,1
138090,0
105887,1
120724,1
162460,0
136630,0
104462,1
125395,0
124711,0
108866,0
95121,0
153939,0
69499,1
69176,0
105300,0
131482,0
56141,1
104305,1
31166,1
144518,0
107344,1
10474,0
30137,1
128802,1
32647,1
147157,0
1797,1
36932,0
121986,1
9821,0
171672,0
322,0
36582,1
22588,1
11929,0
58631,0
40608,1
39381,1
141657,1
124772,0
116544,1
27854,0
75251,1
159383,1
115726,1
122020,0
100447,0
137245,0
96376,1
32963,0
170414,0
69886,0
22090,1
116371,1
138624,0
161683,1
155874,1
17675,1
122812,1
103990,1
22098,1
142320,0
67691,1
53230,1
177321,0
28908,0
133237,1
165306,1
15543,1
132855,0
46502,1
8563,1
23402,1
124827,1
89170,0
51908,0
1255,0
31736,0
8479,1
103068,1
125170,0
58017,1
152594,1
74793,1
18517,0
84966,1
34662,0
155944,1
47451,1
102488,1
106027,1
137174,0
24123,1
7196,1
142691,0
10307,1
144362,1
137870,1
83136,1
103601,0
11971,0
162624,1
14907,0
105315,0
161865,1
167794,0
144948,1
79640,0
96258,1
30440,1
161146,1
146194,0
9161,0
83323,0
103337,0
17447,0
94291,1
6204,1
45690,1
175865,0
114899,0
68159,0
49834,0
69009,1
54254,1
46228,0
102672,0
36648,1
65157,1
74514,0
137005,0
102891,0
209,0
132703,0
102209,0
54799,0
123156,0
110397,1
110458,0
86391,1
83758,0
90288,0
160808,0
16748,1
137301,1
51275,0
173056,0
101623,0
89214,1
96709,1
42657,1
98306,1
100150,0
117871,0
39558,0
53398,1
130392,0
173163,0
157975,0
82104,0
83369,1
136034,1
122675,0
71724,1
90617,1
59524,1
92169,0
51369,0
33825,0
139225,0
117692,0
83763,0
147432,0
116149,0
146980,0
52616,1
24346,0
98382,1
100979,1
15008,1
121652,0
152493,1
10070,0
132862,1
80702,0
48450,0
52069,0
39878,1
127949,1
57081,0
69109,0
113899,1
129982,0
116456,0
178012,1
95843,1
137923,1
57321,0
38169,1
25720,1
20139,0
173535,0
57021,1
146510,1
2885,0
7389,1
136323,0
128003,1
168242,1
38044,0
124542,1
49563,1
95137,0
83664,1
155301,0
17509,0
130292,0
50818,0
153906,1
77170,1
101614,1
129548,1
105533,0
26746,1
52380,1
105707,1
59131,1
32889,1
68128,0
129385,1
22283,0
128487,0
69764,1
140033,0
83053,1
102594,0
164822,0
142528,0
72810,0
132355,1
176314,0
90939,0
63461,1
140269,1
88505,1
87363,1
32992,0
45975,0
51964,0
115838,0
165166,1
98862,0
83689,0
47296,0
71705,0
105772,0
119556,0
63854,1
65510,0
146383,1
39637,0
6451,0
149094,1
106083,1
98902,1
26134,1
39857,0
136949,1
130946,0
59866,0
15420,1
112585,0
25609,1
32360,1
132171,0
40818,0
79142,1
129112,0
132936,1
23248,0
169669,0
37892,1
16856,1
14755,0
85394,0
62692,0
83066,0
77288,0
42386,1
176656,1
54637,1
82442,1
135126,0
24019,0
113879,1
38365,0
93027,1
119822,1
150374,1
146202,1
134869,0
71830,0
143089,0
6170,0
102442,1
53297,0
102883,1
136938,0
86290,0
97005,1
12660,1
15607,1
21421,0
64407,0
118230,1
147413,1
58684,0
78189,1
30926,1
6523,0
168611,0
133920,0
139671,0
36292,1
105421,0
13997,0
132383,1
45684,1
107204,0
169549,0
90209,1
40159,0
108466,1
134783,0
129198,1
92108,0
30050,0
6823,1
9850,1
32834,1
79327,0
102033,1
99738,1
124313,1
4373,0
143866,0
41658,1
122287,0
103710,0
49923,1
127824,1
11045,1
143947,0
37383,1
151510,0
18440,0
149130,1
151747,0
158113,1
101445,1
58322,0
17877,0
29264,0
119273,1
53112,0
29516,1
2680,1
94816,1
28087,0
72602,0
161390,1
26586,1
109431,0
132865,1
116503,1
21589,1
64241,0
17485,1
160380,0
24220,1
164872,0
166493,1
120025,0
110494,1
40166,0
2480,1
120894,1
120230,1
26189,0
178510,0
56019,1
24643,1
1732,0
172595,1
112191,1
147801,0
122418,1
13979,0
168563,0
179079,1
80206,0
112927,0
158092,1
143985,1
159103,1
161889,0
163389,1
29902,0
129451,1
79983,1
157952,0
10921,0
141568,0
113735,0
109639,0
19158,1
107744,1
128639,0
89375,1
130483,1
68215,1
170727,0
109602,1
174587,1
125392,0
95673,0
14288,0
96036,0
70715,0
47430,1
32629,0
23352,0
107040,0
52385,1
29434,1
152492,1
171048,1
81712,1
76670,1
112029,0
82631,1
105951,1
55636,1
75219,0
137433,0
22464,0
66446,0
102189,1
103526,0
138135,0
122807,0
156650,0
76099,0
92800,1
111594,1
28110,0
175848,0
61634,0
130905,1
81930,1
49765,0
4647,0
57027,0
151890,1
24703,0
177947,0
119862,1
32282,0
80337,1
86210,0
34829,0
130827,0
97094,0
102787,0
34674,1
113744,0
125785,0
97791,1
88133,0
110152,1
162439,0
27837,0
68622,1
125044,0
104463,1
124502,1
27140,1
47908,1
2048,0
166453,1
143751,0
152317,0
31823,1
50860,1
121792,0
172572,0
102574,1
126007,1
63740,1
665,0
88914,0
14037,1
78519,1
15094,1
121016,0
73855,1
169708,1
165084,1
80867,1
138924,1
139450,0
16507,1
110927,1
56450,1
52476,0
122872,1
121951,0
123644,1
134530,0
102970,1
92636,0
14346,0
138465,1
13516,1
73362,0
16822,0
82957,1
65060,0
85942,1
4575,1
96149,1
22623,1
120850,1
172249,0
95332,1
147543,1
86901,1
160780,0
64687,1
164040,0
140506,0
134117,1
158376,0
129202,1
175175,1
13181,1
50036,1
142041,0
143293,1
5963,0
98884,1
175425,1
103595,0
8339,1
52251,1
179536,1
62321,0
160678,0
48629,1
128125,1
136945,0
141235,0
152371,1
94476,1
13324,0
83361,1
4397,0
150675,0
91840,0
177314,1
59768,0
166006,1
87960,1
3360,1
92433,1
36863,1
104221,0
36825,0
179788,0
114800,0
160310,1
161235,1
43628,1
134438,0
76952,1
149958,0
1833,0
47774,0
127088,0
178308,1
86765,1
77222,1
30113,0
179386,1
8888,1
140868,0
136967,0
99837,0
98959,1
57578,0
175430,0
145305,0
69255,1
96921,0
116157,0
22584,1
31092,0
55555,0
67584,1
22989,0
98938,1
67366,1
2871,0
101792,1
100764,1
93611,1
159024,1
28523,1
76382,0
55982,0
164894,0
15613,1
69066,1
177114,0
131634,0
47283,1
79438,0
16235,1
35983,1
37205,1
59298,0
83650,0
174280,0
97139,1
172053,1
47002,1
14840,0
40757,1
151317,0
20604,1
115801,1
78754,1
131666,1
31911,0
152602,0
29263,0
71752,0
101807,0
18709,1
75666,0
91759,1
82041,1
90119,1
43411,0
34102,1
10863,1
11200,0
50532,1
67941,1
71890,1
88656,0
36604,1
178247,1
28447,1
106199,1
134897,0
104140,1
62045,0
122047,0
53264,0
70369,0
64313,1
110285,0
87394,1
10382,0
117728,0
1962,1
134309,1
173598,0
155474,1
1869,1
170403,1
70755,1
15610,1
163232,0
177509,0
15223,1
148883,1
23064,1
153880,1
143127,0
159230,0
16480,1
41050,1
179480,0
42667,1
63983,1
36821,1
116135,0
113556,1
179724,1
34105,0
82147,0
98191,0
17685,1
148462,1
22041,0
98845,1
126632,1
153616,1
48842,0
28374,1
84611,0
73784,1
115767,0
151660,1
125455,1
129011,0
150756,1
42823,1
142919,1
134278,1
23505,0
142476,0
109950,1
104570,0
179233,1
100774,0
39013,0
7182,0
63168,0
31725,0
139500,1
172709,0
133251,0
41385,0
1984,0
30547,1
64949,1
85743,0
82258,1
49182,0
34825,1
134849,0
158446,0
166642,0
47361,1
152475,1
149819,1
130996,1
21315,1
59222,1
11843,1
16511,0
82604,1
63290,0
116537,1
100156,1
39837,0
69437,1
134521,0
37063,1
2776,1
82138,1
91930,0
155180,0
106814,1
101620,0
69677,0
100674,0
158087,1
9343,1
43542,1
108288,1
144485,1
15208,1
76526,1
173099,1
104276,1
15678,0
104057,0
68609,1
168284,1
136387,1
109540,0
42084,1
118904,0
163494,0
144589,1
55366,1
103693,0
84044,1
100777,1
96737,1
10614,0
15813,0
35821,1
127777,0
2191,0
66287,0
63980,1
121369,1
102048,1
40896,1
89541,0
63927,1
48734,1
48417,1
8028,0
108944,0
47817,1
147349,0
45529,0
143243,1
92345,0
136382,0
6786,1
63797,1
108116,0
34665,1
169342,0
109136,0
116815,0
68093,1
119641,0
149068,1
81385,1
26838,1
96157,1
59160,0
83966,0
29507,0
87584,0
85626,0
25510,1
150011,1
29621,0
57183,1
177382,0
68745,1
13569,0
64220,0
40586,0
18337,1
99600,1
148310,1
31873,1
42383,0
98059,0
94507,0
155165,1
18003,1
31733,0
155020,1
64607,1
25159,0
105905,0
121609,1
62839,0
75217,0
171322,1
59564,0
108824,0
113306,1
46820,1
83963,1
95827,0
147727,0
87727,1
105083,1
137850,0
16839,1
157679,0
172892,1
125347,0
28862,0
132986,0
34830,0
74016,1
82763,0
70845,0
56997,1
12114,1
160851,0
174470,0
160320,0
19689,1
173094,1
62508,0
75828,1
45785,0
162773,1
70101,0
99731,1
66131,1
33641,0
141631,1
67431,0
46754,0
39395,1
119771,0
143471,0
52418,1
25994,1
123737,1
69492,1
109135,0
64102,1
167114,0
93571,0
34820,1
164293,0
78760,0
94773,0
60334,0
99843,0
28790,1
158284,1
76530,0
146883,0
58064,1
146403,0
54379,0
147503,0
174883,1
128043,1
17040,0
2756,1
137741,0
102631,1
12616,1
177084,1
71289,1
17361,0
4304,1
163373,1
30532,1
82322,1
100899,0
27977,0
2056,0
127990,1
146534,1
165667,1
118286,1
163172,0
55422,0
156905,0
149586,1
25387,1
175379,1
70190,0
121325,0
86309,1
43320,1
18955,0
142492,0
115075,1
106898,1
1430,1
80881,1
143833,1
26177,1
135027,1
142864,0
106712,0
162122,0
75493,0
89672,1
77804,0
20145,0
60103,1
32927,1
33116,0
34155,0
66825,1
98052,1
148241,1
73620,1
21593,0
44408,1
163088,1
46882,1
82832,0
179674,0
163352,1
18710,1
131701,0
3081,1
67968,1
119164,1
83682,0
51742,0
118717,1
38857,1
24207,1
154598,0
11903,0
7191,1
38890,0
83531,1
20127,0
109046,0
44086,0
64380,1
117189,1
8749,0
134735,1
139947,0
99125,1
49021,1
92896,1
140683,0
159506,1
44839,1
113814,0
48336,1
174775,0
110607,1
170648,1
22949,1
81972,1
63811,0
156486,1
158797,1
96208,0
86559,1
148996,1
69478,0
40599,1
152670,0
164950,1
94371,0
78798,0
6749,1
74536,1
155430,0
17869,1
66159,1
124027,0
79632,0
173480,0
111008,0
67157,0
74088,1
131499,1
134936,0
172919,1
38854,1
126820,1
36457,0
179666,1
43985,1
62756,0
58157,0
97316,1
149139,1
55995,0
168972,0
73159,0
53358,0
56822,0
105273,0
12759,0
160037,0
55806,1
17092,1
74561,1
32100,1
40305,1
133138,0
157527,1
146824,0
143148,0
174322,1
35785,0
124064,1
105900,0
172193,1
167557,0
68738,0
162637,1
76144,0
93266,0
13859,0
176951,0
80347,0
40095,0
28306,0
7482,0
83055,1
104660,1
29608,1
176879,0
124465,1
122617,1
4091,0
147593,1
34453,0
140476,1
169568,0
39178,0
163620,1
14401,1
61381,0
91655,0
102624,1
155296,1
13130,1
20761,1
73698,0
154550,1
56348,1
165546,0
140395,1
24038,1
90522,0
175399,1
148686,0
166588,0
12385,1
14776,1
18085,0
68922,1
122380,0
159639,1
3632,1
26214,0
23454,0
26168,0
102116,0
106806,1
3335,1
93135,1
101803,0
44065,0
53035,1
78700,1
166026,0
110417,1
64955,1
52314,1
48179,1
58583,1
59880,1
110976,1
154733,0
30593,1
85600,1
91599,0
136302,1
171300,1
158844,0
135490,1
132260,1
158041,1
74211,0
19025,1
27511,1
69457,1
51293,0
52733,0
154028,0
21131,0
123743,1
146208,0
39924,0
169220,1
21063,0
45096,0
119575,0
14991,0
28385,0
135739,1
104075,0
3527,1
90609,1
168521,0
32693,0
90293,1
87549,0
5790,1
175642,1
156762,0
66777,1
87592,1
15114,0
158498,0
145373,0
44685,1
94698,0
36883,0
173088,1
147443,0
166818,1
53331,1
175694,1
118726,0
88932,1
51469,0
84566,1
13104,0
22211,0
5402,1
113673,1
10871,1
16264,0
83574,0
83105,0
96089,0
149851,0
7461,1
21349,0
106324,0
81522,0
143498,1
5448,0
81095,1
49897,0
93510,0
31984,1
37684,0
24055,1
50465,1
137463,0
20725,1
40519,1
90489,1
11827,0
6675,1
11326,0
22384,1
125502,0
167451,1
166226,1
54423,1
76068,1
110332,1
94516,1
42639,1
161822,1
59279,1
165983,0
12859,0
23523,1
17326,0
14810,1
130750,0
25265,0
33779,1
15233,0
24541,0
51047,1
68273,1
75827,1
10575,1
35460,0
21538,0
97599,0
48757,1
108000,0
6370,0
41630,0
41052,1
60537,1
55429,1
171249,0
535,0
111438,1
33753,0
125210,0
79138,0
127530,1
101010,1
165845,1
46745,0
27089,0
149844,1
133963,0
102520,1
113148,1
55447,1
78289,1
29166,0
33241,1
23594,0
153585,1
118058,1
58858,0
41741,1
110220,0
71260,0
105984,0
19811,0
64346,1
24429,0
26949,1
50298,0
163330,1
53815,0
25974,1
27782,1
152893,1
146004,1
71264,0
152093,0
30352,1
167464,1
29307,1
4327,0
170888,1
136471,1
52054,1
13609,1
95445,1
129458,0
180425,0
108061,0
88445,1
94791,1
138968,1
154681,0
108913,1
90694,1
80187,1
150711,0
135388,0
137207,0
68918,1
179222,1
135853,1
17403,0
139000,1
99236,1
124787,1
36306,0
115588,0
151489,1
94237,1
73225,0
166500,0
118611,0
154730,1
9714,1
137787,1
109705,1
162997,1
126080,1
35736,1
54788,0
90523,0
70375,0
167198,1
2274,0
24893,1
180341,0
110413,0
65866,1
100806,1
44156,1
86647,0
138888,0
71840,1
1272,0
173325,0
9429,0
180146,1
1885,0
107313,1
108675,1
131690,1
41574,1
1310,1
15032,0
100613,0
108872,0
88568,1
34974,1
69570,0
77756,1
64553,1
84469,1
134578,0
115124,1
30010,1
33554,1
50061,1
20992,0
5832,0
98229,0
58055,1
154108,0
113171,0
167161,0
5118,1
160815,1
173824,0
160511,0
110619,1
106609,1
69715,0
124818,1
32283,1
121639,1
51966,1
142704,1
86125,0
174411,1
87858,0
137534,0
9266,0
84298,0
50524,0
112394,1
19567,1
176455,0
137802,1
178548,1
41671,0
86974,0
29913,1
103129,1
42710,1
100227,1
54914,0
37568,1
65709,1
89703,0
5925,0
92856,0
131745,0
100511,1
32566,0
9327,0
39926,1
87842,0
124289,0
120121,1
154179,1
175462,0
106225,0
131681,1
27211,0
79681,1
162690,1
158601,1
30852,1
66107,1
145842,1
147219,1
120124,1
10618,1
147125,1
93463,1
180309,0
44913,1
35572,1
96053,1
132220,0
59550,1
158574,0
179976,1
88933,1
89582,1
111989,0
169229,1
125618,1
9685,0
144042,1
126968,1
134104,1
1434,1
118580,0
111620,0
123486,1
171519,1
107959,0
151725,0
94831,1
98372,0
96368,1
162450,1
49103,1
82209,0
45455,1
142883,0
152836,1
155010,0
140862,1
103711,0
67831,1
27035,1
107911,0
38050,1
33067,0
56457,1
51517,1
16665,0
37784,0
24876,1
72480,1
135578,0
75628,1
163087,1
46906,1
87931,0
108496,1
150235,0
156814,1
134205,0
30023,1
51310,0
113634,1
140266,1
91859,0
75832,0
108727,0
151629,0
10521,1
143183,0
13182,1
106892,1
34324,0
83445,0
159438,1
179993,1
134402,1
96932,0
32836,1
49832,1
149381,1
132120,0
111045,0
39322,1
12898,0
156576,1
57120,1
12824,1
170153,0
65028,1
136807,1
16704,1
56714,1
60819,0
10471,0
151232,1
82195,1
136035,1
5701,1
162070,1
45247,1
65151,1
46196,0
71032,0
12760,0
119250,0
142511,1
113313,1
163002,1
41575,1
126892,1
150435,1
28791,1
163862,1
54767,1
63683,0
37420,1
45599,1
9085,1
128578,1
6432,0
63603,1
109188,1
108340,1
73703,1
102646,0
121453,0
175691,1
136411,0
31801,1
165262,1
149717,1
57180,1
81377,0
38713,0
46436,1
150713,0
115446,0
55866,0
169392,0
83838,1
147397,0
44908,1
134535,0
116327,1
94236,1
18920,0
37993,0
72499,0
83395,1
41478,0
88442,1
26498,0
82914,1
177452,0
126461,1
96551,0
152384,1
177425,1
16724,1
6840,0
83585,1
105552,1
71728,0
15622,1
140815,0
118157,1
144537,0
125984,1
95686,1
93902,0
167349,1
164025,0
155346,0
141441,0
137817,0
53320,1
12949,1
2437,1
14879,1
150607,1
109364,0
49181,1
27166,0
52531,1
40050,0
445,0
142715,0
124150,1
13804,0
149242,0
36071,1
42292,0
130836,1
13299,1
135549,1
5106,1
178841,0
180380,0
53802,0
162470,1
21773,1
104172,1
18684,1
17491,1
153955,1
69489,1
1239,1
143542,0
53870,0
33008,1
85671,1
119025,1
4643,0
122276,0
176181,0
170297,0
158826,1
59363,1
94534,0
93010,1
72763,1
164744,1
9236,1
90760,0
102465,1
13973,1
123423,1
81874,0
31008,0
29683,1
87320,1
15395,1
79196,0
37962,1
173262,0
81439,1
56130,0
45406,0
162826,1
54015,1
131731,0
124372,1
138971,1
69604,1
58863,1
14644,0
154169,1
154493,1
68367,1
160960,1
152619,0
45348,1
33630,0
90368,1
153594,1
140045,1
118201,1
95588,0
7395,1
47244,0
155912,1
490,1
76569,0
48347,0
119289,1
59673,1
54715,0
133875,1
110539,1
126645,0
168886,1
59934,1
71205,1
158501,0
102382,1
96868,0
138793,1
65544,0
105161,0
169028,1
179012,0
146263,0
89820,0
96840,0
177756,1
149118,1
76414,1
113922,0
176237,1
118863,0
105,1
167561,0
150421,1
25671,1
154237,1
108297,1
3185,1
103780,1
11442,1
152276,0
48962,1
166402,0
63756,1
41637,1
67857,0
154422,0
99564,1
151683,0
27664,0
149756,1
68722,0
110330,1
21196,1
80267,0
48812,1
173758,0
151350,0
172286,0
30484,0
131772,1
172837,1
178666,1
52211,1
100586,0
179256,0
137690,0
162137,1
62352,1
116034,1
161106,0
145658,0
40068,1
60219,0
47231,1
96201,0
109432,0
145231,1
46210,0
34157,1
22560,0
88172,0
148614,1
30412,1
61368,0
56021,0
160271,0
127427,1
164854,1
122432,1
113469,1
132030,1
107893,0
100722,1
15858,0
132643,0
72046,1
18806,0
89242,1
44238,1
113519,1
88562,1
39801,0
71739,0
91201,0
127783,1
127933,0
34094,1
127322,1
51279,1
41670,0
171765,0
33434,0
21709,0
109243,1
150686,0
160631,1
142670,0
174915,0
113213,0
105550,0
21896,1
51882,1
20674,0
151715,1
34199,0
151760,1
24372,0
66375,1
104175,0
97130,1
15362,0
101279,1
33291,1
75580,1
139647,1
153019,0
10277,1
41806,1
153719,1
145308,1
12893,0
111684,1
161023,1
21481,1
151988,0
170170,0
68749,0
78698,1
83320,0
564,1
161160,0
159946,0
105379,0
52605,0
38402,0
90976,1
173989,0
55623,0
52931,1
35735,0
165935,1
54333,1
32965,0
98891,1
142605,1
68050,1
30026,0
98576,1
115911,1
174443,0
8194,0
156277,1
135030,0
63075,0
1989,0
28855,0
155869,0
28105,1
26947,1
165062,1
40619,0
53688,1
34751,1
83238,0
28557,1
84398,0
125284,1
98492,1
116084,1
92080,0
113540,1
130752,0
85915,0
123772,0
161333,1
3838,0
168902,0
143893,0
133630,0
112780,0
92024,0
124095,0
151421,0
8615,1
152430,1
142886,0
114484,0
18863,0
41427,0
101760,0
140341,1
170291,0
156999,1
6346,0
8859,0
78089,1
150986,0
179398,1
101961,0
117092,1
2941,1
152605,0
80423,1
56959,0
78688,1
86735,0
24542,0
142269,1
38268,1
79313,0
107947,1
14806,1
37089,1
134357,1
22800,1
116902,0
140377,0
90741,0
138278,1
147646,0
102244,1
124250,1
103678,1
68759,1
78323,1
141808,0
23124,0
7761,1
124524,1
68187,1
111599,1
15521,0
33652,1
66515,1
12805,1
88346,0
126880,1
126779,1
29382,1
124510,0
3365,1
122082,0
98866,0
100835,1
129350,0
70088,1
85311,1
55979,0
92331,0
143144,0
19370,1
133151,1
122201,1
15020,1
65579,1
74515,0
4801,1
131419,1
119834,0
90022,0
105974,1
54913,0
90567,1
69428,1
96229,0
157613,1
77719,1
34452,0
570,0
19309,1
116527,1
24375,0
58825,0
95609,1
2837,0
125869,0
49200,1
131577,0
178805,0
90720,1
154836,0
28018,1
17662,1
58875,0
112608,0
119318,0
135646,0
125842,0
62138,1
114806,1
117548,1
52607,0
152792,0
143330,0
55237,0
106618,1
139986,0
18558,0
43181,0
58333,1
159978,0
44279,1
155322,1
94545,0
151314,0
37600,0
90565,1
84588,0
134811,1
19431,1
16382,0
94225,1
47318,0
157020,1
90655,0
101685,1
14727,0
39778,0
140706,1
146829,0
75460,1
64872,0
172631,0
97569,0
118415,1
1356,1
18544,0
120962,1
99611,1
22769,1
85803,0
65822,0
42593,1
170225,0
18150,1
33100,1
97076,0
2550,0
107544,0
33247,0
68643,1
82166,1
49577,1
171138,1
134388,1
29545,1
151376,0
113370,1
106485,1
3857,1
56429,0
46569,0
45834,0
179925,0
24440,0
9730,0
133436,0
63149,0
27861,0
24187,1
2817,1
114630,1
71244,1
156932,0
46639,1
117149,1
90160,1
112168,1
24026,1
148580,0
131923,1
25355,1
16512,0
82508,0
60198,0
140589,1
57334,1
22606,0
35726,1
137655,1
153291,1
161451,0
103552,1
85609,0
12999,1
172486,1
39994,0
170436,0
165802,1
157361,1
120714,0
142193,0
124615,1
91689,1
70802,0
170607,0
105438,1
168250,0
13249,1
88498,1
179092,1
51,0
81979,1
144239,0
139572,1
151593,0
62881,0
158262,1
115354,0
17496,1
37577,0
157114,1
135026,1
156138,1
173205,1
160983,0
57904,0
112220,0
45376,1
175627,1
102931,1
127304,0
38677,1
114405,0
34238,1
108027,1
36687,1
78606,1
169098,0
112030,0
137132,0
90026,0
174708,1
96242,0
138229,1
77010,1
17926,0
139120,1
55529,0
17494,1
121578,0
32218,0
17376,1
15763,1
18666,1
71955,1
447,1
96798,1
126499,1
156808,1
142865,0
45491,1
157586,0
71372,0
165096,1
123457,1
3155,0
66223,0
48892,0
116251,1
93381,1
173798,1
38390,1
64131,1
32626,0
161718,0
87747,1
141315,1
153924,0
133447,1
176419,1
130583,1
30796,0
76010,1
29982,1
156976,1
163100,1
165206,0
20047,1
142349,1
56668,1
148955,0
1478,0
51878,0
94850,1
76341,1
118628,1
169565,0
154266,1
156781,0
128370,0
169010,0
53762,1
113644,1
168210,1
21125,1
112672,0
26398,1
146889,1
31914,1
73409,0
173903,1
124734,0
150231,1
152415,0
117328,1
170445,0
24781,1
153551,0
12190,0
125023,1
5617,1
38305,1
180260,1
134350,1
4326,0
27085,1
176942,1
132311,1
32794,1
2342,1
101862,0
62520,1
178641,0
146145,0
135762,0
162194,0
52658,1
32588,1
46839,1
155293,0
166669,0
43560,0
98628,0
138033,1
42525,1
83956,0
155007,0
47459,1
107097,1
173429,1
11255,0
46805,1
128569,1
176674,1
155448,1
55827,0
129779,0
152944,1
120819,0
58203,1
85004,1
160435,1
51441,1
31971,1
168165,0
63022,0
62606,0
102951,1
156041,1
135270,1
154517,0
117962,1
166060,0
10835,0
54482,1
40869,1
108030,1
29952,0
105400,0
70431,0
93961,1
146823,1
56156,0
24738,0
43513,1
147142,1
28089,1
50555,1
9188,1
165284,0
27534,1
152847,0
33881,0
32375,1
2682,1
7937,1
39362,1
176781,0
140066,0
14492,0
143587,1
139233,0
28231,1
121258,0
107751,0
32637,1
158979,0
113551,1
35230,0
142890,0
8378,0
70228,1
2857,1
162074,1
108447,1
106043,1
48483,1
18491,1
1826,0
20243,1
178696,1
129212,1
120698,0
16138,1
113321,1
124916,1
103741,0
5746,0
157379,1
79450,0
80706,0
27003,0
70748,1
68131,0
45106,0
17438,0
28741,0
56576,1
32562,0
146002,1
169104,0
129062,0
75601,1
109179,1
79901,0
14572,1
118116,1
101089,0
145336,0
17117,1
20035,1
109945,1
128745,1
6031,1
129673,0
26350,0
177706,0
91957,0
80067,1
125629,1
77860,1
132412,0
101619,0
138552,1
8485,0
8653,0
177995,0
76720,0
80428,0
32733,1
71561,1
115544,0
3090,0
2485,1
94671,1
177886,0
82840,0
119354,0
117799,0
117650,1
20390,0
46440,0
118070,1
103692,0
174046,1
48964,1
125481,0
68428,0
170651,1
86442,0
116402,0
23531,0
6150,0
178519,1
2122,0
59060,0
106719,0
93511,0
31528,0
49704,0
36716,0
85113,1
126463,1
94614,1
94936,0
157814,0
136019,1
128322,1
57402,0
156292,0
84443,1
15006,1
59718,0
30971,1
138392,0
168936,0
172289,0
12593,0
176566,1
173958,1
65277,1
141053,0
170821,1
157585,1
12705,1
70283,1
154069,0
143692,1
67064,0
3829,1
58644,1
156540,1
57055,1
127923,1
92776,0
21272,1
75809,1
43386,0
109149,1
10535,1
46989,0
125868,1
36501,1
52764,1
88906,1
6080,0
83901,1
59466,1
65389,0
55786,1
84757,0
27279,0
94377,0
43609,0
120688,1
350,0
6478,1
97037,0
58029,0
178933,0
22767,1
62752,1
24070,0
52588,0
124529,1
5148,0
58254,1
63347,0
115338,0
148887,0
118946,0
167105,0
73045,1
153147,1
173797,1
5979,0
21616,1
126131,1
153681,1
144841,0
164015,0
26483,1
151417,0
100209,0
67542,0
143372,1
116288,1
119234,0
3077,0
72277,0
92400,0
16343,1
100246,1
150833,1
134238,0
86279,0
69029,1
13051,0
85654,1
34538,1
124188,1
64710,0
84416,0
59593,1
139382,1
95621,0
69610,1
12906,1
161557,1
125578,1
67353,0
46205,1
695,0
18394,1
87831,1
174351,0
33732,0
131282,0
83934,1
122430,1
141054,0
141317,1
50257,0
99544,0
146730,1
115562,1
30490,0
55098,1
130885,1
72897,0
120068,1
84257,0
115460,1
163600,1
115468,1
167663,1
148598,1
92325,0
789,1
174861,1
127462,0
114470,0
170705,0
86676,0
111552,1
130118,0
103750,1
179893,0
106423,1
28657,1
11044,1
87273,1
75421,0
46198,0
113395,0
67494,1
3992,0
127034,1
9024,1
96311,1
161800,0
28475,0
102658,1
172160,0
99825,1
42527,0
2072,0
128657,1
79012,0
7696,1
177770,1
11905,0
49168,1
111194,1
73011,0
111191,1
152194,1
87085,1
15170,1
3180,1
43484,0
92996,0
56135,0
25741,1
73397,0
9493,0
103175,1
61147,0
53916,0
89165,0
135278,0
71279,1
135197,0
37266,0
79973,0
161771,1
171313,1
49238,1
133783,0
53597,1
116616,0
45019,0
9793,1
46949,1
142074,1
77924,1
170425,1
98434,1
62467,1
11049,1
26714,1
80888,1
13972,0
86157,1
120566,0
150233,0
17531,0
72100,1
83661,1
5627,1
114174,1
149161,1
133073,0
20176,1
168358,1
140092,1
12818,1
94572,1
10189,1
84079,0
7807,1
81390,1
124295,0
53330,1
81325,0
149317,0
65407,1
118234,1
29052,1
155520,1
128941,0
172039,1
43538,1
52661,1
51370,0
4038,0
18594,0
137003,0
2366,0
17575,0
149402,1
113705,0
109809,1
126725,1
162695,1
53521,0
128752,0
164704,1
107000,0
110787,1
44175,0
81102,0
88192,0
1096,1
152017,1
148702,0
47127,0
1193,1
149801,1
14299,0
49363,1
31252,1
128663,1
177850,1
126127,1
91872,1
105499,0
147838,1
44402,1
58480,0
159309,0
24436,0
98599,1
106762,0
5669,1
105064,0
112182,1
88826,1
42990,1
47309,1
167338,0
107055,0
177250,0
98770,0
122412,0
104612,1
97879,1
54911,0
125812,0
159901,0
113896,1
38368,1
11911,0
52033,0
134623,0
173806,1
126875,1
67363,1
158234,1
154622,1
102205,0
68281,0
40076,0
32894,0
7985,0
166508,0
44287,0
46828,0
178784,0
77988,1
24196,0
119495,1
91958,0
9917,0
84171,0
100965,1
143307,1
13358,1
17261,0
89232,1
74459,1
125743,0
139476,1
116574,0
49154,0
140099,1
162305,0
77389,1
34989,1
135378,1
64204,1
6477,0
86878,1
149575,1
93393,0
33802,1
157580,1
12315,1
85932,1
46539,1
70119,0
35674,1
44045,0
9432,1
54928,0
130896,1
24917,0
6096,0
116950,1
23961,1
87180,0
165837,1
95689,0
35200,0
76486,1
35448,1
13402,0
45152,0
143136,1
79038,0
112354,0
351,0
64419,0
3142,1
157484,0
149545,0
58512,1
9102,1
153073,0
68169,0
126872,1
53793,0
154552,0
66293,0
46175,1
173521,0
70675,1
138242,1
161457,0
60633,0
161555,1
18726,1
79777,0
100758,1
108587,0
111096,0
109241,1
20433,0
100682,1
167227,0
138933,1
38320,0
170948,0
123918,0
5705,1
159553,1
118170,1
44349,0
126019,0
77741,1
88421,0
145060,0
47834,1
5558,1
72771,1
72646,1
11245,0
1262,1
39542,0
141567,0
33577,0
96377,0
28047,0
32998,1
69083,1
161245,1
79047,1
51489,0
21758,0
95263,0
112577,0
86768,1
131843,1
169906,0
176015,1
19953,1
72576,0
112334,0
82359,1
52745,1
40383,0
135942,0
134146,0
141531,0
53818,1
77467,0
105267,1
153359,1
99407,0
158805,0
157028,1
46192,1
54966,1
2171,1
125790,0
58757,1
178721,1
97178,1
29514,1
82044,1
68136,1
155390,0
113793,0
27052,1
41019,1
61811,0
24986,0
159879,1
104553,0
29046,0
33220,1
9831,0
155065,1
116882,0
153724,0
172510,1
22304,1
75372,1
59428,1
138148,0
60136,1
130986,1
160685,1
128268,0
136367,0
132087,0
103510,0
73453,1
79246,1
67308,1
144573,1
137334,1
79741,1
40314,1
120744,1
70213,1
91620,1
21060,0
85574,1
57456,1
118041,0
31472,1
11462,1
169738,1
156145,1
157863,0
115616,0
34775,0
135213,0
154284,1
97780,0
84001,0
74817,1
124038,1
94110,1
75240,1
82164,0
155366,0
10180,1
10177,1
129098,0
138651,1
107434,1
30768,1
34472,1
69980,1
43914,0
50071,1
1555,0
116771,0
110180,1
20321,1
151179,0
13503,0
33153,0
177943,1
48807,0
74444,0
165435,1
23288,0
82173,1
461,1
127635,0
104767,1
132869,0
105215,0
14433,0
63115,1
21617,1
167164,0
99522,0
153877,0
103056,1
53418,1
159330,0
126120,0
7784,1
24240,1
94519,1
100703,0
52092,0
74685,0
147424,0
155201,0
43286,1
53135,1
64540,1
141318,1
83898,1
39769,1
112619,1
98008,1
80544,1
59660,1
134600,1
127519,0
124323,1
60066,0
89669,1
3281,0
160675,0
154847,0
149668,1
148170,0
130731,1
149535,1
166860,1
10853,0
144814,1
153609,0
169745,0
105970,1
132221,0
101963,0
85554,0
31244,1
28310,1
62959,1
86554,1
119747,1
130548,1
97555,0
70589,1
60571,0
165611,0
144898,1
131295,1
16004,1
56756,1
177735,0
59387,1
35953,1
124543,0
54947,1
166753,0
91206,0
51877,0
145813,0
109929,0
9414,0
61252,0
125313,0
108655,0
155209,1
158567,1
38071,0
168391,1
33157,0
142281,1
25260,1
95563,1
123809,0
152039,0
119233,0
23424,1
155389,0
131876,1
162577,0
51763,0
129003,1
31813,1
40132,1
10058,1
90817,1
32388,1
107399,0
124909,1
61877,0
139832,0
45936,1
94183,1
94011,1
7327,1
20438,1
2772,0
2290,0
175009,0
149295,1
4440,1
91231,1
98285,1
114040,0
144596,1
92283,1
138692,1
68251,1
45163,1
5451,0
153901,0
178764,0
166328,0
163079,1
105839,1
51720,1
87789,1
180319,1
44877,0
91944,1
176675,1
102127,0
69289,0
126822,1
894,1
21612,0
31996,0
38333,0
64402,0
94758,0
137357,1
37194,1
107169,1
157045,0
159841,1
3036,0
70809,0
32312,1
69929,1
117766,0
56298,0
18768,1
144892,0
92914,0
75307,0
45295,0
156947,1
178624,1
8422,0
13448,1
67515,1
39553,1
35084,1
135865,1
61966,0
27894,1
153105,0
67014,1
177074,0
179191,0
42980,0
25847,0
148205,1
3495,0
162376,1
145487,0
3271,0
152226,1
145178,1
47340,1
103482,1
173931,0
165099,1
27577,1
43210,0
174272,1
48603,1
142451,1
161319,1
171757,1
33086,1
136435,1
133227,1
126740,0
125864,1
75225,1
153839,1
103005,0
101882,1
111885,1
171648,1
162579,0
16,1
169470,0
170336,1
23409,1
3999,1
29607,1
172627,0
22848,0
64680,0
90432,1
73456,0
55626,0
43878,1
18950,0
27910,0
172066,1
118963,1
54106,0
1015,1
95766,1
172902,1
79317,1
104427,1
122506,0
137377,1
159464,0
30586,1
132338,1
95330,1
147160,1
130333,0
62231,1
15259,0
104666,1
38424,1
6967,1
87530,0
155265,1
83247,0
113211,0
162837,1
153256,1
1366,1
47137,0
109645,1
67593,1
93330,1
23774,0
10554,0
45342,0
120469,0
7188,1
160322,1
147459,0
61476,1
63808,1
165535,1
2006,1
105312,0
133654,1
32680,1
56465,1
1359,1
118305,0
49818,0
69340,1
121877,1
19006,1
154255,0
126219,0
24358,0
76180,0
174914,1
45945,0
62984,0
70522,0
155755,0
26752,1
96511,1
74998,0
125065,0
74458,1
132828,0
169936,1
43402,0
112643,1
110114,0
2763,1
169617,1
36899,1
105505,1
69897,1
120941,0
131084,0
6274,1
104796,1
81600,0
79953,0
118324,0
86750,0
171820,0
104464,1
68925,1
16084,0
93939,1
156712,0
53304,0
90385,1
164771,1
149495,0
58427,0
42672,0
131646,1
107190,0
50505,1
141677,0
169496,1
116981,1
98600,1
94890,0
160326,1
17449,1
118800,0
60132,1
7086,1
95463,0
132727,0
117393,1
10718,0
161830,0
34479,1
161062,0
170539,1
37562,1
3079,0
60608,1
14726,0
71782,0
165136,1
74771,0
174879,1
154383,1
174159,0
175220,1
54373,1
43666,0
130582,0
161513,1
49234,1
126654,1
156198,0
40917,1
169833,1
41674,1
14703,1
50041,0
155278,0
71897,0
136828,0
72120,1
12602,1
95230,0
39893,1
17808,1
91854,0
32853,0
48607,0
36739,1
156301,1
59935,1
2755,0
165307,1
10604,0
32005,0
115505,1
64958,1
78628,1
4455,0
171210,1
154884,0
130870,0
32363,1
88770,1
117736,1
96734,1
57666,0
167593,1
116787,0
45653,1
94855,0
145493,0
133115,0
150654,1
109584,0
91428,1
8014,1
147038,1
1426,0
30228,0
15385,1
110162,1
100393,0
130912,1
177799,1
89487,1
89193,0
173926,1
52336,0
64406,0
148405,0
67052,0
38514,0
84105,1
43930,0
70853,1
70979,0
54697,0
104815,0
44030,1
84941,0
18857,1
112627,1
104821,0
126399,0
36661,0
41202,0
135496,0
44733,1
28742,0
90709,1
25473,1
131898,1
64953,1
90733,0
80732,1
11660,1
30731,1
138239,0
98393,1
57958,0
164267,0
153405,0
97563,1
161252,0
26575,1
24179,1
31177,1
96459,1
128882,1
146169,1
133835,1
121440,1
32317,1
137133,0
29327,0
109498,0
10503,0
150827,0
154394,1
53266,1
17054,0
121497,1
107618,1
35312,1
58414,1
42343,0
116518,1
42999,0
160998,1
27379,0
60790,1
137147,0
81230,0
155170,1
170699,0
16606,1
153069,0
100295,0
81275,0
100061,0
76058,0
8355,1
145475,1
109529,1
146800,1
41393,1
61228,0
118362,0
165519,0
23007,0
37598,1
149007,1
68781,0
27532,1
130163,1
163597,1
140255,0
2447,0
82985,0
107213,1
51364,0
8892,0
42314,1
119204,1
118329,0
64861,0
151605,0
96592,1
57617,1
116602,1
1025,0
98863,0
22421,0
4550,1
95895,1
59305,1
94072,1
105913,0
12663,0
86686,0
159510,1
32504,0
148568,0
72967,0
4849,0
113977,0
13739,0
11715,0
46650,0
162138,1
143748,0
59830,1
131399,0
56591,0
117235,0
55907,0
37027,1
95351,0
45214,1
20347,0
105067,0
21962,1
141857,0
169484,1
115532,1
94139,0
156047,1
140170,1
28142,0
147123,1
51071,1
122000,1
138474,0
172404,1
138520,0
178759,1
176293,0
83546,0
60757,1
95444,1
95561,1
73713,1
101406,0
54476,1
67999,1
74706,1
107764,1
132025,0
167616,1
30616,1
33539,1
146720,0
81886,1
116063,1
158421,1
171580,1
96255,1
158232,1
137239,0
162958,0
114221,1
158539,1
12785,1
36533,0
95707,0
97587,1
75964,1
172416,1
137928,1
113759,0
150928,0
91237,0
74964,1
126961,0
69304,0
146218,1
100901,0
8770,1
73576,1
83581,1
128557,0
71698,1
15828,1
102098,1
162144,0
78288,1
147516,1
143551,1
42488,0
72626,1
162299,0
32474,1
52525,0
23833,0
121768,1
56376,0
38767,0
18127,1
50746,1
15127,0
19527,1
72093,0
91823,1
154086,1
125501,0
73044,1
105512,0
42203,0
127885,0
60451,0
76828,1
31500,1
60197,1
2419,0
143913,1
102384,1
120895,0
88539,0
149963,0
67672,0
33990,0
80778,1
57690,0
123618,1
120220,0
152395,0
176857,0
82305,0
171843,0
119627,0
29034,1
158033,1
11645,1
37679,0
15935,1
29270,0
2445,0
26443,1
77056,0
151453,1
110589,1
134393,1
113386,1
162053,0
62870,0
54670,0
101417,0
104604,0
45943,0
75103,1
173371,0
154977,1
31743,1
45919,0
121603,0
35167,0
163635,1
32828,1
152094,0
154174,1
160402,1
23863,0
71658,1
143080,0
102484,0
158057,0
12195,0
174462,1
128133,1
130723,1
107875,1
72077,0
64693,1
169660,1
117282,1
18657,0
97636,1
139715,1
174428,1
141266,1
59653,1
101617,1
34739,0
149204,1
170386,0
175310,1
94214,0
102985,1
7129,1
138830,1
106767,0
179243,1
149207,0
114917,1
3800,1
65209,1
33889,1
116667,1
133501,1
13605,0
5919,1
54825,1
132875,1
115235,1
87991,0
140085,0
66428,0
155017,1
5761,1
113699,1
45683,1
86297,0
39419,1
156500,1
146831,0
25851,0
114908,0
76355,1
111511,0
21855,1
64245,0
62438,0
133244,0
106894,1
163035,1
45203,0
164953,1
112701,1
1469,1
85216,1
112055,0
150485,1
94269,0
66035,1
7403,1
179795,0
75210,0
159821,0
101753,0
147073,0
79852,0
166694,1
34357,1
48980,0
73436,0
152318,0
16745,1
61827,0
6648,1
167241,1
17674,1
95659,0
170186,1
118826,0
34395,1
87913,1
40197,0
72985,1
169193,0
18026,1
175766,0
9968,1
100495,0
41264,0
129015,1
36140,1
92592,0
162151,1
95251,0
76132,0
44079,0
45692,0
43889,1
117025,0
124886,0
130203,0
98456,1
42950,0
44269,1
6941,1
103567,1
58268,0
52203,0
56705,1
8579,1
142385,0
38167,0
20373,0
34240,1
106123,1
172239,0
140719,1
44261,1
139051,0
23984,1
138437,0
124222,0
108020,0
110706,0
92610,1
31220,1
8420,0
99104,1
158940,1
116946,0
19914,0
2243,1
175527,0
173755,1
179933,0
133773,1
135656,0
108474,1
4961,1
113011,1
56652,1
82690,0
53954,1
11508,0
118192,0
132494,1
177557,1
134153,0
30952,1
61484,0
31395,0
23786,1
67417,0
162907,1
17800,0
126504,1
72717,1
112902,1
171639,0
121987,1
74610,1
97484,1
171761,0
152438,1
45648,0
164649,0
156534,0
126532,0
38592,0
108379,0
7767,1
67172,0
63487,1
9191,0
75020,1
9997,0
156405,0
102277,1
125852,0
154087,1
82294,0
53479,0
64895,1
163616,1
57942,1
24696,1
100587,0
54515,0
83306,1
30685,0
74765,0
2883,0
106907,1
15257,0
21941,1
95425,1
51932,0
11661,1
111805,0
156230,1
106367,1
30763,1
72562,1
165898,1
168326,0
23742,1
21412,0
164128,0
129919,0
3667,0
1237,1
84455,0
95611,1
7871,0
97284,1
27232,1
128727,0
16100,0
30416,1
127879,0
170439,0
41049,0
97317,1
150239,0
147977,1
89219,1
119073,0
32882,0
139393,1
60260,0
12166,1
122883,1
78305,0
41499,0
101903,0
169461,1
64292,0
147498,0
24931,0
52704,1
90404,0
32838,0
47585,0
7873,0
9026,0
103317,1
91908,1
95844,1
135591,0
65425,1
95905,0
110800,1
83814,0
175802,1
146240,1
167871,1
90672,0
59546,1
67054,0
57903,0
12853,0
9512,1
42162,0
144623,1
49708,0
41641,1
174680,1
6437,1
87812,1
63028,1
44927,1
48634,1
59909,0
145973,0
175959,0
86273,0
13168,0
6674,1
62375,0
49590,1
77720,1
14719,0
153493,1
137915,1
40558,0
168758,1
33997,1
44443,0
2022,1
112947,0
8520,0
20788,0
126692,0
106839,0
171197,0
174791,1
21083,1
161189,0
14822,1
48738,1
113809,0
65408,0
122334,1
86101,0
47777,0
109307,1
42153,1
154089,1
167178,0
114771,1
95697,0
86195,0
138952,1
28626,1
90588,0
93317,1
41204,0
5049,0
110694,1
162003,1
117706,1
28193,1
50694,1
178550,1
109102,0
109797,0
61663,1
114847,0
93632,0
8335,1
26327,1
29925,1
165966,0
177435,1
106858,1
134276,0
139562,0
178395,1
131242,1
68492,0
17035,1
135564,1
106099,1
140,0
152263,1
31896,0
42064,1
89718,0
110358,0
115104,0
53414,1
105776,0
21067,1
178467,0
168172,0
153631,1
4115,0
123126,1
54783,1
90495,1
8201,0
96606,1
125930,1
155239,0
139937,1
132781,1
164783,1
26926,1
83107,1
24528,1
114473,1
151764,0
125067,0
15895,1
30243,1
82781,1
19919,0
131051,1
49133,1
41918,0
143676,1
164829,1
167584,0
132227,0
42945,1
71391,0
175994,0
56659,1
61551,0
147527,1
115958,0
83422,1
152025,1
90341,0
90107,1
38097,0
72867,0
149881,0
176124,0
8326,1
113302,1
17167,0
41623,0
147241,0
59117,1
54240,1
177811,1
115977,1
153769,1
69718,0
49664,0
154590,0
8134,0
9806,1
157918,1
155962,0
1031,0
144703,0
16789,1
113786,1
104287,0
179064,0
70778,1
173238,0
38617,0
116129,0
73779,1
56275,1
165081,1
137922,1
27435,0
56299,0
111488,1
176106,1
121404,0
121452,1
134989,0
110301,0
8291,0
165046,1
29859,0
25605,1
51717,1
70742,0
160564,0
70205,0
116900,0
3496,1
13512,1
159610,1
168205,0
18384,1
17539,1
72691,0
176397,1
8577,1
170557,1
70461,1
18037,1
51450,0
144761,1
112605,1
44388,0
85511,0
22025,0
33824,0
18070,1
124017,1
169308,1
141029,0
153667,0
96402,1
86308,1
155313,0
120061,0
179321,0
37865,1
11845,0
107117,1
63853,1
140995,1
137823,1
17913,1
161757,1
80228,1
151806,0
20581,0
96074,1
163660,1
60910,1
131010,1
79603,0
1338,0
178434,0
57256,0
103075,0
7804,0
109302,0
20705,0
168496,1
167154,1
34831,0
92642,0
55137,0
97979,1
135687,0
15473,1
168469,0
70005,1
104504,1
170628,0
146839,0
153106,0
3398,1
43991,1
66088,0
172833,1
110600,0
6306,0
9430,0
33669,1
35579,0
48675,1
102947,1
44781,0
110460,0
126894,0
57040,1
50522,0
121109,0
133978,0
164062,1
152274,0
90383,1
126068,1
54452,1
155050,1
96054,1
140849,0
90009,0
170458,1
71496,0
115983,0
138646,0
81213,0
139256,1
62351,1
175060,0
48373,0
141427,1
119513,1
139932,0
10456,0
16901,1
42859,1
83128,1
72746,0
169802,0
127116,0
92321,0
1866,1
156785,0
120462,0
46284,0
144881,0
120114,0
124010,0
118582,0
152211,1
175122,0
170766,0
107582,0
95976,0
82212,0
18890,0
107956,0
114927,0
35304,0
91642,1
72270,0
168926,0
123621,1
114697,1
160339,0
43557,1
64110,1
125087,0
23664,0
98339,1
127403,0
108052,1
15054,0
177308,1
20360,0
73017,0
6033,1
160587,1
150699,0
108491,1
149314,0
132419,1
124583,1
138359,1
11498,1
45932,0
18683,1
8228,0
146405,0
75888,1
38558,0
64475,0
2813,1
113332,0
68217,1
93584,0
42687,1
176505,1
53359,0
131358,1
43923,0
61249,0
172457,1
129889,1
120243,1
99294,1
68423,1
18473,0
68586,1
11371,1
113989,1
58150,1
7185,0
49568,1
115141,0
41908,1
10368,1
75972,0
105949,1
130190,1
76684,1
110072,1
114896,0
58343,0
96483,1
95054,0
117080,1
172670,1
31878,0
68883,0
43432,0
12821,1
75126,0
108076,1
171762,0
111352,1
137581,0
47760,0
117906,1
108920,1
58114,1
112876,0
135899,1
173924,0
110326,0
2892,1
134425,1
166295,0
125216,0
41560,1
171864,0
155085,0
161257,0
95828,0
157202,0
20325,1
176408,1
98361,0
106539,1
133144,0
124509,0
88056,1
18538,0
180313,1
45113,1
49872,0
87810,0
111726,0
149382,1
28384,0
129589,1
64657,0
91205,0
31480,0
132395,1
138391,0
165609,1
164839,1
80739,0
128032,0
1295,1
26233,0
178221,1
60318,1
140248,0
62027,1
157089,0
35702,1
162823,1
161416,1
122056,0
63669,1
51599,1
94704,1
157940,0
156200,1
117170,1
168263,1
110183,0
131306,0
107403,1
78348,0
75673,1
97589,1
41667,1
167279,0
140267,1
123243,0
69640,0
154224,0
43445,1
45201,0
175169,1
67960,1
30350,1
108479,1
123569,1
28487,0
152871,1
19423,0
91110,0
107471,0
57544,0
145418,0
172934,1
78610,1
82,0
176376,0
151996,1
78613,1
114930,0
2440,1
153416,0
3950,1
163853,0
93306,0
13542,1
48840,1
143845,0
47887,1
108948,1
69358,1
76066,1
142721,0
97593,0
163265,1
14385,0
25940,0
95378,1
170000,0
21732,0
159265,0
93051,1
14269,1
32640,1
34466,1
57403,0
110558,0
73549,0
55152,0
128500,1
75950,1
153490,0
163098,1
59780,0
168880,1
55661,1
26492,1
121506,0
167334,0
170832,0
143518,0
142636,1
24226,0
98787,0
166073,0
72491,1
56667,1
156353,0
79242,1
64570,1
23508,1
40781,0
54443,1
177628,0
132698,0
36315,0
138463,1
29675,0
68058,1
7994,1
1201,1
70047,1
178919,1
160514,0
168620,1
79071,0
4521,1
75861,1
150036,0
75265,1
104847,1
155879,0
84472,1
168533,1
32180,1
141755,1
86346,1
73180,1
100093,1
127119,1
65026,1
2719,1
11434,0
26587,1
13031,0
9171,1
113456,1
76487,0
173104,1
50783,1
138079,0
97453,0
175397,0
158521,1
35282,0
136313,1
30497,0
50769,0
19631,0
140972,1
94903,1
141601,1
177434,1
89245,1
48240,1
152376,1
107171,1
159039,1
45983,0
140798,1
92963,1
33373,1
61445,1
144353,1
176653,0
90865,0
114691,0
78472,1
32672,1
76477,1
23748,1
149504,0
138131,1
28912,0
123340,1
110036,1
20339,0
176493,0
34927,1
175868,1
178095,0
176143,0
33656,0
115827,1
57946,0
23238,1
122534,0
146909,0
88270,1
19609,1
148526,0
68762,0
32534,0
108337,1
49266,1
125200,0
142150,1
27559,0
177146,1
58509,1
170121,1
12352,1
107927,1
66312,1
24218,0
143515,1
79385,0
173107,1
71321,0
97846,1
42630,1
76955,0
86026,1
132959,1
177689,1
141637,1
7238,1
156411,0
52163,1
52850,0
88755,1
98604,0
43358,0
120262,1
87296,1
118887,0
28815,0
12005,1
143950,1
172579,1
57974,1
135204,0
114393,0
63848,0
12516,0
22271,0
3439,0
114394,0
98170,0
94238,1
64035,0
124720,0
133592,1
124481,0
103576,0
165378,1
1084,0
35155,0
16109,1
52664,1
168772,1
11417,1
104451,0
128798,0
89279,1
133389,1
72026,0
130859,1
26650,0
109869,1
118657,0
143181,1
87161,1
50160,1
118911,1
5647,1
20439,1
41008,1
23543,0
126079,1
177963,0
66254,0
72433,1
84784,1
107226,1
54289,1
3121,1
110166,0
17335,0
941,1
17600,0
176205,1
92026,0
12903,1
36898,1
11452,0
43608,0
50295,0
117964,0
89231,1
47778,0
96866,0
132832,0
140177,0
23618,1
157241,1
137616,1
141282,0
163105,0
127240,0
10650,1
157461,0
114069,0
143204,0
68801,0
120784,0
173153,1
148193,0
41740,1
961,1
71310,0
67744,1
82866,1
163731,1
84291,1
161945,1
139872,0
148434,1
174199,0
120609,1
63491,0
69362,1
133684,0
135358,0
128706,1
147533,1
25975,1
129877,0
112103,1
67618,1
19937,0
166984,0
53044,1
70164,1
9261,0
28859,0
27293,1
32871,0
28111,1
90387,1
114181,1
27136,0
41754,0
16954,1
114073,0
98018,1
8271,1
157179,1
22152,1
163803,1
85042,0
76908,0
162356,0
133098,0
102705,0
126051,0
77772,0
86468,0
86571,1
60285,1
155746,1
108414,1
34048,1
163069,0
125729,1
65218,1
84699,1
13240,1
40891,0
16609,0
152007,0
33924,0
178241,1
81317,1
158838,1
173142,0
4007,1
128686,1
113725,0
104398,1
70438,0
159153,1
176822,0
59528,1
123497,0
148973,0
170601,0
125906,1
122620,1
155656,1
61294,0
146954,0
44111,0
164503,1
80659,1
134740,1
58931,1
72666,1
150490,1
22474,1
146047,1
122354,1
47266,0
4965,1
57426,1
99491,1
110044,0
129256,0
78925,1
132649,0
139719,1
53537,1
63098,1
138386,0
177427,1
58108,0
66986,0
62890,0
169030,1
149920,1
144299,0
55427,0
25638,0
9439,1
178208,1
20800,1
136092,1
77107,0
101867,1
120122,1
12534,0
129843,0
165892,1
59000,0
43254,0
42262,1
61908,0
22303,1
28007,0
157002,1
5976,0
26609,1
71842,0
161304,0
150653,1
154940,0
70418,1
115665,0
61955,1
131201,1
125272,1
153671,1
21029,1
56622,1
102856,1
173772,1
170455,1
59707,1
169892,0
75981,1
140530,1
89071,1
27502,1
146174,0
70339,1
29088,0
1388,1
94218,0
138538,1
83757,0
1136,1
115160,1
81863,1
124962,0
142630,0
40731,1
167483,0
133881,0
113353,0
78119,0
65542,0
138130,1
78212,0
71007,0
71195,1
65815,1
46103,1
92386,1
68459,1
3259,0
3385,0
29903,1
17527,0
52803,1
56232,0
99251,0
74370,0
40229,0
70388,1
132799,1
21701,0
83696,0
125152,1
126540,1
108344,1
14318,0
62665,0
81096,1
121825,0
36978,0
151457,0
141888,0
116837,0
91960,1
15124,0
76209,1
149453,0
24566,1
135387,0
109673,0
28054,0
18540,0
137790,1
83155,1
165911,0
144104,1
104134,1
153963,1
138593,1
167599,1
144953,0
24183,1
10216,1
10586,1
121420,0
118524,1
40977,0
101483,1
168359,1
85843,1
12830,1
43318,0
29665,1
91804,0
20287,0
148101,1
2693,0
62526,0
152419,0
7229,0
110164,0
157854,0
144756,1
14348,0
99313,0
125014,0
120478,0
134605,1
88814,0
107840,0
69453,1
68286,1
110612,0
61754,1
120593,1
179382,0
8141,0
39187,1
169647,1
135771,1
25916,1
103705,1
169187,1
40867,1
99724,1
61441,1
82698,0
113426,0
97642,1
133033,1
170274,0
33502,0
86586,0
179962,0
165371,1
61079,0
21875,1
105599,1
164068,1
7340,1
155824,0
6037,1
85464,0
46382,1
125101,0
127776,0
38138,1
176045,0
104156,0
150088,1
134798,1
132911,0
171424,1
48254,0
106551,0
165269,0
145810,1
155886,0
68912,1
75818,1
68962,1
82675,1
26131,1
25840,1
2792,0
95478,0
27034,0
111604,1
109186,0
101393,0
65892,0
74372,0
90485,1
133292,0
144076,0
4635,0
139501,0
125898,0
83876,1
149257,1
37529,1
12441,1
10576,1
8809,1
38950,0
76078,1
166070,1
93351,0
13117,1
97072,0
48263,0
39058,1
143368,1
152138,0
101911,1
119961,0
167517,1
18483,1
34084,0
73731,1
160603,1
24553,1
14196,1
138784,0
39550,1
30716,0
48673,1
39367,1
29335,0
64443,1
84717,1
122058,1
106183,1
24092,0
171642,0
97381,0
23563,1
67319,1
19575,1
19942,1
65509,0
165710,1
59317,0
126432,1
139479,1
141841,1
23374,0
53302,1
70942,1
179111,1
64591,1
76427,1
161680,1
20572,1
143955,1
167343,0
68447,1
105706,1
47088,1
57890,0
139816,0
116141,1
49838,0
173907,0
38707,1
110339,0
6393,0
37627,1
25608,1
93559,0
78997,0
25520,1
44100,1
15815,1
141175,0
126095,1
15978,1
35552,1
145408,0
83959,1
159173,1
139840,1
102602,1
77391,1
84904,1
1042,0
114888,0
15258,0
22477,1
178673,0
121933,0
122897,1
33174,0
153520,1
41643,0
67649,0
100696,1
121682,1
111893,0
6789,0
23017,0
78471,1
154689,1
67239,1
143298,1
175651,1
71554,1
62180,1
157059,1
175153,0
112900,1
5610,0
53607,0
37765,0
51366,0
115668,1
10259,0
116577,0
74980,1
33390,0
41803,0
177762,0
9896,1
81893,0
50734,1
287,1
124360,1
158170,0
18700,0
159435,1
61326,0
116751,1
132814,1
100078,0
53276,0
45689,0
168673,0
41104,0
124378,0
115228,1
51152,0
122089,0
174514,1
142838,0
13746,1
132912,1
85466,0
78101,1
126929,1
113856,1
140527,1
173855,1
1799,0
33516,1
63146,0
36470,0
44421,1
75435,0
91010,0
137573,0
158401,0
59291,1
36560,1
17579,1
51390,1
147436,0
152720,1
91614,1
77098,0
81759,1
13504,0
178475,0
28854,1
117230,0
18668,0
90237,1
91766,1
145744,0
125956,0
75124,0
82049,1
15047,0
102769,0
73993,1
103716,1
153275,1
46914,1
71103,1
135185,0
107499,0
83472,1
142251,0
387,1
34530,1
133605,0
72236,0
139455,0
37310,1
56618,0
154842,1
29032,1
146114,0
91755,1
51452,0
17012,1
1758,1
174060,0
164276,1
41231,0
81523,0
19974,1
149996,1
130806,1
171641,0
141660,0
161356,1
111320,1
136776,1
19562,1
60944,1
120323,0
51652,1
61313,0
10024,1
153487,0
47070,1
170007,0
172410,1
40282,0
14582,1
91403,1
38481,1
106728,0
74838,1
172658,1
48157,0
149693,1
85423,1
49377,1
70886,1
180407,1
92799,0
55291,1
162319,0
58124,1
111244,1
127715,1
35755,0
151178,0
61401,0
47693,0
140165,0
94395,0
18292,1
95683,1
20743,1
61089,0
150074,1
167063,0
161701,0
4948,1
154532,0
4459,1
164350,1
110776,1
129955,1
32470,1
131451,1
96820,1
90695,1
27329,1
100834,1
83666,1
42249,1
65161,1
167432,1
114904,1
115286,1
148329,0
50664,1
115236,1
30080,0
8958,0
37252,1
90988,0
112085,0
89809,0
44787,1
24872,0
84087,1
147585,0
161464,1
14213,0
69115,1
7790,1
173742,1
34949,1
133319,0
21328,1
72622,1
65266,0
40200,0
131625,0
55556,0
135598,1
140797,1
102991,0
100439,1
171550,0
142503,1
108276,1
20288,0
15810,0
16927,1
100089,0
34358,0
178742,1
32143,1
43084,0
26017,0
90734,0
88120,0
25912,1
90574,1
127109,0
26915,0
47796,1
167670,1
11364,1
77336,1
165544,0
80847,0
78396,0
154787,1
179185,1
102789,0
51197,0
15469,0
28088,0
153544,1
63595,0
173169,0
87953,0
90287,1
126253,1
18456,1
128110,0
161992,1
167710,1
115091,1
116200,0
65553,0
158413,0
67901,1
32113,0
174417,0
62613,0
43658,1
109708,1
143483,0
174778,1
91385,1
97834,1
79441,1
122559,0
14383,0
87307,0
71694,1
47100,0
177180,1
67788,0
32255,0
47310,1
22887,1
11888,0
150252,1
137724,0
18964,0
97676,1
99697,0
57981,1
38302,1
98365,0
139180,0
61649,1
47933,0
141071,1
103756,1
20920,0
120464,0
134275,0
36966,0
128827,1
20037,1
112581,1
2633,1
118593,0
135208,0
64011,1
99441,1
151972,1
162150,1
98274,1
130993,0
74358,1
18901,1
77070,1
68967,0
67502,0
62555,1
172508,1
11611,0
155133,0
44638,0
179447,1
156699,1
164370,0
92687,1
67220,0
60776,0
151391,1
149807,0
13360,1
15168,1
159696,0
58848,0
89984,0
47458,1
117054,0
146923,1
28481,1
93795,0
55148,1
121563,1
178386,1
112176,1
39225,1
89174,1
139948,1
89895,0
121914,1
65750,0
34515,1
93083,1
65958,1
96371,1
126711,1
171643,0
156037,1
76856,0
156806,0
154103,0
142147,1
105080,0
40347,1
155882,0
21246,1
173027,0
163723,1
73701,1
142229,0
152003,0
151302,0
15518,0
175918,0
151014,1
118374,1
46308,0
5871,0
77153,1
121870,0
177563,0
145593,1
34300,1
139321,0
26853,0
22226,0
24531,1
112970,0
12892,0
112453,1
171318,0
82330,1
21844,1
5373,0
27407,1
132817,1
140363,0
112688,0
13209,1
102651,0
115956,1
167218,0
150807,1
91017,0
6153,1
71691,0
172765,0
70080,1
171373,0
23118,0
35829,1
101639,1
5731,1
76448,0
170750,1
52792,0
72804,1
87751,0
60637,1
49004,1
85920,1
61819,1
155694,0
6109,1
118671,0
149499,0
112949,0
106447,1
57092,0
29087,0
173646,1
3473,1
60371,1
147394,1
47382,1
25737,1
54455,1
94327,1
16568,0
79540,1
107708,0
2534,1
15648,1
144568,1
87859,0
112396,0
173002,1
140392,1
163958,1
103522,0
123956,1
63257,1
155500,0
138666,1
132854,0
41474,1
133088,0
88149,0
127342,0
29737,0
62598,0
98509,1
129592,1
56216,0
129077,0
28230,1
43054,0
125859,0
159543,1
156654,0
122879,1
139835,1
40629,0
148764,0
42735,0
71074,0
138411,1
83217,1
42483,0
85816,1
141003,1
123937,1
72106,0
37860,1
150284,1
14123,0
155794,1
175284,0
91554,0
106387,1
136846,1
113462,0
115001,1
81024,1
116201,0
37955,0
45856,1
131686,1
92964,1
85384,0
179775,0
155328,1
55491,1
18852,1
61173,1
25745,0
38129,1
52927,0
110815,1
73967,1
115990,1
24397,1
61573,1
17324,0
104916,1
121114,1
54249,0
147331,0
175190,0
176183,0
122759,0
3843,0
82967,0
122438,0
81086,0
2135,1
10348,0
47541,1
91933,0
108685,1
113878,1
76936,1
121049,1
129205,0
111971,0
67390,0
63509,1
94285,1
42085,1
97645,0
139496,1
83406,0
40776,0
59870,1
172247,0
49142,1
162193,0
1501,1
7485,0
90399,0
10077,1
97942,0
93339,1
20204,1
146780,0
135138,0
124161,0
143008,0
121536,0
69832,1
126759,0
93012,1
12429,0
146254,1
171653,1
177537,0
37274,0
106016,0
86592,0
122540,1
35995,0
90210,1
149446,1
172732,1
163065,0
2868,1
133131,0
121769,1
179700,0
156880,0
78220,0
120710,0
68035,1
116203,0
12870,0
142254,0
54863,1
41247,1
90097,1
83061,0
14635,0
83889,0
178967,1
1091,0
109458,1
80351,0
110052,1
6245,1
95362,1
115848,0
89670,1
79067,1
142183,1
14138,0
87257,1
99532,0
138070,0
123474,1
84543,0
80914,0
147279,1
106846,0
33675,0
10550,0
69779,1
162005,1
14016,0
139601,0
156624,1
126317,1
16962,1
162818,1
137428,1
11059,1
5687,1
26597,1
44232,1
34876,0
76941,1
61400,1
102114,0
126760,1
44648,1
154534,0
1786,0
96807,0
13251,0
122886,1
8321,1
39641,0
109481,0
169157,1
121031,0
117655,0
88400,1
151050,0
157278,0
66197,1
29158,1
97480,1
140555,1
75209,0
99901,0
106927,0
135981,1
87503,1
107059,0
74064,0
125642,1
126403,0
16064,1
164964,1
54657,0
179500,0
33971,0
44357,1
163816,0
40877,1
118181,0
49969,0
38980,1
67394,1
88984,0
138492,1
25269,0
94593,0
9552,1
138030,0
97163,0
48994,1
123356,1
91113,0
116649,0
12179,1
134522,1
32092,1
76960,0
174980,0
163444,1
49384,1
37413,1
20564,0
22673,1
145246,0
40071,1
44068,0
171145,0
103949,0
166674,0
145816,0
81055,0
21530,0
153707,0
163789,1
171251,1
122242,0
143671,1
37532,1
73679,1
9136,0
10953,1
122068,0
69344,1
136462,0
67499,0
165141,0
88266,1
74625,1
131334,1
148432,0
101853,0
120792,0
169141,1
176610,1
124515,1
101968,0
69748,0
177174,0
18056,0
126407,0
40468,0
83294,1
44363,0
100583,0
66652,1
145935,1
12165,1
49597,1
149811,0
93209,1
3804,1
105526,0
21157,0
178838,1
30856,1
83233,0
41568,1
60963,0
121789,1
101485,1
49507,1
88620,1
69377,0
142372,0
100845,1
9706,0
80184,0
152141,0
31862,1
100040,0
65868,1
89605,0
167904,1
76236,0
14075,1
179748,0
46664,0
162082,1
97847,1
124201,0
33376,1
101796,0
92282,0
79157,0
111993,0
32188,1
108312,0
58088,1
4357,0
84172,0
146061,0
78737,1
110322,0
80013,1
119462,1
154594,1
86698,1
144398,1
163190,0
93166,0
162456,1
84773,0
60003,0
178525,1
159338,0
6983,0
108539,1
178414,1
129023,0
24065,0
57914,1
117131,1
65280,1
24895,1
7795,1
119721,0
43600,0
59967,1
155955,0
151682,0
57435,0
16256,0
127358,0
59591,1
108936,0
68793,1
153267,1
33238,1
103117,1
92550,1
157396,0
9890,0
111225,0
21039,1
33566,0
143202,0
88378,0
69128,1
150511,0
141463,0
167549,0
68700,1
16081,0
93288,1
77159,0
10362,1
92913,0
46760,1
91238,1
78585,0
93697,0
48606,1
84596,1
169121,1
115692,1
92233,1
20919,0
122167,1
169165,1
65727,0
32515,0
65693,1
111756,0
129300,0
44973,0
36550,0
138915,1
329,1
96557,0
170259,0
86111,0
11344,0
176206,1
73871,1
38364,0
47455,1
83038,1
52283,0
12750,1
102918,1
102892,0
62923,1
7333,0
112628,1
126466,0
149934,0
176990,0
156374,1
138403,1
174303,0
92548,1
168811,0
43681,1
70475,0
84849,0
45649,1
119132,1
61859,1
13073,0
33282,0
11974,0
169813,1
151783,0
99547,0
132137,0
177634,0
102757,0
113071,0
105898,1
106969,0
43058,1
96989,1
139911,0
50775,1
40691,0
140811,1
25016,0
48944,0
85453,0
98267,1
52137,0
174865,1
148393,1
139613,1
103733,1
178826,0
11939,1
10033,1
106826,0
112715,1
153958,1
85997,1
110580,1
43783,1
147948,0
47180,0
35342,0
77643,1
17423,1
47240,0
14422,0
37085,1
5515,1
128973,1
65566,0
107952,1
99771,0
95296,0
147784,1
61507,1
141460,0
142284,0
120729,1
86714,0
46224,0
92505,1
70384,1
64948,1
158753,0
132561,1
171866,0
13944,1
67590,1
97194,1
123115,0
132910,0
39041,0
34099,1
159702,0
145145,0
66932,1
169877,1
56354,1
89405,1
4108,0
125682,0
70623,0
128658,1
163325,0
166075,0
159,1
15961,1
134051,1
108516,0
122501,0
91680,1
3880,1
1435,1
64505,1
110253,0
89352,1
25941,0
169679,1
60249,0
9862,1
53154,1
112365,1
143416,0
87622,0
49494,1
8120,1
147445,0
94350,0
819,1
31146,1
150981,0
24809,0
62119,0
8213,1
95430,1
106373,1
92263,1
60853,0
103666,0
117700,0
166707,0
9843,0
54832,1
38512,0
24415,0
127668,0
116944,1
166058,0
146331,1
167559,1
91798,0
114733,0
135302,0
175394,0
157279,0
37660,0
157011,1
158008,0
148420,1
84570,0
152392,0
136858,0
162722,0
158817,1
62067,1
23653,1
157420,1
75613,1
140231,0
31070,1
108968,0
160357,0
96691,1
155362,1
35757,0
49540,1
11756,1
33538,1
117662,0
22261,0
54042,0
9101,1
16236,1
171729,0
165842,1
81650,0
33923,0
1532,1
100500,1
129523,1
103543,1
168440,1
141151,0
76972,1
76497,1
92196,1
86538,0
175192,0
86755,0
179075,1
86759,0
158777,0
37353,1
122851,0
67278,0
46910,0
46510,0
86128,0
155159,0
162293,0
144284,0
130658,1
21718,0
115623,0
99215,0
113012,1
129051,1
129039,0
40296,0
169580,0
153873,0
73161,1
99555,1
6223,1
111762,1
11899,1
58575,0
43743,0
145740,1
180294,0
111913,0
138316,1
134476,0
29572,0
100818,1
180273,0
92429,1
105511,1
95688,0
54658,0
167096,1
125461,1
79685,0
15910,1
126836,1
1845,1
102649,0
16124,0
7815,1
45333,1
19453,1
57709,1
111545,0
1181,1
159192,0
144684,0
158905,0
130079,1
106116,0
125551,0
21402,0
25584,0
56821,0
169446,1
28254,1
133919,0
57384,1
32008,0
168868,0
41858,0
9860,0
25071,1
23467,1
133462,1
110101,0
37082,1
126777,1
154058,1
36349,0
61190,0
8288,1
142370,1
132102,0
43953,1
150045,1
73692,1
103720,1
32572,0
99115,1
101127,0
27236,0
64324,0
40002,0
96828,1
70852,1
21573,1
33887,0
128358,0
14164,1
22463,0
88380,0
22557,0
80923,1
29433,1
115953,1
118455,1
93776,1
40774,0
118140,0
77045,0
76501,1
155144,1
16328,0
176165,0
158595,0
73756,0
10115,1
2546,0
55193,1
179941,0
113500,0
9204,1
29500,0
4876,0
63964,1
33490,1
147601,1
141950,0
95414,0
119847,1
105249,1
97855,0
60550,0
24981,0
34567,1
25115,0
97021,1
55249,1
150106,0
44692,0
17941,1
63408,0
36103,0
95708,0
118942,1
39245,1
50630,0
163031,0
67460,1
28320,1
13349,1
39049,0
172016,0
63844,0
54469,1
142927,1
124953,0
16273,1
76126,1
87112,1
86874,1
133391,1
142760,1
52722,1
47507,0
69738,0
83499,1
91256,0
60857,0
96818,0
40634,0
148,0
16498,0
99,1
97495,1
166205,1
126997,1
54578,0
19884,0
152031,1
115868,1
139753,1
164715,1
13797,0
25434,0
7122,1
162644,1
114156,0
122018,1
104459,0
135604,1
164857,1
153480,1
132566,1
168922,0
62259,0
178781,0
11341,0
54786,1
21551,0
146979,0
131615,1
108035,0
110720,1
49856,1
108036,0
109966,0
122763,0
154932,1
91263,1
148087,1
36813,1
65296,0
144645,1
26335,0
62070,1
72418,1
29753,1
173988,0
100803,1
176568,1
58236,1
73387,0
145527,0
42481,0
29242,0
45862,1
103173,0
43352,1
107548,1
70470,1
86477,0
163825,1
142729,1
97048,1
94536,1
95028,1
125259,0
19446,1
53066,0
168432,0
148255,0
96534,1
101446,1
160548,1
144868,0
3296,0
157305,0
123796,1
124728,0
12656,1
149942,0
151220,1
101054,0
36568,1
92999,1
171592,1
149192,0
26671,1
149747,0
55357,0
164002,1
76669,1
124178,0
171507,1
157749,1
172227,1
169569,0
34389,1
134507,0
53640,1
98169,0
103725,1
102724,0
113241,1
40035,1
5078,0
132640,0
39976,1
25229,0
31506,1
106354,0
34766,1
53855,0
103717,1
54049,0
136593,1
179178,0
124568,0
87160,1
120872,1
2384,1
52566,0
131078,1
115485,0
35240,1
177687,1
71503,1
156105,1
85277,0
39612,1
16054,1
148491,1
3934,1
180427,1
120038,1
56535,1
138796,0
30622,1
126465,0
167994,1
134829,1
70358,0
94099,1
8620,0
115047,0
146058,0
761,0
53378,0
152760,0
171403,0
75993,1
136369,1
46543,1
142663,0
80738,0
9654,0
68059,1
2085,1
34539,0
75956,0
19049,0
108495,1
3906,1
98110,0
67572,1
165999,1
118287,1
4287,0
27725,1
155977,1
143765,1
85286,0
36994,0
57063,1
155701,1
167041,1
80446,1
36904,0
123204,0
18923,1
54937,0
110959,0
6681,0
39275,0
1147,1
20905,1
60228,0
46435,1
16852,1
14831,1
148455,0
33448,0
177568,1
61065,1
28488,1
176693,1
20071,1
62403,1
131966,0
147435,0
155607,0
19241,1
95170,1
172340,0
19706,1
131727,0
162051,0
122128,1
49246,1
94735,1
49519,1
36313,0
168260,0
157844,1
22370,0
171715,1
80939,1
87098,0
176995,0
56297,0
67212,1
85569,1
154958,1
5462,1
47521,1
97635,1
60913,0
89323,1
26557,1
92591,0
78660,0
62433,0
56567,0
74154,0
8017,1
48490,0
157886,0
72278,0
155609,1
25385,0
41076,0
67787,0
40649,1
69352,0
169818,1
38629,0
23898,0
26279,0
19226,0
49805,0
138582,0
111423,1
67047,1
178648,1
77154,1
12580,1
109428,0
42947,0
16425,0
42198,0
168341,0
67775,0
165860,1
83851,0
37640,1
107210,0
67751,0
123067,1
60860,1
175472,1
143155,0
103104,1
68523,0
145569,1
157933,1
117032,1
13747,1
53588,1
18408,0
111936,1
109024,0
10233,1
106265,0
64546,1
70695,0
97836,0
125339,1
120901,0
40905,1
34100,1
4490,1
13347,1
44071,0
11755,0
135678,1
117275,1
147172,1
152599,1
33426,0
63570,1
2216,0
61452,0
174592,0
88672,1
82292,0
143538,0
173358,0
40527,1
113223,1
172910,1
11526,1
20972,1
123520,1
176943,1
158877,0
31567,0
122888,1
28586,1
35763,1
155822,0
53217,0
100770,0
19121,1
128607,0
157356,1
3125,0
159394,1
15115,1
127970,0
143694,0
34359,0
78103,0
172888,0
175539,1
158872,0
26567,0
67321,1
56913,0
154795,1
56119,0
17730,0
139027,0
38569,0
154503,1
83100,0
18357,1
84557,1
139785,0
81475,0
58178,1
81911,1
122712,0
1720,1
72020,1
80076,0
131163,0
116536,1
109130,0
39717,1
114455,0
113710,0
18375,0
57000,1
106647,0
7918,0
74374,0
96197,0
15700,0
72915,1
11287,0
42539,0
22409,1
65342,0
26306,0
95025,1
50334,1
68539,1
48701,1
104975,1
131103,1
68476,1
50079,1
53931,1
7481,0
49434,0
75182,0
109200,0
563,1
72451,0
115817,1
92027,0
42266,0
3161,0
112783,0
45153,1
156713,0
143055,0
169202,1
172994,0
97703,0
29553,0
100535,1
102525,1
179535,1
29480,1
122470,0
131215,1
55283,1
112590,0
155186,0
94380,1
171390,0
37543,0
83597,1
44576,0
109421,0
98638,0
30542,1
73907,0
114578,1
77764,1
52968,1
160060,1
69695,0
138422,1
17457,1
130766,0
54516,0
85159,1
109994,1
122469,1
100547,1
175277,1
3322,0
167498,0
67019,1
130473,0
27207,0
36558,1
173612,0
41802,0
3831,1
92795,0
170001,0
40554,0
71455,1
89388,1
43512,1
153354,1
36291,1
73389,0
1472,1
102630,1
32164,1
117191,0
105899,1
79486,0
156805,0
29057,0
109744,0
136526,0
132673,1
24558,0
146018,1
171486,0
153420,0
68279,0
38191,1
171939,1
119921,0
25215,0
139559,0
23119,0
179415,1
7622,1
83601,1
122746,0
111325,1
37394,1
136843,0
3327,1
145565,0
81998,0
174093,0
18632,0
85862,0
104922,0
108062,0
176377,0
51831,1
172560,0
71174,1
58869,0
49750,0
161497,1
88889,0
96432,0
134707,0
27750,0
62932,1
1234,1
106856,0
82007,1
143815,0
153818,0
120406,1
116683,0
45532,0
46738,1
134272,0
1064,1
122670,1
85592,0
1069,1
96647,0
66100,1
41311,1
108825,0
118795,0
173126,1
79558,0
73113,1
31168,1
3380,0
76333,0
132138,0
102358,0
37635,1
168727,0
36584,0
13710,0
70901,0
158389,1
126064,0
132184,0
27707,1
16896,0
138672,1
150392,0
98188,0
1429,0
19732,0
45388,1
57212,0
10056,1
113573,0
146329,1
74012,0
60659,0
97754,1
73902,1
139669,1
177096,1
115603,0
152923,1
69369,1
103276,1
105331,0
142657,1
107415,1
133657,1
90585,0
160608,0
131894,1
96465,1
125419,0
24714,0
149687,0
91079,1
116174,1
82699,0
74718,1
85611,1
92892,1
173202,1
167727,0
35820,1
78473,1
71152,1
50667,0
86798,0
178440,1
9906,1
134047,1
55718,1
159381,1
108615,1
98072,0
25836,0
142714,0
19000,0
154507,1
71051,0
35210,0
122997,1
141242,0
176889,1
48022,1
173062,1
162571,1
59757,0
97685,0
89141,0
170874,1
4877,0
124680,1
81348,0
32981,1
133891,0
169057,1
141169,1
180084,1
86244,0
69232,0
86313,1
159607,1
93543,0
150640,1
152553,1
105186,1
95840,1
122560,0
167969,0
15415,1
54463,0
163251,1
89228,1
53107,1
40545,0
30087,0
157983,1
1603,1
23168,1
4169,1
178155,0
21778,1
121759,1
164546,0
12575,0
49484,1
115405,1
101383,0
68981,0
133021,1
100557,0
132070,1
144147,0
119437,0
122955,1
100414,1
69566,0
99435,0
148292,0
179949,0
101913,0
159880,0
45235,1
128793,0
7149,0
116049,0
15980,0
172774,1
100616,1
30001,0
137520,0
126303,1
77218,0
121771,1
25428,0
9529,0
48275,0
50959,0
27633,1
28438,1
109985,1
13515,1
144080,0
114843,1
68820,1
173081,1
30805,0
91409,1
21143,1
1396,1
16070,0
4064,0
3233,0
39851,1
160207,0
176047,0
176225,0
174911,0
25802,1
112128,0
87400,0
83477,1
138953,1
84885,1
38229,0
51792,0
61751,1
84023,0
117496,1
66675,1
46992,0
39816,1
106837,0
136062,1
158454,0
64579,0
163698,0
161459,0
60618,1
88075,0
174658,0
132557,1
150636,1
143322,1
172685,1
63309,1
3267,1
54728,1
78287,1
38325,1
113911,1
140880,1
178769,0
31384,1
48970,1
95270,1
137185,1
6199,1
47412,1
38064,0
170177,0
166978,1
164461,1
146216,1
23029,0
70062,0
43385,0
104717,0
101649,1
54618,1
147018,0
27995,0
97420,0
96273,0
72105,0
8828,0
142521,1
6258,1
104159,0
22610,0
37889,1
97246,0
47402,1
11952,0
140405,1
78001,1
27838,0
47991,0
168813,0
19840,0
57259,0
43279,1
53237,1
66695,1
42002,0
2906,0
172248,0
80924,0
73431,1
131642,1
132775,0
15318,0
113093,1
23359,0
101056,0
60396,0
84173,0
131045,0
171740,0
83525,0
177340,1
55414,0
74075,1
174255,1
3308,1
122550,0
108986,1
45147,0
164951,1
114710,1
121017,0
95904,1
148179,1
121944,1
150029,0
58793,0
24376,0
44859,1
36198,1
154475,0
171819,0
106936,0
101697,0
84408,0
133752,1
106053,0
50523,0
130908,1
72539,0
32287,1
16782,0
74062,0
158039,0
116265,0
23110,0
66064,1
145161,0
54986,1
128149,1
143837,0
11228,0
151614,0
54340,0
98992,1
169242,0
113451,1
138755,1
138234,1
30263,0
169575,0
10496,0
120205,0
18336,1
22644,0
119716,1
83641,0
131279,0
23709,0
123042,0
21006,0
30251,0
53089,1
23357,0
114864,0
115729,1
79783,0
97850,0
144874,1
80573,0
131067,1
16047,1
114216,0
109219,0
75848,1
141212,1
128448,0
143991,1
27625,0
76897,0
137772,0
170731,0
147797,0
130045,0
154696,1
104363,1
77261,0
60361,0
139607,0
107187,1
41401,0
28710,1
159323,1
106971,1
5750,1
68727,1
97724,1
46003,1
79542,0
41526,0
102945,0
97828,0
22105,1
21126,1
68992,0
23175,1
20560,0
23480,0
165186,1
100322,1
38845,0
72839,0
164559,1
8586,0
56185,1
1149,1
96589,1
151175,0
84858,1
20896,1
68064,1
104378,1
130121,0
119224,0
172487,1
19702,1
124830,1
35271,0
135458,0
101032,1
71536,0
15527,0
17728,0
30229,0
108033,0
112313,0
102999,0
167310,1
25304,0
116647,1
144167,0
164153,0
160197,0
18515,0
104237,1
66840,0
106669,0
56359,1
165532,1
120811,0
36514,0
39744,1
144128,0
140360,0
49203,1
72858,1
48942,0
143174,1
44972,1
83803,0
177570,1
127809,1
162620,1
2978,0
82172,1
173120,1
123083,1
19591,0
94281,0
54169,1
176613,1
91215,1
145343,1
164536,0
118376,1
72170,0
21625,0
127666,0
89811,0
47943,0
135776,1
73384,1
64587,1
146764,1
138627,0
30830,1
72339,0
144189,1
40562,1
16549,1
10949,0
149595,1
32897,0
76016,1
95361,1
148673,0
139105,1
141258,0
120881,1
170065,0
104712,1
163333,1
95219,1
16132,1
15345,1
24517,1
69804,1
72942,1
100922,0
86929,0
74047,1
28019,1
93726,1
68814,0
173627,0
121471,1
75610,1
112792,1
10791,1
89031,0
102874,1
14614,1
118491,0
88123,0
18984,1
22364,1
56326,1
27286,1
136661,1
97693,0
1412,1
122528,0
148863,1
175360,1
164194,0
138089,0
104626,1
159354,1
148315,0
31284,0
9892,1
8152,0
157423,1
165856,1
160914,1
137784,1
94667,0
44963,0
157869,0
59035,0
52284,0
87762,1
58479,0
122911,1
100996,0
138569,0
6070,1
85014,0
98235,0
42171,0
10011,1
5646,1
50087,1
124259,1
81243,0
62102,0
63851,0
37610,1
8709,0
22413,0
36268,0
158357,1
44424,1
110214,0
107697,1
20034,0
65333,1
126046,0
173643,0
109868,1
165248,1
147409,0
153865,1
34415,0
139925,1
137456,1
118659,0
162201,1
3717,1
79902,0
131463,1
28607,1
144283,1
65985,0
1522,0
170228,0
131077,1
105500,0
62473,1
159073,1
136338,1
146791,1
34769,0
10298,0
164338,1
158030,1
150143,1
95326,1
129507,0
178576,0
91544,0
71034,0
149513,0
93329,1
102180,1
74714,0
1800,0
86105,0
57235,1
1768,0
160636,1
6543,1
64115,1
738,0
79156,0
77733,1
72178,0
83427,1
50317,1
8019,0
158114,1
61209,1
83343,1
66211,0
112305,1
68096,1
22422,0
67869,0
128489,1
83761,0
58407,1
115249,0
72950,0
9804,0
54110,1
31200,0
71365,0
120333,0
158329,1
97647,1
16597,1
80021,1
41961,0
62620,0
84772,0
47642,0
147148,1
14063,1
121381,1
75530,1
106506,1
84573,0
155253,0
139058,0
85903,1
6387,0
126884,0
19164,1
162153,1
175738,1
94852,0
180436,0
26883,0
90437,1
29750,1
150980,0
56961,1
3740,0
151827,1
21357,1
15012,1
103871,0
33381,1
29614,0
75232,0
33049,1
163709,1
125848,1
91302,0
162712,1
134495,1
162404,0
20517,1
126489,0
148226,0
11580,1
124841,0
16085,0
126129,1
133934,0
155926,1
179903,1
141982,0
40782,0
172903,0
26674,1
69156,0
167236,0
17437,1
50712,1
179468,0
79083,0
163003,1
12126,1
129085,0
51536,0
64165,1
15706,0
142659,1
116955,0
158143,0
70224,1
160533,1
104244,1
179405,0
74691,1
70424,1
57119,0
124167,1
145887,1
147750,1
118534,0
37789,0
114764,0
96233,1
52479,1
112984,0
116284,1
49196,1
90080,0
115662,0
155453,0
168780,1
99291,1
68071,0
12129,0
46998,1
134586,1
103258,0
55650,0
177914,1
2371,1
126786,1
125353,1
95645,1
115081,0
29646,0
89734,1
44118,1
21582,0
157961,0
90912,1
153940,1
59560,0
63982,0
111153,1
96615,0
67838,0
170739,1
179557,0
103835,1
149208,0
130590,1
32481,1
61171,1
25541,0
175503,1
105994,1
8233,0
136340,1
148260,1
13543,1
53453,1
152588,0
51958,0
40299,0
65352,0
3743,1
109684,0
79014,0
162593,1
41325,1
101816,1
47609,1
64151,0
7285,0
174611,1
146242,1
74494,0
137485,0
8540,1
75298,0
42604,1
167989,0
149710,0
5978,0
153823,0
72532,1
127130,1
81724,0
98437,1
148065,1
10728,1
7738,1
134103,1
21294,1
172964,1
129700,1
45105,1
128562,0
23278,0
17676,1
116714,1
95127,0
99785,0
105895,0
163773,0
69282,1
158153,1
33245,0
1387,1
74813,0
78586,1
144911,1
155780,0
107297,1
89254,1
4293,1
2768,1
54696,0
133831,0
95799,1
33393,1
153504,0
78755,1
80077,0
32883,0
116438,1
62610,0
48882,1
178722,0
50386,1
12909,1
78526,1
16303,0
28294,1
95980,0
138091,0
44135,1
7088,0
161107,0
131515,1
26190,0
764,1
71302,0
154170,1
98996,0
51471,1
150533,0
126357,0
34504,0
145796,1
148910,0
81687,1
177571,0
7856,0
8852,0
138010,0
56715,1
155126,1
172992,1
48194,0
103239,0
92667,0
70013,1
82156,1
121118,1
94158,0
167661,1
4627,0
157520,1
39297,1
132516,1
127987,1
175566,0
48341,1
10695,0
105242,0
25332,0
4,0
39000,1
118855,1
7317,1
48154,0
24846,1
105305,1
103284,1
107665,1
144523,0
148870,0
85673,1
56143,0
63829,1
107766,1
60048,0
5335,1
111439,1
96213,1
4162,1
108527,1
136348,1
119389,1
104639,1
115704,0
74019,1
59798,0
57853,1
41962,0
100245,0
144561,1
107008,0
39844,1
91610,0
43867,1
146841,0
27471,1
179544,1
90818,1
96254,1
92983,1
63140,0
134171,1
145702,0
81799,1
79562,0
149602,0
101774,0
171976,0
177819,0
103507,1
47271,0
129101,0
55687,1
25925,1
18396,1
73634,0
153559,1
123958,0
111709,1
17126,0
25032,1
517,0
112154,0
51754,0
21510,1
142434,0
32542,1
157097,1
77189,0
31539,1
167,0
62882,0
72152,1
156070,0
159248,1
142851,0
120270,1
51004,1
11553,1
29269,1
23795,1
160204,0
50303,1
144013,1
111380,0
67263,0
96569,0
31239,0
179065,0
3785,1
85988,1
164552,0
157325,1
180322,1
97314,1
133753,1
139184,1
96627,1
18589,0
141410,0
58621,1
71883,0
127024,1
156733,0
146199,1
170048,1
2065,1
82523,1
53125,1
102740,1
43615,0
30508,0
114185,1
60643,0
17934,1
8354,1
2232,1
91726,0
163628,1
17255,0
94558,0
55955,0
40365,0
21963,1
165861,1
171735,0
157062,0
144601,0
118965,1
120507,0
168700,1
13759,1
60515,0
24400,1
48084,1
137313,0
100037,1
92266,0
170991,0
155819,0
155942,1
178864,1
154059,0
157840,0
94290,1
117487,0
136009,1
89013,0
107836,0
106701,1
104820,0
13511,1
114703,1
174933,0
109265,1
121780,0
75413,0
6536,1
139329,1
31558,0
49204,1
88052,1
47938,0
24867,1
78914,1
127701,1
162099,1
29206,1
1403,0
138505,0
135997,1
19137,1
51602,1
144585,1
179746,0
68060,1
112905,0
74346,1
164869,1
79499,1
85815,1
24941,1
4742,1
106140,1
97445,0
178016,0
143725,1
50501,0
167731,1
97243,0
162027,0
77123,0
111131,0
180398,0
109273,0
98812,0
60842,1
93264,0
146864,0
140376,0
171152,0
16495,1
17688,0
47525,0
117837,1
124079,1
120684,0
18561,0
92148,0
82529,0
74506,1
104900,0
90926,1
32344,0
2957,0
106995,0
108926,0
101527,0
96090,0
5316,0
29774,1
138243,0
21171,1
129848,0
41569,1
34356,1
67425,1
179983,1
101975,0
84423,0
4157,0
141963,1
91595,1
116507,1
73063,0
64392,0
140159,1
84060,1
75312,1
152186,1
98389,0
70626,0
138364,1
20045,0
99944,1
99942,0
127129,0
107795,0
162016,0
19359,0
166321,0
120979,0
125387,0
42276,1
375,1
165869,1
152256,1
49908,1
103539,1
92666,0
104051,0
39339,0
111915,1
55968,0
45136,0
91279,1
96114,0
114065,1
31269,0
52753,1
144986,1
64203,1
98280,1
154341,1
107608,0
141382,0
120221,1
100058,1
165115,1
166038,1
114478,1
85415,1
39614,1
76265,0
35480,1
121646,1
19597,0
39642,1
99023,1
180254,1
111665,1
108095,0
116615,0
42736,0
125181,1
3793,1
82822,0
68355,1
31428,1
19364,1
149433,1
547,1
46215,1
36377,0
152072,0
21626,0
71968,1
100719,0
99613,1
137070,0
87674,1
39056,1
125909,0
137551,1
81285,0
144204,1
3048,1
17701,1
39933,1
65052,0
57777,0
39396,1
28154,0
124310,1
7511,0
8443,0
105893,1
164139,0
24458,1
64818,0
59901,1
64080,1
48660,0
78934,0
131633,1
10499,0
54228,1
179449,0
77677,0
91032,1
8974,0
29910,1
23986,1
172354,1
18184,1
99164,0
104653,0
177676,0
133573,1
149455,0
590,0
146043,1
158330,1
82170,1
174492,1
179489,1
34251,1
70685,1
2519,0
168668,0
86629,1
3182,1
157211,0
86903,0
45493,0
30169,1
37214,0
155290,0
107799,0
179394,1
153752,1
147255,1
118024,1
27492,0
129799,1
98371,0
15654,0
166873,0
106509,1
13153,0
23968,0
127009,1
118718,1
169976,0
121772,1
24262,1
39424,1
73075,1
151466,0
5820,0
23281,0
69305,0
176701,0
145395,0
41909,1
83415,0
78888,1
23837,0
140366,0
114757,0
137248,1
143478,0
6685,1
157745,1
131332,0
32547,0
135047,1
141595,1
87338,1
107935,1
136157,0
36934,0
113957,0
151329,1
81130,1
72664,1
107134,0
171443,0
118785,0
55405,1
144947,1
121657,0
82915,0
170960,0
135315,1
55029,0
101522,1
48534,0
136939,0
145798,1
23817,1
63450,1
109640,0
148974,0
17356,0
173679,0
165157,1
34173,0
176360,0
120548,1
14302,1
138276,1
80283,1
41388,0
87975,0
177534,0
60477,1
34331,0
83834,1
59103,1
160194,0
98410,1
55632,0
83976,0
15927,0
69541,0
131708,0
152176,0
700,0
116385,1
119560,0
27196,1
120277,1
88874,1
55238,0
133956,0
147699,1
5189,0
152199,0
70439,0
108784,1
84571,0
171741,1
95972,0
180051,0
10984,1
105418,0
166758,1
145644,1
130729,0
142156,1
105668,0
45524,1
123169,1
180468,1
823,1
110357,1
58657,1
78048,1
140314,1
104099,1
85329,1
121752,0
101841,1
95177,1
158372,1
54935,0
153612,0
15665,1
23661,1
118418,1
80181,0
117395,0
138396,1
117751,0
177079,1
96604,1
141632,1
62122,1
131548,1
648,0
147800,1
45526,0
77252,1
108514,1
109724,0
65261,1
154363,0
48897,0
3315,1
125071,0
59520,1
155497,1
127152,0
17936,0
12098,1
61397,1
45408,0
149092,1
35337,1
151830,0
148231,1
118163,1
33879,0
165671,1
8954,0
92719,0
40304,0
127740,1
59703,1
142853,0
63175,1
140853,1
143398,1
75615,0
3522,1
104591,0
78950,1
59959,0
112819,1
123713,0
177600,1
102380,1
20989,0
8948,0
33956,0
149789,0
121208,0
88383,1
123604,1
139404,1
120020,0
74871,1
142094,1
130119,0
152783,1
120540,0
5827,1
67247,1
16884,1
52075,0
84978,1
36031,0
161935,0
51224,1
72632,1
102885,0
112460,1
128907,1
26638,1
91737,0
70854,1
43245,1
88129,1
59303,1
53347,1
62167,0
155705,1
177000,1
91699,1
43653,0
80215,0
74667,0
16272,0
36194,1
100771,0
13439,0
46973,1
152128,1
148007,0
79768,0
162347,1
88336,0
179478,0
64662,1
177862,0
9754,1
41505,1
90534,0
60746,0
33302,0
29255,0
158578,1
99614,1
90228,1
788,1
1910,1
64594,1
125255,1
156554,1
39735,1
85222,0
161059,0
147600,1
28048,0
81359,0
140977,1
58142,1
149970,1
109636,0
133884,1
54712,0
112679,1
78560,0
79899,0
1698,0
54348,1
180218,1
135710,0
131387,1
59659,1
81700,1
137062,0
89701,1
21487,0
80757,0
127924,1
171115,1
24024,1
27998,0
39321,1
140540,0
140297,1
104001,1
115641,1
130581,0
163530,1
171846,0
137253,1
44580,1
75300,0
153777,1
85160,0
173216,0
48319,1
55400,0
132475,0
12466,0
24713,0
111213,0
32335,1
138716,0
99079,0
154205,1
170323,0
88757,1
77312,1
136621,1
143891,0
96496,0
100391,0
108044,1
158108,1
9994,1
120640,0
147935,0
132669,1
2328,1
117620,1
137380,0
172582,0
157303,0
86637,1
89722,0
89950,0
145099,1
148324,1
7851,1
176648,0
124514,0
155628,0
119002,0
10196,1
114540,0
80933,1
117314,1
158053,0
83570,0
92680,1
176031,0
68413,0
1863,1
16299,1
34714,1
148777,1
106879,1
126807,1
122063,0
93743,0
102243,1
107257,1
172815,1
168991,0
137981,0
65989,1
170211,1
118475,1
173561,1
172615,0
120750,1
162135,1
145899,1
152840,0
124607,1
65472,1
67785,0
74053,1
169048,1
1861,1
179429,1
10311,0
34090,0
66108,1
165739,0
150781,0
119813,1
91743,0
136620,1
141832,1
55999,1
6542,1
134908,1
7410,1
165542,0
124636,1
88799,0
37908,1
153852,0
123703,0
133801,1
158812,1
149928,0
2391,1
118918,1
109356,0
152762,1
133458,0
76524,1
13889,0
12499,0
43236,1
29718,1
146808,0
145972,0
88420,0
43102,1
154011,0
142533,0
24637,1
11143,0
20398,1
35593,0
157300,0
67356,1
171351,0
54439,0
177318,0
11073,1
63612,1
138366,1
133469,0
109618,1
63713,1
16103,0
162890,1
139796,0
68914,1
65602,1
58608,1
49546,1
145889,1
141619,1
35923,1
143666,0
63700,0
88168,1
29977,1
176825,0
104811,0
65647,1
178565,0
174850,1
109455,1
68503,1
140714,1
136303,1
128057,0
134966,1
109700,1
135616,0
73635,0
177925,1
114804,0
73194,1
91535,0
145909,1
20250,1
149202,1
142936,1
44198,0
97519,0
139262,1
120878,1
70174,1
41647,1
163992,1
119692,1
62819,0
114828,1
42876,0
9038,1
107093,1
135676,1
143936,1
94074,1
163527,0
76784,1
136165,0
165841,1
7834,0
158433,1
151931,1
161297,0
173074,1
138150,0
149962,0
15317,0
32306,0
153249,1
102722,0
59792,1
151282,1
89832,1
163257,1
25104,0
14264,0
136545,0
17981,1
42565,1
51315,1
32831,1
144107,0
91851,0
101265,0
8083,0
113325,1
9882,1
96238,0
75835,0
67375,0
7967,1
170375,0
91664,0
124258,1
73029,0
128650,1
158552,1
30917,1
2843,0
8329,1
159362,0
62123,0
11546,0
38544,0
165049,1
9157,1
176972,0
112552,0
15544,1
99129,0
136105,0
60821,0
25875,0
153980,0
52936,1
108781,1
15004,1
68928,0
111356,0
115942,0
75611,1
142642,1
140975,1
151675,0
102914,1
698,0
94876,1
114039,0
54819,0
156501,1
89686,0
1280,0
35911,0
75180,0
1175,1
178852,0
68896,1
61315,0
11915,0
123124,1
131213,1
1059,1
119316,0
144484,1
28402,0
121489,1
79778,0
173970,0
138587,1
66253,0
59864,1
90451,1
128609,0
23332,0
125130,0
45591,1
118340,0
13585,0
48547,0
6010,1
143075,1
5437,1
63353,0
21631,0
33766,1
33090,1
38301,1
31389,1
179259,0
46920,1
7971,1
51103,0
99112,1
94154,0
33197,1
125377,0
135055,0
94471,0
142971,0
132372,1
129924,1
51166,0
70987,0
175782,1
7353,1
114686,0
154747,1
158716,1
93245,1
43707,0
49334,1
9573,0
14853,1
103197,0
139824,0
56984,1
134335,0
43026,1
81739,1
92503,1
73977,1
151860,0
56691,1
1153,0
154834,1
50797,1
134889,0
97825,0
4780,1
84053,1
28490,1
137483,1
66045,0
82796,0
144078,1
33984,1
63179,0
40690,1
38825,1
115832,1
94487,1
134040,0
81202,1
19140,1
154303,1
144774,1
116395,0
118569,1
919,0
79034,1
34316,0
28811,1
26900,1
41768,0
93097,1
101759,1
158686,1
67135,0
41148,1
100927,0
57399,1
85359,1
86864,1
117227,0
98419,1
166574,1
6962,0
19783,0
93714,0
67203,1
153449,0
133099,1
28933,1
32719,1
62566,0
21379,0
104012,0
43136,1
127050,0
21533,0
204,1
84973,0
131105,0
7095,0
146868,1
82025,1
107753,0
160085,1
1167,0
55647,1
103095,0
48392,0
101199,1
107473,0
165573,0
54462,0
102387,1
75648,0
168707,1
80285,1
85230,1
42047,1
18741,0
25544,1
377,0
135223,1
118484,1
6855,0
147040,1
117749,1
39399,1
137849,0
68732,1
168338,0
142259,0
133126,1
91763,1
179150,1
74639,1
16472,0
102296,0
33649,0
144958,1
173605,1
61526,1
160138,1
3853,1
120664,0
43934,0
154652,0
70016,0
18217,0
106555,0
93188,1
34045,1
1512,1
160613,1
42635,1
61170,0
174667,1
60541,1
19602,1
107262,1
94366,1
96192,0
113199,0
87406,0
163611,0
90149,1
68644,1
4689,0
153162,1
66365,1
114732,0
126142,0
64181,0
173206,1
145056,1
14951,1
31639,1
103070,1
165098,1
49657,1
25061,1
47765,0
35063,0
109745,0
107930,1
133296,0
138509,1
33345,1
74324,1
159542,1
98723,0
85648,1
56053,1
132682,1
23870,1
124692,1
50180,1
143779,0
3695,0
98351,0
66858,1
180280,1
28506,1
16816,1
127346,1
152715,1
73564,0
173641,1
46276,0
148477,0
97332,0
128597,1
47752,0
118860,0
153204,1
100233,0
72361,0
59397,0
94178,1
87790,1
105737,0
154687,0
56654,1
153380,1
83295,1
167488,1
122489,1
143129,0
153647,0
86895,1
34346,0
85529,0
9767,1
159705,1
63583,0
128897,1
81827,0
19003,0
78811,0
180193,0
111566,0
148912,0
152817,0
114059,1
4609,0
50954,1
172006,0
85170,1
39977,1
94517,1
94049,1
107100,0
129267,0
80127,1
10046,1
20717,1
93128,1
162320,1
172334,0
97434,1
113750,1
123914,0
131264,0
128507,1
29528,1
92692,0
115306,0
124207,0
161804,0
88273,1
134732,0
108871,0
64424,0
107749,1
45773,0
7050,1
39389,0
46881,1
126244,0
112400,1
19717,1
101578,0
17644,1
127557,0
111445,1
48175,1
43103,1
57377,1
19097,0
87920,0
140543,1
114776,0
94283,0
131189,0
146308,1
25415,1
152273,0
11627,0
135784,0
174821,0
163515,1
132321,1
115678,0
178017,1
137213,0
94468,0
50804,1
170158,1
88117,1
80027,0
101618,1
117253,0
168443,0
39427,1
43702,1
98028,1
41095,1
146423,1
12027,0
104498,0
93247,0
52725,0
86692,0
20209,1
29745,0
149680,1
9571,1
126535,0
118933,1
104366,0
168960,0
116926,0
74166,1
76648,1
81169,1
120569,1
151122,1
77748,1
55451,0
33911,0
127705,0
141165,1
63090,1
155145,0
151429,0
162449,0
93975,0
20192,1
42798,1
165729,1
49854,1
89400,1
84046,0
158169,0
15013,1
170070,0
101164,0
32558,0
152341,0
8823,0
86151,1
111103,0
94795,0
34264,0
122738,0
40790,0
45016,0
172415,1
76227,0
7584,1
61240,0
130895,1
87563,1
153591,1
5167,1
63510,1
107984,0
167224,1
169829,0
89145,0
118710,1
49647,0
40088,0
54735,1
231,0
141480,0
126334,1
175052,1
53953,1
83895,0
59882,1
3054,0
166033,0
18106,1
111529,1
73383,1
28132,1
143680,0
95923,1
42411,1
107731,1
147345,1
131668,1
105525,0
115478,1
118158,1
132104,0
144113,1
60968,1
133840,1
98175,1
113227,1
29547,1
116818,1
162671,1
178531,1
106731,0
174450,0
145042,1
75676,1
70294,1
27426,1
102851,0
168627,0
28654,0
58485,0
43613,0
65590,0
20724,1
118650,1
80520,1
177253,0
150399,0
125057,0
80437,1
54406,0
2045,0
5544,1
94757,1
34783,1
70427,0
28691,1
71653,1
116076,1
169843,0
122990,0
118485,0
38720,1
81321,1
166544,1
30069,1
85128,1
31593,1
93430,1
40128,0
32207,1
136585,0
48330,0
154081,1
157289,1
14675,1
155291,0
26441,1
111353,0
54192,1
158099,0
18820,0
81305,1
79244,1
16102,0
175989,0
165308,0
124424,1
65792,1
85272,0
55121,1
36971,1
15767,1
138727,1
10126,1
122199,1
21120,1
91758,1
72313,1
97983,1
26816,1
45961,1
35116,1
116582,1
124810,1
39302,0
164164,0
44915,1
75694,1
120331,1
12302,1
40136,0
69941,0
71123,0
90598,0
95568,1
164082,0
2521,1
148659,1
172730,1
178301,0
41151,1
28794,0
27647,1
114139,1
78039,1
119216,1
120413,0
101117,0
13623,0
114223,1
29562,1
142228,0
124194,0
6022,0
70531,0
91478,0
139679,1
139069,1
31327,0
22288,0
92495,0
52647,0
42813,1
139998,1
13463,1
12807,1
128778,0
142191,0
2145,0
64123,0
159968,1
129381,0
40675,1
147159,1
50723,1
143890,1
62256,0
78147,0
128679,1
116161,1
40371,1
31457,0
141021,0
173770,1
131079,1
1569,1
110584,1
54222,0
158194,0
11719,1
171298,1
79017,0
61701,1
3586,1
84603,0
126533,0
123013,0
133473,0
85015,1
104933,0
88603,1
64799,1
65435,0
164481,1
133302,1
175502,1
135808,1
105126,1
146483,1
82353,0
128456,1
135352,1
142731,1
130334,0
12506,1
116102,1
161159,0
3848,0
80361,1
171620,0
133872,1
80591,1
135357,0
128511,1
171441,1
59293,0
33189,1
100405,1
174612,0
80931,1
9192,0
109427,0
64030,0
134861,1
46260,1
78701,1
175679,1
41009,1
36119,1
123239,0
70211,1
159892,1
7209,1
84896,0
111759,1
118724,0
131528,1
30033,0
39845,0
154139,0
1093,0
89252,1
142108,1
67942,1
16339,1
18997,0
154738,0
113952,1
136563,1
10816,0
75299,0
128946,0
164185,1
136650,1
35520,0
108972,1
113452,1
140116,1
160003,1
82271,1
108227,1
172357,1
89806,0
26673,1
125588,0
97658,1
141655,1
122604,0
29440,0
164076,1
143687,1
93923,1
93539,1
132771,1
97732,0
82881,1
121598,0
99893,1
109001,1
21550,0
128853,0
111515,1
10754,1
62935,1
10376,0
174493,1
130169,0
5658,1
7493,0
82576,1
104478,1
74713,0
159758,1
82783,0
49878,1
155117,1
73622,1
73306,0
101740,1
117783,1
123177,0
67383,1
119544,1
17294,1
144785,0
84944,0
118610,0
136505,0
68490,1
83146,0
54090,0
24432,1
156600,1
180093,1
65616,1
32327,0
16759,0
418,0
55785,1
132699,0
94636,0
148134,0
75185,1
120487,0
38426,1
29165,0
109332,1
52443,1
111116,1
81628,0
89116,0
115658,1
56186,1
177553,0
96323,0
179267,1
44244,1
145005,1
41964,1
161770,0
71158,1
92075,0
87027,0
137837,0
68986,0
119154,1
57507,0
11238,0
121724,0
33115,0
163859,1
178582,1
167252,1
139337,0
37904,0
39597,0
3781,1
82300,1
6601,0
85748,1
40172,0
5898,1
150575,0
135895,1
79141,0
64612,1
24902,1
117578,1
22217,1
155504,0
36635,1
176731,0
78635,1
128176,1
136043,0
150766,0
170686,0
95473,1
131407,0
140734,0
31784,0
31129,0
173515,0
7307,0
25537,0
32740,0
5699,1
152974,1
38233,1
68590,0
55017,1
99586,0
59585,1
179122,1
50988,0
136465,0
46329,0
138546,1
11177,0
133897,1
161635,0
74022,0
84799,0
154682,0
94933,0
18436,1
127753,0
156088,1
46484,1
94716,1
55788,0
98259,0
134825,0
169570,0
41241,1
133294,0
171702,0
112504,0
24776,1
108762,1
119904,1
99099,1
121422,0
48495,0
81364,0
159077,0
90546,0
162497,1
94982,0
177569,0
170666,1
67007,1
126271,0
131845,1
162336,0
154004,0
8595,0
161669,0
120368,1
79725,1
160109,1
115132,1
72069,1
131999,0
118660,0
144540,0
154846,0
13642,0
207,1
43,1
41665,0
63254,1
162810,1
166191,1
106413,1
62668,0
161563,0
72405,1
33185,1
83073,1
121790,0
32896,0
158239,1
65726,0
31014,1
123942,1
77882,1
25796,1
171934,0
128197,1
48643,1
118845,1
125577,1
88720,1
35368,1
150330,0
72719,1
30823,0
161069,0
43253,0
67813,1
19043,0
77848,0
24584,1
63164,1
105531,0
17739,1
74077,1
82127,1
44381,1
99465,1
168489,1
24392,1
80251,1
159180,0
108364,1
174885,0
112824,1
166876,1
165335,1
146236,0
51042,0
88314,1
29114,0
102689,0
174674,1
46802,0
48326,0
154856,0
92587,1
63207,1
25220,1
27141,1
134185,0
73281,1
108924,0
101633,1
110265,0
139528,0
72643,0
133413,0
75592,1
38574,0
8969,0
55272,0
165702,1
9456,1
171031,0
40501,1
3749,0
14768,1
132387,1
161862,1
55612,1
3170,0
53590,1
164400,1
83324,0
129387,0
170264,0
145338,0
179982,1
60782,1
173500,1
26485,1
15620,1
29785,1
126162,0
29121,1
40445,1
62762,0
78136,1
136325,0
88737,1
11591,1
114788,1
115062,0
113831,1
127863,1
24313,1
100390,0
27044,1
169345,1
160354,0
12706,1
127678,1
170783,1
166862,0
55369,1
141109,1
113434,1
31335,1
169427,0
262,0
50342,1
70098,0
4351,1
9936,0
43972,1
6547,0
75216,0
139906,1
146431,0
13460,1
50008,1
64081,1
158183,1
50584,1
21256,0
22798,1
56479,0
135340,0
109627,1
32307,0
144514,1
179765,0
165799,1
71226,1
65981,0
13624,0
101237,1
45110,1
179678,0
170854,1
46594,0
180316,0
25123,0
113598,1
171202,1
92185,1
68756,1
2157,1
49166,1
162117,0
1627,0
55772,0
147108,1
112872,1
23025,0
5616,1
26991,0
146387,0
51940,1
128836,0
73521,1
97657,1
80327,0
101835,0
38709,0
37771,1
153111,1
56170,0
174350,1
94057,0
39373,1
23318,1
41012,1
116561,1
42248,0
80574,0
99739,1
149477,1
131786,0
72493,1
112897,1
121805,0
6430,1
53847,1
47199,1
88026,1
64711,0
173707,1
52307,0
147617,1
91789,0
36671,1
44146,1
782,1
125058,0
61159,1
152767,0
110609,0
153173,0
71135,0
34307,1
57330,1
176755,0
47135,1
21322,1
47958,1
136227,0
160395,1
134509,1
148380,1
7638,0
59045,0
144894,0
43652,0
56223,0
13675,1
87744,0
139918,1
109592,1
78271,1
62741,1
78121,0
145023,0
34296,0
168968,1
132144,1
148423,0
38648,1
117601,1
12810,1
54606,0
106268,1
173549,1
5621,1
27144,1
178611,0
104317,0
95374,0
149729,1
111770,1
76261,0
128549,1
118326,0
121700,1
180190,1
49208,1
127657,1
148684,0
69472,0
150995,1
102397,1
43294,0
127270,1
17340,1
148558,0
92464,1
144315,1
18645,1
36003,1
54685,1
123263,0
124408,1
73181,1
55220,0
85817,1
84188,1
137589,1
124866,0
171104,0
26694,0
32947,0
103077,1
179426,0
179343,0
20939,1
132819,1
152692,1
33944,0
170181,1
177734,0
118167,1
71747,1
33504,1
124407,1
163857,1
100137,1
141407,1
167530,1
135893,1
177950,1
70267,0
36228,0
75702,1
153026,1
148165,0
87618,0
92526,1
9269,1
75930,0
63035,1
90180,0
66773,0
1196,0
144118,0
168049,0
166565,1
45611,0
110278,1
158968,0
87485,1
179593,1
174096,1
45981,0
151636,0
123080,1
4258,0
109066,1
148909,0
25131,0
78448,1
150027,0
122439,0
10220,1
152622,1
144475,1
29533,1
53645,1
90986,0
38511,0
98495,0
67479,1
34224,0
100099,1
35908,0
55391,1
163638,0
65141,1
143564,0
14651,0
38407,0
104946,1
138775,0
158479,0
43939,1
124980,1
66656,0
113021,1
6747,0
90910,0
176894,1
143624,0
76255,0
98041,0
80904,1
134430,1
98086,0
13909,0
7870,0
172062,0
11624,0
79208,1
168501,0
41884,1
141872,1
38522,0
85029,0
80876,0
85410,1
94432,0
12155,0
174733,0
167951,0
135152,0
34748,1
129445,1
39832,1
68902,0
48348,0
91922,0
125831,1
8189,0
29258,1
61363,0
95438,0
33596,0
6506,1
32644,1
28452,1
54548,1
56617,0
131002,0
59717,0
151330,1
120498,1
60095,1
158469,1
27567,0
65497,0
75295,1
121760,1
112727,0
158203,0
50165,0
2609,1
88111,0
122633,1
71869,1
59706,1
102634,1
80479,1
96883,0
92290,1
59390,1
65843,0
78482,0
60638,1
64677,0
128129,1
167177,0
124714,0
158270,1
149577,1
86587,0
19396,0
651,1
3543,0
175839,0
122134,0
11698,1
90298,1
108940,1
43717,0
7081,1
57487,1
118411,0
103794,1
27880,1
120590,0
17849,0
85290,0
177179,1
5418,0
132720,0
139902,0
15964,1
134472,0
29423,0
79719,1
159457,0
80194,1
165497,1
117982,0
149979,1
98797,0
127847,1
15309,1
80116,1
106457,0
121303,0
34397,1
163343,0
6488,0
84175,0
141190,0
163673,1
108185,1
164249,1
8860,0
82682,1
106049,0
102029,1
128531,0
142026,1
79648,0
111231,1
55646,1
113068,1
77547,1
3472,1
158494,1
117988,1
26378,0
26452,1
10101,0
101197,1
159040,1
74945,0
13709,0
165816,0
51615,0
91284,1
6600,0
115707,0
77166,1
56923,0
17784,0
106253,0
164893,0
72850,1
17573,1
2915,0
5200,0
24104,1
114447,1
103280,1
93099,1
156716,0
118514,1
57368,0
138049,0
125322,1
8362,1
65770,1
110971,1
110876,1
129717,1
42656,0
40779,0
4263,1
34041,1
63118,1
10876,0
109089,0
155023,1
45751,0
12476,1
97786,0
77651,0
57153,1
166310,1
141082,1
15213,1
80096,1
40761,0
30348,1
75339,0
53509,1
123449,1
123511,1
48206,0
128444,0
127417,0
84556,1
150664,1
104361,1
75462,0
118343,1
133645,0
168647,1
165188,1
158927,0
152641,1
78383,1
158278,1
51757,0
14977,0
91752,1
170292,0
131888,0
116044,0
160428,1
95013,1
68406,1
75054,1
118854,0
146378,1
154909,0
15226,1
144263,0
127027,1
3000,0
137317,0
83942,1
35599,0
40884,0
52275,1
30775,0
37638,0
96171,0
105329,0
119229,0
135596,1
85303,0
39481,0
99271,1
91309,1
50830,0
139264,1
2370,0
92422,1
113778,1
60471,1
63600,0
167711,0
103437,0
150366,0
32795,1
8439,1
36189,0
74864,1
74449,0
114163,1
48564,1
91545,0
13353,1
164091,1
82668,0
4090,1
120433,1
429,0
125888,1
159391,1
3516,1
162216,0
23441,1
60852,0
7168,1
110828,1
20879,0
107096,1
36105,1
66707,1
163234,0
45396,0
15894,1
151025,1
79257,0
32908,0
17567,0
127607,0
31149,0
37834,1
18031,1
20846,0
22037,0
4060,1
15971,1
47315,1
140875,1
39827,1
86249,1
120822,1
164505,0
25849,0
13242,1
3585,0
140220,1
143085,1
169119,1
20618,1
83723,0
136240,0
111146,1
44672,1
84659,0
66078,1
27727,1
152591,0
23746,1
93909,0
89188,1
91450,0
15569,0
146622,0
7951,0
94914,0
10312,0
110952,1
96460,0
70241,1
38429,1
131989,1
131229,1
10663,0
91549,0
162615,1
103235,0
139819,1
151993,0
32782,1
85724,1
38819,0
67874,0
94912,0
50223,1
40844,0
100864,0
151703,1
159632,0
18896,1
155479,1
94324,1
82383,1
22808,1
115572,1
129519,0
5242,1
48398,0
521,0
132884,0
74177,1
12462,1
20117,1
69078,0
115656,1
102831,0
116095,1
90104,0
177361,1
94678,1
11445,1
89523,1
110096,1
15241,1
21265,1
171075,1
141678,1
74143,0
54203,0
9280,0
12011,0
119829,0
47187,1
60820,0
98915,1
23634,1
174029,1
155867,0
42510,0
3039,0
153421,1
74924,0
131865,1
82014,0
59861,1
125006,1
58852,0
792,1
46842,1
36366,1
136218,1
40673,0
105554,1
16378,1
96582,0
56907,0
11921,1
44041,0
21470,1
103390,0
14812,0
175354,0
111961,1
173490,0
172533,1
14451,1
18679,0
160969,0
45322,1
123945,0
96040,1
99272,0
75316,0
1406,1
95452,0
1755,1
113558,1
109073,1
28395,1
212,1
60663,0
165545,0
57140,1
84823,1
173701,1
159261,0
53745,1
8691,0
2953,0
76430,1
32386,0
139691,1
3238,1
9556,1
66560,0
149172,0
64237,0
40561,1
146612,0
128151,1
175619,1
168578,1
3669,0
79567,0
91902,0
53608,0
2266,1
6824,1
71351,1
173579,0
144973,1
65127,0
81677,1
119282,0
57851,1
94276,1
173730,0
160098,1
77543,1
62223,1
128294,0
3354,1
134934,0
52514,1
157025,1
81494,0
16038,0
168294,0
49741,0
110822,1
175366,1
128790,1
97863,1
16516,1
91589,0
113824,1
73739,1
124784,0
177355,0
83569,0
131885,0
120817,1
91899,1
49986,0
29072,1
109425,0
40232,0
157190,1
52139,0
76728,0
69978,1
156511,1
136493,0
95957,0
83418,1
68029,0
177291,1
108864,0
148934,1
119776,0
152086,1
87639,0
99136,1
86726,0
55789,0
29633,0
1422,0
92488,1
35952,1
98713,1
81388,1
160908,1
61732,1
159559,1
142338,1
46592,0
163644,0
102898,0
71597,1
65170,1
169922,0
130411,1
122892,1
74717,1
43297,1
611,1
155358,1
64125,1
179380,0
60573,1
70083,1
104567,0
143056,1
176067,0
128756,1
174059,0
94420,0
60883,0
82557,1
97631,0
67432,0
54230,0
87512,1
112088,1
26829,0
108580,1
4610,1
129774,1
75890,0
38967,1
49594,1
139118,1
167278,0
154354,1
151111,1
1564,1
70246,1
145705,0
118282,1
14333,1
52338,0
10929,0
74504,1
64812,0
162180,1
132933,1
111924,1
97144,0
156454,1
140917,0
27175,1
19518,0
156859,0
55488,0
84300,1
166850,1
100308,1
56981,1
127246,0
46597,0
3332,0
1935,0
28835,0
101657,0
100012,1
168976,0
140818,0
137653,0
171560,0
78686,1
167196,0
104515,1
57310,1
52887,1
122403,0
76610,1
94828,1
147120,1
49477,1
90607,1
66887,0
34400,0
75169,1
12196,1
24257,0
18138,0
177266,1
53612,1
155158,0
18229,0
22698,0
45595,1
67106,1
37349,1
75252,1
98896,1
115784,0
19540,1
103384,0
131033,0
126584,1
129675,0
137523,1
107199,0
38376,0
76231,0
68529,0
69845,0
32389,1
44165,1
164629,1
90091,1
143854,0
121070,1
112192,0
171492,0
177867,0
4418,1
20692,1
108113,1
19081,0
25819,1
109799,1
127258,1
134805,1
147624,0
116817,0
12276,1
146759,1
113150,1
125537,1
130034,1
8212,0
6940,1
49758,0
148623,1
29298,0
120987,1
38625,0
7730,1
53929,1
146317,0
132089,1
64066,0
80311,1
141125,1
119987,0
105854,1
137440,1
133523,1
136239,0
68594,0
170855,1
84198,1
20395,1
96895,0
57350,1
100334,0
139226,0
135857,1
79518,1
18030,1
105718,0
76007,1
132259,1
5354,1
5218,0
163728,1
48273,0
44440,0
13740,0
3337,1
78942,0
171541,0
57987,1
63417,1
40728,1
27985,0
12611,0
36495,1
126025,1
148290,0
122695,1
152550,1
133604,0
70036,0
63546,0
47722,0
160290,1
3387,1
55445,1
34824,0
74848,0
44508,0
2226,0
101677,1
135476,1
49691,0
2100,0
145250,1
31793,1
81563,1
91454,1
54181,1
78568,1
34943,1
146821,0
171992,0
17210,0
12082,1
33403,1
78928,1
17483,0
169907,0
12239,0
62653,1
113484,1
18650,1
176582,1
81441,1
50936,1
76817,0
41713,1
125695,0
105113,1
115614,0
155387,1
8733,1
132277,1
52229,0
136231,0
23887,0
48735,1
27376,0
85162,0
155979,1
153216,1
76076,0
52868,0
33007,0
151124,0
154437,1
178609,1
133961,0
171215,1
47159,1
122402,0
148482,1
51259,1
159416,0
173990,1
124884,0
41432,0
115688,1
53604,0
149088,0
115930,1
82405,1
38088,0
63212,0
5517,1
20745,1
86926,0
123070,1
37145,1
147552,0
164093,0
148466,1
126109,0
177953,0
155920,1
176973,0
92571,1
158695,0
130856,1
126483,1
86409,1
172464,0
39960,1
128287,1
85075,1
107931,1
23694,1
160991,0
163718,1
8044,0
163420,1
7037,1
100289,0
95793,1
61369,0
2968,1
3069,0
44709,0
38156,0
86517,1
127410,1
112242,1
66801,1
21454,1
69342,1
123891,1
68120,1
119528,1
99345,1
97157,1
114275,0
8060,1
39273,1
88138,1
118735,1
138283,1
131951,1
89093,1
156299,0
100448,1
35792,0
118138,1
41277,0
94116,1
113929,0
135624,1
119832,0
7644,0
59986,1
60332,0
19517,1
61181,1
115908,1
45826,1
56565,1
138999,1
123214,0
84751,0
174304,0
113871,1
1348,1
139301,0
107332,1
76258,1
159226,0
13556,0
126436,1
103639,1
95008,1
95165,0
156731,0
31313,0
82607,1
134413,1
137196,0
46459,0
131529,0
175646,1
73445,1
26859,0
51393,1
155619,0
166917,0
115464,1
130579,0
118705,0
108071,1
85544,0
44729,0
39006,0
53040,1
136574,0
1825,0
109133,0
94591,0
34582,1
128414,0
141465,1
123175,0
170394,1
133844,0
168542,1
174377,0
137771,0
13535,0
154242,0
27862,0
1432,1
53686,0
175926,1
95607,0
130111,1
39595,0
141647,0
105743,1
2411,0
144683,0
75582,0
38308,1
99853,1
27046,1
124211,1
80252,1
121386,0
20024,1
178593,1
121854,1
32202,0
30056,1
4233,0
55144,0
169297,0
104150,0
8684,0
2475,1
151917,1
71947,1
65440,0
133069,0
148786,1
139245,0
120383,0
45063,0
180047,0
179221,1
107349,0
106028,1
98654,1
112618,1
164908,1
175621,0
68997,0
67286,0
69068,1
107758,1
36202,0
180124,0
178092,1
4288,0
77739,1
77787,1
132166,0
177692,0
35836,0
60809,0
87026,1
146039,1
21987,1
160579,0
18982,1
88223,1
136976,1
82312,1
64942,1
46312,0
26484,1
147965,1
50444,0
174803,0
32630,0
147393,1
81843,0
139699,1
70862,1
116959,0
3928,1
146095,0
163263,0
42227,1
33931,1
84177,0
165207,0
27250,1
133533,1
140222,1
100479,1
44404,0
176142,0
172166,1
20385,1
107443,0
49289,1
39032,0
137704,0
163215,1
139885,1
173661,0
138221,1
133871,1
121822,0
25948,0
130509,1
24423,0
143622,1
69940,0
77812,1
50913,0
174217,0
79842,1
143059,1
122923,1
65077,0
162438,0
159453,0
108918,0
56942,1
106895,1
133008,0
51031,1
72695,0
94134,0
74540,1
3203,0
144150,1
102204,1
1697,1
50752,0
133332,1
64386,0
4856,1
97702,0
161230,1
127661,1
52506,1
129295,0
98772,0
12679,0
41725,0
126003,0
100328,1
179200,1
114378,0
151286,1
1905,0
31776,1
147835,1
161852,1
138192,0
53566,0
121234,0
97539,0
41562,1
616,0
87331,0
6196,1
99184,0
1638,0
76014,1
102341,0
40579,0
92510,0
4120,1
146646,0
159141,0
62648,1
85064,0
78412,1
82835,0
69228,0
110274,0
75171,1
70087,1
24997,0
6921,0
7486,1
79359,1
47372,1
31849,1
101524,1
29251,0
11774,1
49566,1
125660,1
176780,1
80870,0
95814,0
133218,1
4446,1
154800,1
146144,1
29808,0
163037,1
23241,0
143826,0
142915,0
41595,0
158690,1
103774,1
2070,0
178950,1
22699,0
51635,1
113840,0
157681,0
5961,0
10723,0
104249,1
167113,0
146215,1
77551,1
119245,0
134738,1
34745,1
79501,1
161960,1
126827,1
171001,0
23177,1
28579,1
42609,1
34621,1
115859,1
71589,0
154664,0
111000,0
59533,0
90334,0
54056,0
21659,0
53215,0
2940,0
113022,0
142134,0
145344,1
41805,0
48369,1
50485,0
114961,1
101627,1
20211,0
91901,0
73238,1
66195,1
129453,1
160560,1
93210,1
75176,1
177649,1
163472,0
32196,0
98765,1
126104,0
80359,1
135722,1
22009,1
63008,1
98402,0
26541,1
87648,1
41349,0
146686,1
55222,0
16427,1
139977,1
29682,0
180179,0
62780,0
41594,0
35719,0
101571,0
167602,1
97867,1
100261,1
88867,1
102926,1
53867,1
67155,0
4790,0
133361,1
42547,0
135872,0
24701,0
138829,1
94827,1
59599,0
179492,1
48475,1
56341,0
79351,0
19539,1
166221,1
106165,1
72502,0
99186,1
165562,1
160103,0
171654,0
87777,0
173739,1
39904,0
170835,0
83113,1
36965,0
67916,0
128342,0
125649,0
137075,0
58709,1
132632,1
71933,1
165484,1
128183,0
47858,1
43042,0
47204,0
175423,0
64638,0
46370,1
105787,0
16651,1
80667,1
36827,0
85552,0
26817,1
47904,0
50389,0
128761,0
11208,0
135845,1
167486,1
140471,0
147389,1
115169,0
135046,1
59834,1
68238,1
175943,0
154295,0
24116,1
161405,0
56794,1
155318,0
50591,1
95233,0
19991,0
52831,1
153648,0
10516,1
113493,0
28185,0
60492,1
174201,0
157691,1
60612,0
172218,0
57553,0
37399,1
55401,0
78040,1
170501,1
83118,0
113589,0
63619,0
52049,1
11235,1
109573,0
19514,0
49608,1
45202,0
61747,1
124003,1
143719,1
151810,0
30453,0
112287,1
102515,0
172191,0
120797,0
76466,0
59548,0
118914,1
27109,1
9405,1
32797,1
22757,0
67143,1
175954,1
56000,1
59135,1
1903,0
71358,1
36683,1
141037,0
132186,1
11978,1
48680,1
97823,0
149159,1
113961,0
134919,1
148641,1
49248,0
94681,1
92825,0
124040,1
4443,1
88093,0
300,0
17711,0
153099,0
177257,0
69263,0
3809,1
16176,0
62391,1
89356,1
112070,1
140760,1
57927,1
62161,1
39356,1
148483,1
24617,1
96525,0
83338,0
173373,1
41497,0
153437,0
134563,1
84280,1
159020,0
152124,1
113738,1
66783,1
178476,0
78990,1
6105,0
36797,1
89897,0
16466,0
18841,1
95343,0
153090,1
55105,1
86619,1
25421,0
141716,0
57995,1
87697,1
63029,1
126780,1
124294,1
134318,1
116121,0
11075,1
67800,1
11072,1
19917,0
32971,1
118570,0
61557,0
59481,1
120098,1
74465,1
98837,1
157360,1
161219,0
153329,1
44744,0
171806,0
118532,0
154429,1
171188,1
92257,1
54908,1
61632,0
48229,0
34959,0
159458,0
121942,1
120003,1
107977,1
167288,1
81783,1
112148,1
110624,0
75764,1
14095,0
167631,0
74929,0
100389,0
34689,1
95987,1
26809,0
138268,0
50049,0
92877,1
93948,0
41985,1
118907,1
129285,0
110083,0
90088,1
70952,0
103775,1
162020,1
108471,1
7922,0
85383,0
24543,1
168877,0
107421,1
132685,1
103924,0
62423,1
164474,1
101750,0
74648,1
29709,1
114058,1
156550,1
108570,0
109310,1
90564,1
174264,1
163756,0
142928,1
128344,0
105795,1
174223,0
37117,1
72690,0
25711,0
57159,1
52689,1
151459,1
19928,1
2884,0
123525,1
60400,0
147880,0
107400,0
120903,0
54237,1
16202,1
131272,0
73833,0
113122,0
127831,0
146515,0
81272,0
80997,1
128712,0
45254,1
41506,1
146524,0
137816,0
53989,0
81651,1
54267,0
69257,1
39540,1
161730,1
72976,1
64259,0
77827,0
47440,1
58053,1
10192,1
95990,1
85143,0
142296,0
97643,1
114487,0
128694,1
50646,1
130100,0
165594,1
88326,0
21480,1
157023,1
38400,0
176290,0
54383,0
146856,1
43833,0
95368,0
18546,0
174886,1
90791,0
37139,0
71345,1
173294,1
114759,0
75583,0
175103,0
136267,0
42643,0
139295,1
171971,1
61815,0
51440,1
95200,1
150966,1
49176,1
62914,0
129788,1
888,1
176262,1
59141,1
104059,1
40142,0
42340,1
22839,1
49151,0
34245,1
101893,0
73512,0
9196,1
91651,1
165151,0
113953,1
107647,1
165389,1
51687,0
76206,0
23973,1
155937,1
174809,0
96563,0
118509,0
123822,1
147302,1
72894,1
64417,1
126222,0
91817,1
86836,1
98425,1
7394,1
166741,1
24020,1
160287,1
108840,0
88102,1
161984,1
85893,1
169254,0
20810,0
90254,0
151304,1
58224,1
172488,0
34424,1
128428,1
124196,1
115569,0
128520,1
74328,1
125355,1
157948,0
54664,0
101921,0
48991,0
15107,0
73136,1
27766,0
136146,1
74282,1
128542,0
77925,1
15500,1
65066,0
129146,0
80879,1
155895,0
38553,0
9690,1
112198,0
126005,0
138809,0
135184,0
97378,0
130272,0
76926,0
50530,0
25230,0
102314,0
112257,0
100843,1
62840,0
139593,1
49432,1
17001,0
134528,1
134080,1
174299,1
145556,1
24380,0
137930,1
40374,1
10612,0
143327,0
157887,0
20718,1
94976,1
132756,0
118544,1
115074,1
170816,0
526,0
52676,1
129067,1
85987,1
110602,1
43441,1
172146,1
173622,1
128160,1
27,1
50938,1
26649,0
62187,1
145385,0
101293,1
86337,0
37733,0
131134,0
110128,1
172279,0
148844,1
84795,0
57378,1
96337,0
36806,1
67545,0
71852,0
46601,0
2780,1
104634,1
102407,1
136295,1
55225,0
51334,1
79061,0
34733,1
153969,1
147782,1
155409,1
98263,0
1956,0
117846,1
153956,1
135571,0
27974,0
8827,0
32755,0
44495,1
33599,1
58379,1
105999,1
50985,0
117898,1
79404,1
133717,1
79821,0
68257,1
31889,1
159373,1
178836,1
43378,1
137532,0
86207,0
129044,0
109145,1
18565,1
74916,1
177160,1
3684,1
1107,1
12696,0
77470,0
33587,1
164348,0
9111,1
24789,1
20900,0
135007,1
67476,1
151880,0
172284,1
36617,1
70,1
13039,0
126998,1
130527,0
55176,1
93500,0
47528,1
2691,0
157630,1
153435,1
8011,1
75936,0
69479,0
6513,1
46187,0
7534,0
12610,0
45853,1
74708,0
162088,0
76848,1
81559,1
30256,1
154425,1
26303,1
122190,0
72939,0
42413,1
130412,1
57653,1
69040,1
171350,0
35986,1
40991,0
123387,0
18626,1
86487,1
69412,1
98998,0
156398,1
63348,0
162943,0
158954,0
56799,0
81803,1
175408,0
65447,0
44536,1
72610,1
108645,0
9683,0
13447,1
136077,1
150108,0
133243,0
127972,0
168820,0
79443,1
88267,1
143383,1
161474,0
178287,0
45925,1
71383,0
77901,1
136147,1
94815,1
176035,1
122104,0
43632,1
10750,1
17131,1
165977,1
80559,0
58209,0
148245,0
84818,1
61421,0
56452,1
165858,1
136199,0
130338,0
80661,1
130459,0
108851,1
103731,1
61739,0
179568,0
63369,1
45154,0
34263,0
71022,1
147129,1
90352,1
53729,0
93847,0
107137,0
40190,1
138092,0
99607,0
162828,1
33996,1
29496,0
21664,0
3401,1
46489,1
144031,0
28718,1
127574,1
110424,0
56724,1
67066,0
18542,0
8193,0
25030,1
84244,1
130268,0
177231,0
75686,1
72911,1
29561,1
141046,0
172550,0
85985,0
173794,0
145720,1
69818,0
138032,0
89996,1
76634,0
168290,0
86175,1
17778,0
98325,1
120721,1
28660,1
67116,1
141163,1
33821,0
70508,1
88586,0
95798,1
66112,0
85009,0
141333,0
86705,1
28238,1
35503,1
77593,1
144760,1
8064,0
52133,0
35023,1
6991,1
169519,1
132539,0
148992,1
47097,0
60298,0
120010,0
178828,0
57910,1
146638,0
171141,1
128356,0
99246,0
177542,0
93185,1
82512,1
156439,0
61453,1
149384,1
17433,1
178300,0
33690,1
7466,1
67333,1
137394,0
33861,0
81187,0
107800,0
117562,0
173584,1
148932,1
131949,1
145464,0
42460,1
163062,0
110884,1
176364,1
156304,1
107511,1
43723,1
161512,1
63489,1
131913,1
106992,0
16062,1
176664,0
12939,1
25599,0
137420,1
28963,1
62148,1
140156,1
11999,0
29410,1
93122,0
72078,0
65555,0
41905,1
51008,0
47431,1
66117,0
62796,1
93199,0
159877,1
30071,1
13167,0
134684,0
99662,0
9009,0
136056,0
58501,0
141731,0
128211,0
89182,1
106708,1
68698,0
7736,1
55945,0
156863,1
81529,1
116608,0
137518,1
44530,1
28885,1
176593,1
124459,1
8599,1
169076,1
72262,1
38195,0
76321,1
154939,0
28719,0
96203,0
169260,1
179906,1
161747,0
30982,0
150353,0
89052,1
23858,0
46712,1
7061,0
35393,0
152987,1
58471,1
63270,1
21750,1
78738,1
170277,1
121669,1
160214,1
138048,1
42409,1
96042,1
160012,0
85665,1
105990,1
126351,0
127317,1
103200,0
162371,0
70903,0
160448,0
46332,1
150559,0
63195,0
33949,0
61497,1
72003,0
167442,1
169680,0
44857,1
176250,0
58689,0
151272,1
180327,1
46411,0
125338,0
53728,1
83621,0
167921,0
3298,0
85017,1
57059,1
146792,0
66007,1
172573,1
178267,0
100862,0
28147,0
21546,1
10845,0
12701,0
108910,1
101442,1
170696,0
54980,0
154783,0
166275,0
84251,1
140120,1
134835,1
122369,1
76235,0
160721,1
111178,0
175625,1
160184,0
124051,0
71475,1
150120,0
67935,0
67538,0
118502,1
73782,1
131053,1
3710,1
125621,0
53271,1
13253,0
106264,0
54951,0
128883,0
148055,1
91868,1
130525,1
16369,0
21169,1
151001,1
70242,1
116372,1
44598,1
126904,1
22721,1
176634,0
105476,1
89359,1
137148,1
91822,1
101672,0
57351,1
121116,1
42143,0
117821,0
89452,1
4381,0
80004,1
491,1
80266,0
140192,0
71177,1
14255,0
110629,1
77657,1
21071,1
22720,1
76314,1
31798,0
152806,0
126311,1
149655,1
74295,0
32275,0
95783,1
65966,0
152391,0
180266,1
18240,0
78539,1
163669,0
11544,0
163632,1
172407,1
155654,1
97723,1
116777,1
132482,1
101956,1
103040,1
62443,1
70577,0
59043,0
86014,1
124035,0
134231,1
60984,1
173191,1
31682,1
142272,0
174208,1
154616,1
18300,1
118092,1
118328,0
46682,1
41576,1
152526,0
92699,0
54134,1
100244,1
1313,1
122762,0
78601,0
149154,1
61349,1
130970,1
12045,1
88477,0
111238,1
54149,0
41625,0
91167,1
64177,0
136746,1
70028,0
180508,0
102645,0
98717,1
93114,1
116212,0
127555,0
101396,0
171084,0
66501,1
23154,1
19293,1
2374,1
137931,1
142206,0
166744,1
101938,1
56834,0
16097,0
14218,0
42590,1
92841,0
120169,0
70056,1
116171,1
9065,1
77570,0
107526,1
62662,0
145211,0
55871,0
99765,1
127882,0
64530,1
15487,1
48536,1
22806,1
144286,0
39534,0
41900,0
25173,1
83508,0
9924,1
157037,0
36261,0
124860,1
158282,0
161700,1
50668,0
48802,1
159467,0
2711,1
95778,0
43883,0
35151,0
145962,1
66074,1
81649,0
13579,0
80682,1
151852,0
55485,1
15167,1
69141,0
45098,0
70747,1
74923,1
16371,1
25073,1
130810,1
102003,1
175680,1
135593,0
3957,1
101319,0
18641,1
49294,1
140962,1
145863,0
145721,1
897,1
149137,0
75344,0
142846,0
145932,1
59029,0
20499,1
82890,1
143747,0
644,1
102297,0
147209,0
42915,0
79406,1
109846,0
34396,1
42016,0
34455,0
114678,1
55737,0
6561,0
167330,0
126315,1
58292,0
123020,0
163875,0
137363,1
114741,0
42708,1
139923,1
43975,1
10759,1
164213,1
142649,1
133028,1
51001,1
45234,1
98834,1
164804,0
15956,0
134088,1
66807,0
39721,0
28775,1
74039,0
40458,1
45730,1
24416,0
53906,1
92184,1
8207,1
49392,0
178315,1
95469,0
109292,1
146502,0
145412,1
129292,1
159125,0
111881,1
146462,1
36875,0
14091,0
80681,1
82905,0
92457,1
47064,0
17563,0
58062,1
80240,0
37482,1
18239,1
102988,1
35938,0
57041,1
161760,0
103057,0
44382,0
124862,1
155633,1
162957,0
177408,1
56862,1
60828,1
178279,0
83776,1
134139,0
36741,0
117196,0
148078,0
39922,1
62081,1
179067,1
97229,1
169717,0
164241,1
53682,0
153248,1
112737,0
91384,1
4278,0
30689,0
51198,0
26844,0
163591,0
178223,0
42715,1
72909,1
79696,1
103796,1
139106,1
124730,1
80454,1
38895,0
81091,1
135465,0
74950,1
22466,0
41213,0
76364,1
148371,0
39224,1
78284,1
13184,1
83446,1
159883,0
8559,1
125700,1
168514,1
12252,0
27346,1
27067,0
14911,1
46546,1
100487,0
66812,0
118152,1
34234,0
68548,0
105391,0
115165,1
17798,0
95113,0
154877,0
50127,1
96304,1
73939,1
125661,0
16083,1
83490,1
112062,1
153286,0
76513,0
177754,0
41396,1
86767,1
124642,0
164493,0
31185,0
115148,1
83083,0
116081,0
19624,1
121457,0
89506,1
30686,0
65428,0
37212,0
162582,0
168125,1
104282,0
31933,1
24995,0
131827,0
160692,1
129317,0
8070,1
167390,1
120401,0
104024,1
79549,0
102772,0
77519,0
8403,1
155403,0
111077,0
58298,1
72995,0
31000,1
164346,0
73762,1
158513,0
124844,1
17788,0
171374,0
108349,0
37175,1
67454,1
90466,0
110030,0
47892,0
154260,0
31755,0
86476,0
100232,0
170077,0
82011,1
128329,1
41786,0
136179,0
114445,1
56417,0
89259,1
29141,0
36843,0
17077,1
12479,1
47857,0
167962,1
33843,0
96552,0
161882,1
92958,1
127420,0
147238,0
90652,1
167505,1
59111,0
3548,1
23290,0
171302,1
42180,0
29836,0
149434,1
26125,0
8396,0
148131,0
50795,1
95865,1
144562,1
139029,1
100537,1
77522,0
118807,1
77640,1
20727,1
131744,1
141121,1
162636,0
8216,1
177462,1
135002,1
127279,1
55298,0
16558,0
12757,0
39103,0
26788,1
49678,0
66605,0
25726,0
94786,1
85299,0
51747,1
50534,1
112877,0
122583,0
29878,1
158599,1
119787,1
88714,0
150738,1
109935,0
5332,1
51254,1
160419,0
135741,0
57971,1
117306,1
41272,0
35672,1
48850,1
6083,1
130160,1
13564,0
12373,1
46373,1
13560,0
88625,1
171205,1
167824,1
36944,1
33088,1
145874,1
128025,1
135370,0
108493,1
143501,0
37764,0
77309,0
106558,0
8802,1
72736,0
157043,1
83048,0
170992,0
51744,1
109438,0
145063,0
105770,1
95732,1
53442,0
82916,0
56826,0
24297,1
87623,0
69477,0
24968,0
30645,0
43280,1
6314,0
25928,1
89210,0
172424,0
51087,1
105642,0
34406,0
178926,1
68750,0
49745,0
31459,0
148224,1
125381,0
150694,1
168397,1
175905,0
60378,0
72860,1
97323,0
20153,0
151075,1
3663,1
171021,1
98743,1
93232,1
162317,0
87574,1
169422,1
18754,1
146090,1
22373,0
99908,0
119294,0
166048,1
29998,0
159786,0
179454,0
105292,0
157415,1
173024,1
116487,1
28441,1
87994,0
91398,1
13506,0
108723,0
126579,1
21586,1
64911,1
104340,1
134952,1
175412,0
176006,1
6228,0
92358,1
158000,1
94759,0
8252,1
131910,1
52080,0
31283,0
139153,1
34878,0
161082,0
132208,1
27549,1
40600,1
36798,0
83321,0
127538,1
128654,1
78824,0
138753,1
54140,0
89433,1
6575,1
161037,0
85314,1
92361,1
105948,1
174139,0
43152,0
95443,1
171559,0
38027,0
161605,0
20026,1
103850,0
84109,0
168946,0
173049,1
123784,1
129571,1
89923,0
55513,0
29379,0
107580,1
43601,0
160972,0
12354,1
148656,0
97722,1
150310,1
89791,1
131012,0
40340,0
86654,0
140226,1
124770,0
59537,1
70290,1
88187,0
31553,1
31343,1
9872,1
101404,0
4204,1
34476,1
103187,0
75317,0
65641,1
71071,0
41877,0
33854,0
49273,0
151714,1
102864,0
48932,1
104925,0
148588,1
145977,0
21692,0
47692,0
44093,1
138486,1
113465,0
147101,1
55861,1
97068,1
51548,1
40330,1
35793,0
104624,1
4546,1
43043,0
61519,1
19785,0
112201,0
73388,0
107,1
31714,1
109287,1
27244,1
666,0
110897,1
41715,0
152777,0
103293,1
14028,0
136101,1
116696,1
16773,1
48044,1
14427,0
4842,1
117324,1
129182,1
88397,0
40428,0
166222,1
139701,0
56954,1
14355,1
125680,1
45669,1
62073,1
126675,0
124571,1
30919,1
80807,1
57566,1
45458,1
112116,1
173551,0
128359,0
65867,1
82179,1
118695,0
60261,1
103429,0
45920,0
159419,0
7189,0
9300,0
32747,0
57290,1
3338,1
5720,1
14079,1
101139,0
106673,0
75703,1
145596,1
46684,0
136747,1
92552,1
163467,0
121267,1
134553,0
144,1
166245,0
8027,0
142592,1
54501,1
112928,1
113015,1
110443,0
130816,0
149507,0
65206,1
173259,1
14045,1
68188,1
121826,0
118430,1
132716,1
83982,1
83189,0
69168,1
88840,1
104641,0
41963,0
15097,0
116933,1
152441,0
102158,1
9359,0
162205,1
174576,1
23321,0
113902,1
2238,0
157417,1
61989,0
149156,1
34695,1
5889,1
130435,0
3993,0
170319,0
103984,0
37749,1
69167,1
25167,1
132511,1
38176,1
173547,0
152624,1
77694,1
49613,0
151091,1
9198,0
159630,1
155182,0
95822,0
116809,1
118899,0
59878,0
63665,0
110018,1
153227,1
145187,0
114022,0
8576,1
15383,1
9648,1
20340,0
170661,1
9459,1
40961,1
139615,1
98257,0
62765,1
23482,1
152097,0
71329,1
160295,1
179554,0
55758,1
109939,0
128918,1
4247,0
63850,0
72923,1
30826,0
108560,1
54464,0
16942,0
68691,1
90363,1
1794,1
47229,1
127442,1
111,1
19596,0
77008,1
59126,1
140037,1
121418,0
34139,1
82372,1
2497,0
43105,1
99935,0
163664,1
129857,1
157024,1
16601,1
89408,1
126494,0
67582,1
25273,0
36729,1
90673,0
82637,0
8781,0
89608,1
106770,0
33467,1
108974,1
152798,1
30294,0
131602,0
27651,1
65456,1
145547,1
159993,0
69862,1
177639,0
52043,0
102547,1
163793,1
125209,0
22096,0
16206,0
66982,0
138087,1
11328,1
147690,0
66608,1
79699,1
88356,1
100259,1
157315,1
97711,0
23559,1
28476,1
21704,0
57020,1
153720,1
134863,1
92031,1
161516,1
12355,1
179488,1
39835,1
46821,1
94892,1
34176,0
52768,1
166484,1
67978,1
10492,1
13812,0
121235,0
44863,1
13931,1
49516,0
175279,1
65276,0
60997,1
78408,0
38947,1
150965,1
86865,1
107777,1
116292,1
56809,1
141955,1
147368,1
131362,0
120998,1
23369,0
76647,1
136286,0
66164,1
102481,1
45145,1
27949,0
1065,1
389,1
78104,0
68381,1
18025,1
93203,0
110958,0
120519,1
151534,0
147446,0
65339,0
28610,0
130962,1
50762,0
97268,0
119661,1
43752,0
96526,1
129573,1
83651,0
80276,1
176786,1
133639,1
11821,1
153241,0
14932,0
27895,1
62940,1
161813,1
128950,1
83953,1
77668,0
45687,1
6028,0
129761,1
137902,0
117641,0
150063,1
97795,1
42767,0
177934,1
57638,1
8812,1
32382,0
77463,1
114774,0
53694,0
106314,1
100541,1
172282,0
43408,1
81386,1
116594,1
176167,0
57471,0
126607,1
178783,0
174764,1
56980,1
29846,0
175182,1
94239,1
113004,0
69786,0
135838,1
29961,1
140914,1
97335,1
66165,1
46674,0
57172,0
92353,1
150643,1
40102,0
89933,1
144773,1
164889,0
74254,0
139743,0
16923,1
41484,1
166665,0
22622,1
43760,1
55792,1
42976,1
61725,1
56327,1
22140,0
30082,1
141989,1
149316,0
60206,0
93969,0
80679,1
70000,1
25988,1
145454,0
88204,1
96500,0
2606,1
53250,1
78980,0
136897,0
84273,1
37864,1
120983,1
67803,1
140892,0
138003,1
94949,1
55953,0
20007,1
76645,1
140026,1
94723,0
162408,0
160378,0
111309,1
68456,0
40934,0
23992,1
103718,1
91792,1
72209,0
147198,1
166145,0
91067,1
162326,1
125705,0
160751,0
80478,1
172388,1
141753,1
170,1
122751,0
140820,0
56281,0
1889,0
104885,1
1078,0
152593,1
1634,1
70795,0
45270,0
58115,1
137610,0
47678,1
22539,1
137813,0
116676,1
10712,0
33849,0
13094,1
27390,0
16149,1
21544,1
84009,0
118206,1
3369,0
112865,0
119808,0
128440,0
138352,1
108506,1
78939,0
115439,0
168430,0
77714,1
41024,1
149778,1
37786,0
27896,1
125929,1
58976,1
27380,1
25356,1
123420,1
157117,1
52149,1
174047,1
94911,0
150537,0
12044,1
58361,1
45506,1
4633,1
158228,0
90583,0
121152,0
167802,0
155672,1
118743,1
163937,1
140606,0
95053,0
13365,0
162413,0
35258,0
16567,0
152149,1
169283,1
48760,1
121000,1
43162,1
107496,0
148327,1
34798,1
15371,1
61399,1
117367,1
109564,1
110146,1
49843,1
48704,1
60817,0
71585,0
163415,0
177213,1
15304,1
180392,0
98976,1
87938,0
8606,0
141524,0
50126,1
172684,1
135449,1
57534,0
17672,1
126951,1
131579,0
84908,1
66968,1
173743,1
57434,0
25933,1
120008,0
33419,1
95632,1
19834,0
114517,0
82976,0
28232,1
118255,0
159601,0
90183,1
162891,1
79232,1
33283,0
75409,0
25926,1
28213,1
147723,0
116282,0
4019,0
129356,0
3342,0
174912,1
122536,1
33017,1
30291,0
171988,1
130073,1
105318,0
89715,0
26792,1
112197,0
132067,1
77419,1
149405,1
63976,1
163457,1
134758,1
20871,1
108983,0
129346,0
121179,0
6187,0
70108,1
167404,0
24460,1
45756,1
25614,0
42924,1
164383,0
88200,1
4212,0
90895,0
57236,1
100911,1
177830,0
125263,0
108569,0
153682,1
70588,1
23260,0
7833,0
66564,1
119568,0
15337,1
95168,1
92766,0
128759,0
148317,0
178269,0
62068,1
160413,0
65104,1
85030,0
137181,1
165263,0
123705,1
113460,1
146714,1
36591,0
63875,1
33201,1
107692,1
13058,0
111849,0
137674,1
41688,1
41033,0
55047,1
154256,0
96425,1
132867,0
162888,1
60038,1
60379,0
693,0
11404,1
34967,0
2985,0
107922,0
37111,0
26891,1
147912,0
21985,1
82562,0
83399,1
125193,1
111656,1
102523,0
57427,0
118094,1
145457,0
30786,1
114480,0
10917,0
176446,1
46079,1
12822,1
137961,1
6595,1
145632,0
147764,0
151016,0
69528,0
58789,0
137940,1
108016,0
171994,1
96381,1
157069,1
25783,0
64022,1
64171,1
138008,0
121574,1
82157,1
63785,1
82463,0
52521,0
48459,0
40119,1
106672,0
61930,1
99230,0
65164,1
157158,0
120141,0
39212,1
156417,1
178663,1
11563,0
79760,1
138802,1
44562,1
172872,1
70360,0
128959,0
3801,1
72521,1
114977,1
100355,0
78157,0
52917,0
93831,0
64228,0
65317,1
124235,1
26291,1
17627,0
163705,1
119588,1
89302,0
94491,0
144850,0
36670,1
60592,1
61371,1
149751,0
156106,1
71332,1
125452,1
136887,0
147078,0
146649,1
57656,1
103940,1
58775,0
78655,1
75065,0
90424,1
119667,1
55142,0
138585,0
17735,1
152778,0
36054,0
18429,1
26642,1
139806,0
172828,0
159382,1
146554,1
158063,1
35398,0
98731,0
156017,0
70672,1
92498,0
25829,0
7455,0
80927,0
138698,1
26688,0
76175,1
38141,1
85853,1
13050,0
133103,1
88548,1
116894,0
81010,0
118993,0
13680,0
59980,1
87854,1
178604,1
11831,1
43087,0
132177,1
16696,1
170475,0
96230,0
10162,1
110463,0
45011,0
25394,1
64933,1
75594,0
60575,1
97590,0
150028,1
88023,1
58040,1
150059,1
163524,1
86751,0
149017,0
94397,0
10498,0
155868,0
113959,0
84857,1
41483,1
105214,0
12457,1
119047,1
119093,1
54061,1
43588,0
24049,1
178934,1
111600,1
106596,1
119036,0
13652,1
98164,1
27853,0
146248,1
65159,1
19480,1
162610,1
167191,0
27415,0
162726,0
36098,0
149494,0
143166,1
13081,1
110664,0
138936,1
82190,1
148740,1
140239,0
104435,1
18165,0
115803,0
32014,0
106778,1
82983,0
127955,1
47167,1
128645,0
148174,0
46368,1
106615,1
31505,1
104927,1
468,1
48617,1
104802,1
3174,1
111942,1
96702,1
39497,1
110989,1
138689,1
102770,0
159858,0
168411,1
46027,1
79417,1
136557,1
157311,1
13180,1
32638,1
90339,1
132922,1
151549,1
1920,1
68012,1
135016,1
92019,0
81435,1
14918,1
56095,0
3273,0
151435,0
67550,0
134001,0
168111,0
175904,1
118883,1
56396,1
163379,0
128601,1
10939,1
36722,1
76697,0
37930,1
130641,1
18461,0
55346,1
114805,1
168145,0
50886,1
9233,1
99978,1
117949,0
48359,0
70379,0
71685,0
95549,1
76965,0
76820,1
63724,0
141243,0
13266,0
52960,0
3917,0
22437,0
123016,0
86910,0
84436,0
50686,1
166633,0
139019,1
20659,0
35197,1
11560,0
4450,1
173184,0
17391,1
140968,1
75073,1
177611,1
47920,1
132950,0
75674,1
124738,0
60207,0
96945,1
132734,1
156802,1
177077,0
67556,1
74018,1
40882,0
155713,1
135491,1
65145,1
56767,0
65433,0
120336,1
81453,0
966,1
55923,0
7692,1
153259,1
176417,1
78096,0
89698,1
30184,0
70600,0
86914,0
99664,0
38053,0
155584,0
71798,1
49480,0
65329,0
88772,1
172716,1
149569,0
168493,1
83507,1
74704,1
123605,1
52390,0
15268,0
103788,0
24631,1
47338,1
20875,0
112452,1
71420,0
79013,0
48297,0
164674,0
60591,1
95801,1
106482,1
89925,1
155468,1
150167,1
18646,1
44489,1
70993,1
41161,1
133064,0
22906,0
21671,0
152095,0
106448,1
178263,1
174433,1
94585,1
155302,0
95391,1
176495,0
56686,1
13888,1
142889,0
29487,1
19892,1
123903,1
125887,1
54686,1
24612,1
146204,0
166330,0
16829,0
2242,1
161526,0
22550,1
158274,1
36110,1
26093,1
71154,0
50881,0
75498,0
68091,1
37656,1
1200,1
109723,0
97781,0
149042,1
91443,1
99621,1
32712,1
173360,0
58683,0
108286,0
816,0
156948,0
98859,0
53420,1
16396,1
52897,0
140831,0
129401,1
82641,0
79084,0
96264,0
3914,0
29696,0
26289,0
169044,1
136088,0
45472,1
139107,1
130638,1
12775,0
100164,0
166407,1
7417,0
103960,0
14157,1
134269,0
107212,1
87050,1
158613,0
70583,1
50934,0
63398,1
49670,1
63620,1
172245,0
113835,0
113418,1
79018,0
38352,1
108575,1
15997,1
130058,1
177748,1
13199,1
102834,0
135291,0
13275,1
144480,1
85202,0
88439,0
121020,1
52871,0
96296,1
76612,1
21561,1
166715,1
99848,1
56295,1
21478,1
162676,1
159597,0
27014,1
154083,1
70654,0
160530,1
69295,0
59710,1
57747,0
42491,1
60570,0
171136,1
100637,0
62618,0
49259,0
154098,1
39068,0
118331,0
104460,0
47744,1
47181,0
32477,1
61533,1
175902,1
36820,1
170232,0
12947,1
85470,0
46232,1
23714,0
33770,0
130933,1
32038,0
113517,1
24254,0
26469,0
35355,1
84345,0
162258,1
9681,1
97708,0
95090,0
171140,1
99710,0
159398,1
36818,1
168591,0
172202,1
104850,0
127382,1
85287,0
29033,1
56373,1
100502,1
44888,1
119984,0
61837,0
7512,0
174144,0
137216,1
35044,0
21373,1
48509,0
63232,0
42161,0
166580,0
155840,0
62907,0
162646,1
9718,1
172887,0
87672,1
107917,1
81722,0
138431,0
4760,0
153936,1
11257,0
36062,1
23197,0
165859,1
114935,1
26783,0
111567,0
94594,0
87139,1
173423,0
28696,1
70686,1
146388,0
143110,1
98989,1
17189,1
126753,0
15461,1
116348,0
31768,1
69900,0
95545,0
107985,0
75633,0
176572,0
16524,1
102177,1
139115,1
131207,1
78880,1
52900,0
18727,1
152640,1
102916,1
5296,0
136813,0
53495,0
77889,0
56432,1
79176,1
44766,1
158406,1
180481,1
48955,0
151267,0
48112,0
22752,0
140676,0
90819,1
81668,1
66273,1
17564,0
140362,0
108625,0
123690,1
68553,0
80406,0
72282,1
17351,0
26625,0
33452,0
161773,0
15817,1
40341,1
158859,0
51651,1
152315,0
155275,1
158656,1
5251,1
101970,0
106197,0
174499,0
102477,1
120691,1
133461,1
79490,0
125921,1
167672,1
12931,1
175903,0
55480,1
73170,0
53792,0
4615,0
11768,1
81714,1
64762,1
113383,0
169884,1
176637,1
105939,0
61010,1
163701,1
126330,0
66219,1
161640,1
123190,1
118766,1
121740,0
154811,0
107103,0
106393,0
129045,1
22075,1
41469,1
78359,0
10414,1
41252,1
124386,1
124792,1
145467,0
21936,0
102522,0
92077,0
202,1
121041,0
346,1
163569,1
121733,1
132931,1
161491,0
19328,0
23425,1
7581,0
684,0
73541,1
111900,0
41206,0
159794,0
173527,0
116782,1
166637,1
138878,1
93973,0
80346,0
108787,0
167290,1
105691,0
160568,0
58408,1
48043,1
94044,0
130840,1
151556,0
141412,0
1471,1
13407,1
70849,1
178462,1
20712,0
145472,1
164462,0
34471,1
119720,0
14608,1
52325,0
71716,1
93347,1
127132,1
97394,0
20936,1
8276,1
22930,0
151499,1
21494,0
121570,0
9162,0
62931,1
140694,1
73070,0
81335,1
134677,0
149112,1
16572,1
75469,1
126670,1
22823,0
132973,1
102927,1
3222,1
40809,1
16676,1
100636,0
131604,0
87311,1
31860,1
154640,1
38168,0
53254,1
103502,1
98727,0
128732,1
49561,0
59778,1
45097,0
103080,1
45052,0
160092,1
65524,0
81203,0
59775,1
85151,0
72222,0
150237,0
74546,0
154467,0
155834,1
129578,0
170234,1
82806,1
129133,1
86188,0
146863,0
5670,1
8574,1
54229,1
154308,0
33527,1
134661,0
56210,1
173869,0
97386,1
164769,1
129092,0
35008,0
61886,1
139798,0
2282,0
41039,0
41306,1
43744,1
143130,1
159801,0
134590,1
63728,1
96206,1
63138,0
151477,1
77920,0
127039,0
77280,0
140942,1
1345,0
128373,1
124026,0
161694,1
83502,0
126352,0
103378,1
35745,0
48233,0
100957,0
69573,1
136893,0
14966,0
152955,1
8521,0
80129,0
47638,0
127860,0
139664,0
116041,0
171399,0
140871,1
48856,1
94600,1
4733,1
52859,1
177395,1
156206,0
96946,1
179515,0
147563,0
178055,0
51437,0
26876,1
70306,1
16131,1
111189,0
164335,1
36138,0
104154,0
17242,0
132767,1
77600,0
144327,1
46513,1
50717,1
80214,0
51532,1
103613,0
15120,0
98852,1
83454,1
35391,0
154923,0
78747,1
73452,0
5855,1
8789,1
135130,0
30418,1
80278,1
109077,1
169245,0
179597,1
13715,0
159611,1
96443,0
10852,0
83076,1
15829,1
65058,0
176345,1
114863,0
45323,1
29984,1
19746,0
55240,0
2625,1
106092,0
155776,1
149619,1
29223,1
98830,1
149071,1
144629,1
72364,1
128048,0
90389,1
34133,1
156811,1
106620,1
111779,0
73615,0
118391,0
100562,0
115258,1
85643,0
100473,1
2278,0
178730,1
128343,0
72570,0
128620,0
165220,1
164642,0
143486,1
70155,1
21386,1
38867,1
65426,1
3141,1
143258,0
175538,0
13574,0
120588,0
49076,0
16192,0
15297,0
113651,1
173089,1
155316,1
29819,0
63649,1
100402,1
31625,0
63060,1
134028,1
140552,1
95253,0
136404,1
90115,1
169528,0
41476,0
173192,0
81577,0
65257,1
53849,0
84082,0
134031,0
66565,0
89200,1
87119,1
51832,1
86323,1
30719,0
157743,0
111169,1
78864,0
139623,0
158995,1
159370,1
70465,1
17272,0
152385,1
112486,1
123492,1
36486,1
7217,0
26392,1
132458,1
88000,0
131970,0
44982,0
109465,1
18969,0
4151,0
141733,0
100034,0
78338,0
99857,1
144298,0
86437,1
30710,0
28119,1
33433,0
179153,1
1400,0
24658,0
32279,1
33736,1
49863,0
43890,1
152170,1
10190,1
1586,1
77476,1
171554,0
141748,1
59479,1
161404,0
69795,0
137733,0
147837,1
164764,1
78401,1
58262,0
132894,0
5270,1
169420,1
130534,0
97039,0
148775,1
97798,1
13769,0
105903,0
7957,1
89519,0
96537,0
11078,1
47650,1
151174,0
508,0
33224,0
151447,0
51981,0
144846,1
89885,0
123137,0
177786,0
49737,0
73279,1
7786,0
142354,0
62582,1
138694,1
12820,1
4847,1
31507,1
156603,0
37164,0
108111,0
119752,0
116082,0
16777,0
90769,0
168001,1
57845,1
32663,0
108624,1
518,0
130800,0
162340,0
144119,0
25377,0
160029,0
147753,0
158035,0
77807,0
3966,1
54688,1
180231,1
162237,1
42465,0
70195,0
151071,0
133266,1
130469,0
114178,1
128383,1
29570,0
14872,1
171636,0
124747,1
78808,1
79806,1
35509,0
101593,0
35149,1
115698,1
84606,1
31102,1
176933,0
46740,1
95298,0
71307,0
79195,0
69205,1
62505,0
154244,0
130626,1
140882,1
84389,1
121842,1
78850,1
173231,1
124382,0
133708,0
29581,1
165213,1
12726,0
138905,1
77933,0
7920,0
173096,1
148301,0
141536,0
132437,0
172002,0
41845,1
175186,1
142517,1
27206,0
14048,1
148291,0
119654,0
162589,1
22298,1
51626,1
169692,1
136501,1
173013,1
113096,0
17716,1
35818,1
82951,1
154030,1
134173,1
36877,1
133562,1
45812,1
62645,0
77408,0
144464,1
78570,0
88002,0
148722,1
59712,1
96505,0
64840,1
167015,0
166483,1
81447,0
142774,0
154865,1
55820,1
90221,1
2716,1
132159,0
94956,1
84263,1
120178,1
56804,0
43606,0
33396,1
54941,0
122578,1
7181,1
35554,1
120879,1
6473,0
16940,1
19903,1
69588,1
115072,1
166246,1
63201,0
170025,0
41561,1
108765,0
64372,1
20607,1
85538,1
36233,1
62640,1
102236,1
127046,1
92486,1
142146,0
88790,1
27897,0
86687,0
154335,1
151085,0
126215,0
77014,1
53925,1
15669,1
35353,0
53305,1
9262,1
164612,0
46201,1
172439,1
72555,0
82820,0
106076,0
141299,0
169807,0
16841,1
123078,1
39592,1
113075,1
131535,0
176172,1
108254,1
90123,1
15027,0
78227,0
9375,1
481,0
82616,1
174286,0
3012,1
123733,1
58026,0
91234,1
34375,0
56613,1
158780,1
180456,1
160660,1
123073,1
41989,1
26986,0
41606,1
93968,0
46212,0
151934,0
75437,0
121704,1
113947,0
98036,1
118686,0
112604,0
119205,1
148218,0
125146,0
137917,0
368,1
161667,0
143749,0
155408,1
109885,0
47719,0
52940,1
121742,0
128838,1
33895,1
113834,0
171945,1
158403,0
149144,1
127188,0
57391,0
148150,1
25037,1
156271,1
64869,1
73534,1
43119,1
14496,1
176231,0
128813,0
43544,0
5190,1
165486,1
70487,0
162484,1
76276,0
4504,1
44036,0
70317,1
169719,0
110444,0
129929,1
174829,1
2853,0
166579,1
153888,1
3892,0
174136,0
116792,0
39195,1
106685,1
97625,0
180187,1
70837,0
173431,1
16026,1
171479,1
74056,1
176657,0
41536,1
165923,1
137663,1
7153,0
71857,1
23677,1
143140,0
119413,1
72922,1
104028,0
128765,1
62664,0
140691,1
145442,0
166041,1
67553,1
52821,1
157839,0
169608,1
13189,0
19671,1
18915,1
17229,0
149451,0
109759,0
80864,1
137607,0
14740,1
59563,0
167615,1
148700,1
120089,1
132914,1
158224,1
96041,1
70381,0
129036,0
175427,1
60432,0
58375,1
118448,0
11523,1
10790,1
170016,0
65042,0
92518,0
1156,0
145996,0
84348,0
4707,0
41333,1
127010,1
7903,1
170092,0
49343,1
84424,0
51451,0
126636,1
60323,1
148832,1
165559,1
156451,1
81680,1
18372,1
143682,1
147430,0
4134,1
104372,1
80774,1
63241,1
153543,0
21654,0
173366,1
69716,1
65846,1
143303,1
156410,0
73491,1
27600,0
58411,1
179609,0
40807,1
177801,1
2561,0
12400,0
119258,1
21569,1
100842,1
31379,0
29064,0
119792,0
47369,1
30276,0
68352,1
84693,0
102632,1
74435,1
120554,1
103283,1
121354,0
81983,1
40767,1
24064,0
99192,0
23760,0
143314,1
142116,1
43461,0
32035,0
27417,1
76377,1
93679,0
43808,0
109033,1
52240,0
9325,0
79117,1
45590,1
78916,1
5778,0
98146,0
122944,0
95824,0
153663,1
6487,0
108766,0
42050,1
177043,0
151871,1
87309,1
24957,1
180265,0
91784,0
7110,1
136972,1
156115,1
173478,0
159005,0
60156,0
134437,1
126370,1
136349,1
64847,0
115042,1
14605,0
91746,0
150130,1
64707,0
48765,0
91509,1
134827,0
107290,0
35350,1
172396,0
136596,1
11970,0
35956,1
180173,1
63236,1
83341,0
135837,0
93875,0
48121,0
69155,0
163855,1
171028,0
25872,0
176381,1
42133,0
77706,1
32071,1
45481,1
85701,0
49364,1
163040,0
17132,1
159235,1
57799,1
126423,1
179224,0
52384,1
165160,1
24481,1
7258,0
6804,1
137285,1
144440,1
44405,0
141503,1
78149,0
20095,1
42587,1
145380,0
94653,1
73715,1
173248,0
31542,1
107380,0
75472,0
38847,0
153928,1
141992,1
101365,0
126663,1
99812,0
13926,0
172783,0
10483,0
130984,1
41911,1
47424,0
140713,1
35864,1
119811,0
174584,0
92696,0
16721,0
117734,1
41960,0
39043,0
18495,0
139706,1
164272,0
127460,0
102964,0
89940,1
158258,1
113334,1
118555,0
90417,1
171183,1
113224,1
21808,0
64739,1
101741,0
113872,1
10198,0
26260,0
116109,0
99780,1
155693,0
42713,1
131958,1
45868,0
80071,0
32415,1
9989,1
116504,1
170042,0
103194,0
23862,0
101294,1
60656,0
130956,1
46153,0
89636,1
128910,1
97012,1
11846,0
15800,1
7283,0
76780,1
41422,1
41654,1
113339,0
33319,1
109904,1
141987,0
174614,0
17815,1
125734,0
155573,1
114854,1
143724,1
9677,0
65475,1
71588,0
165969,0
16545,1
171311,1
2386,1
111426,1
53768,1
7355,1
21155,1
68555,1
129556,1
171718,1
172640,1
39657,1
39693,0
56851,0
112591,0
174211,1
127200,1
44294,1
127552,1
97801,0
56388,0
93315,0
98384,1
147189,0
145758,1
64398,0
75979,0
144496,1
108832,0
54262,0
77659,1
12138,1
137494,0
74520,1
86673,1
27012,0
165058,1
147174,1
94657,0
42960,0
34037,1
87305,0
35970,1
7354,1
171736,0
149885,1
95748,0
54790,0
6815,1
174856,1
90727,0
53662,0
79509,0
164667,0
149820,1
151727,1
176765,0
134771,0
90101,0
140010,1
164022,0
58077,1
172431,0
108154,0
118805,1
131623,0
79903,0
77375,1
51931,1
39515,1
62314,0
70520,1
129972,0
42463,0
144456,1
157573,1
112526,1
28424,0
100964,1
67316,1
44817,1
29192,1
19198,0
93879,0
134967,0
82642,0
142412,1
177810,1
121251,0
112645,1
92394,1
170326,1
90840,0
154029,1
32252,1
8347,0
31557,0
31001,1
156886,1
59107,1
87239,1
91864,1
151638,0
99042,0
132873,1
149387,1
146349,1
131517,1
172105,0
124421,1
125383,0
64935,1
77994,0
63174,1
58830,1
119406,1
84411,0
49412,0
132322,1
109596,1
105223,0
94981,0
43332,0
62883,0
103836,0
48358,0
42819,1
160612,0
171128,0
76616,1
78351,1
12788,0
67354,0
119330,1
166884,0
114951,1
180104,0
97619,0
59093,1
58205,1
92291,1
57311,0
156815,0
135581,1
122290,1
31108,1
165386,0
41778,0
154911,0
90670,1
74656,1
17621,1
169494,1
90384,1
70243,1
57279,1
86173,1
101757,1
37382,1
140786,1
170793,1
110064,0
97681,1
3146,0
70614,1
147228,1
59306,0
36476,0
24174,0
35369,1
152165,1
72338,1
144816,1
73932,1
150926,0
40643,0
8904,1
4430,1
88277,0
148199,0
57082,1
75605,1
159356,1
93359,1
45718,1
75158,1
158819,0
61230,1
154358,1
9981,1
21416,0
175332,1
98707,0
116653,1
66479,0
77715,1
153393,0
31546,1
159170,1
141147,0
122966,1
116686,1
80058,1
69302,0
117107,0
61148,0
17542,1
113554,1
107201,1
74525,1
148596,1
168388,1
146497,0
94022,0
21629,1
172237,1
55939,0
72065,1
86677,0
127727,1
46067,1
103573,1
68074,1
88739,0
141150,0
118381,0
118079,0
76925,0
151148,0
59876,0
46189,1
60114,1
14204,1
93546,1
133203,1
47611,1
5950,1
132181,0
128016,1
25552,1
129769,1
161541,1
56447,0
169748,1
90888,0
49025,1
88779,1
58573,0
141022,0
140369,0
24806,0
9010,0
125300,1
90712,1
135307,0
51188,0
58169,0
175520,1
44209,1
154934,0
53526,1
17474,1
7699,1
175908,1
117451,1
177907,1
8693,1
83316,1
44052,0
144831,1
129668,1
148980,0
173078,1
99958,0
86379,0
120394,0
124127,1
50100,0
63537,1
40541,0
11180,0
75965,1
152772,0
63618,0
17089,1
78715,1
126541,1
94358,1
147944,0
162377,1
19073,0
7216,1
132097,0
1741,1
175847,0
51535,0
65310,1
96600,0
43056,0
155470,1
73971,1
78321,0
11800,1
134770,0
103435,0
3542,0
60924,0
39649,1
159487,1
73586,1
54019,1
22964,0
75884,1
85644,0
66449,0
88677,1
87600,0
64832,0
31077,0
37059,0
96173,0
174484,1
80210,0
1279,0
28703,1
12959,1
112673,0
30627,1
120063,1
72924,1
15001,1
144839,0
176551,1
140843,0
164358,0
160191,1
111675,1
109394,1
141635,1
38557,0
92428,1
11732,1
159009,0
32704,1
85754,1
75892,1
40791,0
84652,0
16903,0
142730,1
174083,1
140809,0
135747,0
124065,1
80649,1
93186,1
93256,0
133333,1
85766,1
50949,1
132428,1
132677,0
132449,0
133837,1
10919,0
130610,1
139431,1
72098,0
146097,0
93167,0
90601,0
117892,1
53091,1
99695,0
8604,1
164053,1
39189,1
102125,1
88934,1
123362,0
57651,1
106696,1
31359,1
82897,0
56328,1
134184,0
18595,0
89607,0
132871,0
101650,1
11304,1
4245,0
69644,1
3247,0
26558,1
97299,1
150796,1
41737,1
112389,1
39444,0
105295,1
12989,0
45138,1
45417,0
125951,0
169150,0
29029,1
15811,0
25084,0
145131,1
89167,0
92341,1
93395,0
108450,1
141510,1
142077,1
141241,0
44442,1
60971,1
158589,1
67261,0
160479,0
170382,0
43360,1
53678,1
103340,0
134567,0
107622,1
47139,1
131111,0
42487,0
96357,1
119339,1
70171,1
158055,0
3733,0
140638,1
77,0
71207,1
23946,0
40749,1
63244,0
25001,1
101849,0
16110,1
52621,1
60791,1
81140,1
150620,0
159342,1
164754,1
157742,0
135891,1
54108,0
116564,1
94457,0
19217,1
45659,0
141868,1
31568,0
3856,1
141704,0
14130,1
38919,1
130794,0
23893,0
102212,1
138233,1
150977,1
161374,0
144411,1
106872,1
167386,0
11830,1
111066,1
34753,0
110830,1
85264,1
170692,1
74363,1
68066,0
125247,0
138446,0
7965,0
267,0
133430,1
160892,0
102318,1
170210,1
106046,1
110546,1
177832,1
10157,1
53635,1
102502,0
9184,0
131495,1
103598,1
98499,1
31162,0
164614,0
136788,0
25924,1
170922,0
94551,1
26293,1
97306,0
65681,1
18212,0
48976,1
74302,1
37631,1
118679,1
30315,0
157582,1
140183,1
146724,0
94796,0
76838,1
172483,1
42896,0
134965,1
63373,0
51705,0
117158,0
56009,0
144381,1
80422,0
24112,1
135343,0
32251,1
63729,1
104036,1
68857,1
81708,0
114360,1
103763,0
178443,1
110741,1
74078,1
167985,1
27666,1
36226,1
154993,0
55600,1
98968,1
23882,1
92703,1
26757,0
69841,0
43919,0
65601,1
83018,1
172660,0
169768,1
2140,1
41627,1
122173,0
29084,0
121795,0
157637,1
63199,0
160584,0
61440,1
11545,0
84836,0
28781,1
46567,1
76605,0
69948,0
53798,0
36260,0
159220,1
11634,1
172126,0
44174,0
26515,0
16288,0
67461,1
76661,1
77239,0
159154,1
100117,1
69681,0
34418,1
25069,1
152091,0
2925,0
172365,0
112076,0
118486,1
152258,1
179986,1
78979,0
109856,0
128008,1
10751,1
53096,1
176737,0
151862,1
136658,0
10160,1
116186,1
112625,1
36689,1
38075,0
103721,1
31251,1
45439,1
1858,1
40054,1
52598,1
169942,0
56964,1
119797,0
72709,1
133609,1
30495,0
31174,1
19428,0
122365,1
68882,1
177985,1
127191,0
40085,1
112158,0
109608,1
60710,1
38716,0
166760,1
74798,0
67048,0
157808,0
124652,0
73151,0
78612,1
16476,1
32480,1
10026,1
84800,0
169674,1
36050,0
154238,0
48825,0
110962,0
120159,1
98356,0
130302,1
96684,1
87821,1
103519,1
163016,1
41428,0
53142,0
39566,1
9870,1
47861,0
165801,1
122419,1
96897,0
49650,0
151585,1
63550,1
89924,0
125878,0
98941,1
97546,1
122563,1
82146,1
32490,1
119869,1
24595,0
72819,0
163342,0
57737,1
18840,0
18689,0
118235,1
141691,0
68165,1
82417,1
94122,1
179990,1
149338,0
59292,0
81557,1
160007,0
117642,0
1557,0
18897,1
37822,0
67638,1
47842,1
96913,0
65799,0
151718,1
100657,0
124305,1
117983,0
116007,0
154545,0
145324,1
45125,1
66300,1
54630,0
133667,0
58712,1
148446,1
161709,1
163032,1
160281,0
32156,0
51145,0
81127,1
114336,1
166199,0
13883,1
80334,1
126126,0
115178,0
71115,0
109418,0
56467,1
74025,0
73339,0
97796,1
152870,0
17213,0
131709,1
53809,0
17177,0
149562,0
143175,0
142200,1
158736,1
149576,1
157510,1
15914,0
104817,0
64542,1
126054,0
46755,0
53160,1
180293,1
155933,1
72505,0
119315,1
83350,0
37526,1
80985,1
76635,0
117216,1
33530,1
29302,1
108683,0
136664,0
121173,0
130704,0
100202,0
39654,1
99205,1
178835,0
87881,0
37517,1
163280,1
142614,1
73185,1
153372,0
126682,0
26828,0
102276,0
102679,0
156746,1
18813,0
1208,1
151411,0
77629,0
8998,1
114639,1
7975,0
175733,0
65246,1
57930,1
156755,0
158198,0
75107,0
160607,0
86968,0
14639,1
168002,1
153983,0
91815,0
34408,1
110801,1
55019,1
10100,0
116338,1
124397,1
6825,1
38907,0
100932,0
27381,0
79572,1
172906,0
149732,1
100844,1
91389,1
166719,0
133993,0
18092,0
11223,0
70401,1
111963,1
163740,1
101819,1
2518,0
84376,1
40115,1
172741,1
92596,1
7953,1
153065,0
44847,0
2999,0
11539,0
164440,1
148232,1
42674,1
67097,1
149638,1
150760,1
15276,0
145325,1
86908,0
79261,0
122592,0
30672,1
9674,0
143142,0
60075,0
93366,0
177365,1
52688,1
16971,1
105412,1
116100,1
91927,0
140408,0
132909,0
173403,0
177975,0
18532,0
108521,0
92840,0
171383,0
50815,1
173563,1
82095,1
43772,0
119517,1
27403,1
99635,1
6922,0
65446,0
2212,1
149897,0
27921,1
90052,0
30574,1
30656,1
102643,1
149760,0
134687,0
174902,0
157862,1
67420,1
163919,1
172847,0
27319,1
100697,1
138369,1
53719,0
92092,1
133051,1
57296,1
16075,1
31437,0
137804,1
164050,1
145303,0
71346,1
99784,0
108228,0
133843,1
80773,1
59374,0
27538,1
61749,1
66245,0
73552,0
19458,1
112747,1
136648,1
61442,1
114113,1
57588,0
95040,1
143808,1
88647,1
143937,1
14268,1
23489,1
101565,1
150704,0
10145,1
58112,1
44260,1
166966,0
54929,0
77887,1
163726,1
92632,0
5079,0
151107,1
20130,0
125915,1
91193,1
138325,1
73474,1
117539,1
36155,0
37647,1
101979,0
176028,0
136682,0
79122,1
105902,1
133757,0
93134,1
102762,0
65595,0
60210,0
88847,1
148925,1
177056,1
78594,0
17287,0
161634,0
63745,0
109233,1
34525,0
36190,0
29003,1
162857,0
48880,1
34181,1
115509,0
24545,1
40472,1
111799,1
85102,0
22301,1
12780,0
78874,1
111522,0
143462,1
96306,1
176185,0
62278,1
41243,1
155560,1
127128,0
49783,0
163337,0
173552,1
166106,1
87152,1
90807,1
171404,0
143838,0
51975,1
27280,0
32112,0
154872,0
73054,1
108009,1
259,0
45632,1
120567,1
21016,1
130305,1
94441,0
22109,1
307,0
151836,0
156987,1
6894,1
87610,0
119538,1
2309,0
106156,1
36179,0
69763,0
34025,0
116325,1
23380,0
92459,1
123049,0
73025,0
57102,1
164982,1
2008,1
160987,1
81373,0
3071,1
166852,1
21810,0
164610,0
42751,0
142710,1
172036,0
114972,1
166519,0
97337,0
94958,1
121448,0
58711,1
85386,1
117618,1
57251,0
148376,0
46492,1
129826,1
98669,1
96482,1
26812,0
49749,0
102754,1
117557,1
116369,1
74937,0
44867,1
95992,1
107871,0
63084,1
13415,1
68686,0
86590,0
113717,0
33469,1
69726,0
19971,1
133853,0
130322,1
106243,0
157495,1
136178,0
85393,0
45233,1
135191,0
174530,1
160068,1
119236,1
23019,0
27537,1
47591,1
100740,0
40328,1
123844,1
26543,1
164845,1
83284,1
4025,1
147391,1
46344,1
164469,1
121379,0
41196,1
116630,0
42588,1
12808,1
62228,1
16366,0
131819,1
103535,1
174677,1
144066,0
53042,0
32830,1
143903,1
167542,1
19592,0
119906,1
148889,0
4726,1
106358,1
1314,1
36340,0
54166,1
18205,0
79935,0
59002,0
134178,1
101128,0
158082,0
132537,0
52208,1
78247,0
103667,1
84435,1
130054,0
27694,0
120217,1
1340,0
179659,0
162192,0
45828,1
21691,0
68392,1
123899,0
143894,0
53753,1
112711,0
125839,1
163495,0
176524,0
103988,1
61672,0
83242,0
46861,1
55227,1
135265,0
43729,1
144396,1
176659,1
128089,0
52530,1
155764,0
26254,1
33444,1
10018,1
4897,0
29445,1
42446,1
68115,0
82863,1
62145,1
115618,0
102258,1
2621,0
104325,0
176734,0
79174,1
116848,1
164507,0
107694,1
161094,1
99064,1
175115,1
168977,0
34673,1
68605,1
121091,0
62089,1
163055,1
113708,0
31803,1
67199,1
44592,0
71127,0
74602,0
61413,0
148582,0
110786,1
179319,1
37894,0
2997,0
144508,1
80168,0
132821,1
156378,1
794,1
167302,1
180067,1
174267,1
20589,0
162640,1
37364,0
105670,1
38932,1
6494,1
44975,1
29169,1
176783,0
165382,1
33962,1
54513,1
97126,1
105146,0
121313,0
99287,1
112718,1
111471,0
116675,1
62522,1
57093,1
91586,0
10191,1
94427,0
11074,1
61729,1
82272,1
175041,0
111160,0
45539,1
145191,0
141624,0
133288,0
16331,0
98239,1
154013,0
164760,1
40417,1
131208,1
89453,0
125825,1
174895,0
120132,0
89135,1
46496,1
108242,1
80321,0
33547,0
37859,0
74137,1
111605,0
9091,0
120840,1
90867,0
113033,1
55440,1
34429,1
96202,0
106950,1
139263,1
177719,0
111563,1
58051,0
95600,0
20711,0
107492,0
123611,0
6032,1
126491,0
110608,0
6599,1
113458,1
39710,0
160468,0
31238,1
88778,1
165346,0
124773,1
179081,1
18264,1
46864,0
10269,1
19650,0
113715,1
1352,0
74615,1
76362,0
129702,1
36871,0
44438,1
56672,0
152924,1
29458,0
87603,0
99940,0
157505,0
77634,0
165636,1
92864,1
26355,1
6264,0
114494,1
87066,0
66417,1
143772,1
52976,1
131366,1
95350,1
151346,0
98782,1
144929,0
126098,1
145888,1
129282,0
68713,1
159415,0
97442,1
180107,1
110868,1
173345,0
44583,1
17825,0
133108,0
41946,1
153959,1
55495,1
8308,0
113072,0
131346,0
25177,1
55596,1
148439,0
93058,1
103817,0
54075,0
167160,0
113132,1
77755,1
92205,0
97308,0
152921,1
34062,1
138301,0
73655,1
105339,0
35605,1
45508,1
166737,0
158502,0
99346,1
152044,0
121140,0
96363,1
148794,0
100969,1
134777,1
117518,1
72981,1
18083,0
129402,1
25656,1
90186,0
56765,0
24007,1
71018,0
33610,0
66850,1
86109,0
53088,1
82177,1
130587,1
134245,1
31882,0
47235,1
151183,1
162195,1
138985,1
64706,0
79283,1
63014,1
37256,1
23673,0
159444,1
50813,0
102366,0
8465,1
20594,1
166811,0
29929,0
21917,0
66122,1
157977,1
133424,1
107611,1
35715,0
44324,1
37285,0
25033,1
91827,1
167607,1
64120,0
82214,1
156868,1
120447,0
5946,1
159271,0
108619,1
113730,1
155344,0
22789,0
46295,0
62071,1
149769,1
51421,1
25019,1
178595,1
86509,1
41578,1
58564,0
83553,0
151936,0
25049,0
26471,0
43071,0
57869,1
52729,0
98489,1
57331,1
16757,0
57332,1
105981,1
9948,0
1456,1
10211,0
30347,1
23389,0
129253,0
739,0
146952,1
110001,1
57113,1
48501,0
74423,0
107287,0
170527,0
16580,1
179913,1
167239,0
178915,1
114692,0
50580,1
100260,1
42111,0
177835,0
125093,0
96940,0
43957,1
121935,0
48092,1
159809,0
108342,0
70298,1
59112,0
170784,1
119948,1
168071,0
130845,0
113904,1
98981,0
35946,0
100876,0
83471,1
178204,0
118203,0
139904,1
41092,1
83148,0
70425,1
99959,0
54598,0
35145,0
29995,0
21945,1
145895,1
148825,0
108328,1
72883,1
163324,0
40046,0
14020,0
167611,0
21795,1
112944,1
57757,1
18833,1
1659,0
70455,0
57998,0
98585,0
172454,1
145101,0
137525,0
155592,1
69217,0
41180,1
62112,1
152178,1
164904,1
105174,1
69938,0
53949,1
1462,0
133813,1
23925,1
130892,1
56155,0
38717,1
168842,1
151383,1
106090,0
96555,0
26158,0
66193,1
143297,1
68508,0
161213,0
16135,1
23830,0
43915,0
54080,0
150594,1
14273,1
162893,1
169011,0
59454,0
52965,1
106657,1
173232,1
163273,0
137648,0
77947,0
5878,1
33815,1
52788,1
178724,0
166012,1
98022,1
147012,1
8238,0
13408,1
82284,1
5308,1
33099,1
12960,1
153331,1
105929,1
89184,0
35777,1
86960,0
111733,1
136058,1
82613,0
83315,1
141751,1
13319,0
90455,0
26667,1
153925,1
27131,1
44928,1
165297,1
44377,1
25944,1
155927,0
66138,1
17461,1
58478,0
88542,0
88872,0
74220,0
106914,1
3143,0
34335,0
56383,1
53256,0
17843,0
135537,0
107039,0
148885,0
165240,1
75120,1
180016,1
40214,1
98423,1
45995,0
176427,1
48399,0
31726,0
111331,0
80831,0
65349,1
14934,1
175266,1
139416,1
136870,0
108190,1
77196,0
37407,1
65200,1
107683,1
91615,1
88095,1
56498,1
152687,1
31802,0
59307,0
30694,0
158922,0
177923,1
113433,1
26702,1
155194,0
65217,1
100503,1
102043,0
140730,0
168835,0
91049,1
39094,1
79564,0
176544,0
25642,1
38276,0
85455,1
108998,1
1470,1
129053,1
35846,1
18269,0
90303,1
120921,0
131006,1
62879,0
24850,1
56387,1
149475,1
174694,1
158422,1
66642,0
160924,1
31562,0
78470,1
179656,1
48720,1
170595,0
44040,0
6827,0
8351,1
47080,0
146557,1
155668,1
128868,1
26399,1
68715,1
69189,1
16232,0
131210,1
125474,1
11477,1
101547,0
83305,0
56286,1
32980,1
160959,1
117917,0
101906,0
96247,0
57221,1
75710,0
111355,0
25768,1
160187,0
138136,0
73702,1
142,0
100784,0
146051,0
159276,0
75632,0
64581,0
2256,0
118033,0
20392,1
143806,0
133400,1
78393,1
64461,1
40650,1
37332,1
57448,1
160597,0
31819,1
42361,1
85939,1
33811,1
100663,0
128581,1
57439,1
118279,1
97055,0
132900,0
71452,0
164586,1
95579,1
22332,0
70582,0
137466,0
17828,0
87845,1
143401,0
159642,0
131959,1
25776,0
118602,1
67913,1
5659,1
144641,0
12569,1
32967,0
103022,1
92,1
130907,1
101889,1
75138,0
123688,1
111042,0
127788,0
53283,0
38252,1
66277,1
141976,0
55232,0
164061,1
153200,1
156874,0
16792,1
24414,0
129694,1
177913,0
102859,0
99568,0
8318,1
99308,0
1204,1
95727,0
42769,0
70296,1
150596,1
36444,1
8298,1
93766,0
13913,0
163078,0
13866,1
119266,1
55930,1
80301,0
135275,1
41157,0
88355,0
14978,0
64350,1
164311,0
165255,1
171787,1
88048,1
57739,0
1982,1
152912,0
56076,1
125490,1
154263,1
158785,1
150896,1
112509,0
174452,1
54100,1
4113,0
85377,1
94696,0
33060,0
153849,1
50070,1
160997,1
138185,1
109495,1
90272,1
143384,1
56710,1
120538,1
31368,0
108662,0
97165,1
130538,1
114425,1
110943,1
124406,1
166510,0
172472,0
90461,1
145691,1
5822,1
105253,1
162955,0
56256,0
50211,1
38789,1
97860,0
87299,0
67989,1
22482,1
49554,1
27860,0
136735,1
82080,1
74619,1
34382,0
95180,1
171778,1
69691,0
68034,1
110289,0
152494,1
111912,0
96942,1
116090,0
50077,1
157942,0
62276,1
172747,1
136687,1
99143,0
171752,0
80880,0
99455,1
33338,1
4617,1
27703,1
23667,1
119876,0
116652,1
61652,1
141060,0
24318,1
142778,0
13038,0
47436,1
85598,0
115968,1
68543,0
26246,1
131903,1
143888,1
151994,0
137162,1
178681,0
59735,1
22351,1
40810,1
49593,0
128579,1
64005,0
128628,0
149741,1
155449,0
86886,1
57190,1
154646,0
129836,1
116163,1
69392,0
160838,1
50116,0
79759,1
125229,1
168179,0
157331,1
37759,0
78152,1
54381,1
6614,0
154937,0
82326,1
85638,0
6395,0
139309,1
128860,0
19136,1
7240,0
27849,1
156050,1
174951,1
93004,1
158109,1
170987,0
156526,0
63939,0
70457,1
112346,1
136519,1
56419,1
153519,1
61479,1
6469,1
128885,0
80954,1
127272,1
52929,0
23406,0
31058,1
70976,0
147373,0
71666,1
155763,0
19324,1
143922,1
558,1
78588,0
178357,0
90779,0
136380,0
176052,1
82572,1
154041,1
54629,0
142422,0
22778,1
18797,0
95505,1
141018,1
150367,0
17014,1
95220,1
7886,1
54816,0
123369,0
127140,1
102457,1
35671,0
14913,1
108596,1
112517,1
113110,1
51003,1
37547,1
179639,0
177944,0
114168,0
142826,1
176433,0
135561,1
101469,1
26803,1
157934,1
105689,1
8459,0
24926,0
142689,1
108970,0
90886,0
121880,0
145419,0
5195,0
42830,1
58991,0
99866,0
36361,1
103704,1
70040,0
134248,0
40683,1
1252,1
142208,1
73605,0
36890,0
148928,0
52602,0
122630,1
109762,0
44475,1
39072,1
30836,0
100067,0
47972,0
11176,0
162944,0
23215,0
153933,1
110050,1
122716,1
32336,1
104365,1
48006,1
142486,1
142042,0
156659,0
167714,1
66551,1
166196,1
27991,1
66942,1
52937,1
48145,1
97948,0
109997,1
15040,1
157730,1
81239,0
506,0
131538,0
101158,1
12799,1
66576,1
112540,1
39638,0
90177,0
53972,0
70641,0
128249,0
75106,0
142031,0
159644,1
71983,1
92105,0
116636,1
74897,0
153370,1
53871,1
41565,1
78110,0
157603,1
145789,1
123314,0
7686,1
80295,0
100801,1
137386,0
163365,1
177545,0
135407,1
62062,0
142979,1
161620,0
168451,1
2303,0
180494,1
133415,0
46408,1
136787,0
176353,1
139721,1
154559,0
40886,0
159320,1
52630,0
10407,1
26225,1
40269,0
156337,0
92438,0
176916,0
103285,1
48688,1
157054,0
44969,1
124895,0
8832,1
176175,1
147153,0
46072,1
96020,0
115036,0
15834,1
136542,1
170933,0
161575,0
56409,0
42808,1
2588,1
119416,0
172206,0
60453,1
13098,1
134241,0
102455,1
151525,0
113861,0
138269,1
99904,1
178105,0
161120,1
109397,0
142337,0
22563,1
131683,1
22898,0
143193,1
103985,0
37458,0
22012,0
94454,0
116314,1
75714,1
170105,1
122918,1
133337,0
83370,1
88186,0
172442,1
10061,1
89389,1
156683,1
115610,0
174863,1
16028,0
9868,1
175765,0
170307,0
87061,1
60706,1
98720,0
119287,1
72014,1
137448,1
102886,0
175309,1
92695,0
77329,1
20534,1
32021,1
65886,1
149121,1
103538,1
45457,1
156436,1
68342,0
4322,0
134792,1
145384,0
90365,0
45541,1
153586,0
96900,0
51538,0
16895,0
12225,1
75072,1
84967,1
36030,1
65298,0
40004,0
94882,1
31333,1
85301,0
57280,0
159671,0
88203,1
98383,1
96088,0
108156,0
105099,1
141695,0
173313,1
98194,0
151632,0
49607,1
81085,0
75402,1
127748,1
34425,1
14307,1
160590,1
134025,1
160734,1
91670,0
73601,0
157035,0
179322,1
154473,0
24048,1
104374,1
48989,0
118547,0
112522,0
57168,0
180020,1
133825,1
27805,0
78740,1
6361,1
52026,0
22765,1
115531,1
158147,0
65315,1
34161,0
173767,1
145607,0
159928,0
8587,0
86360,1
73357,0
67037,1
145002,0
131927,0
47960,1
87795,1
154143,0
71100,1
26151,1
126032,1
92423,1
136626,1
87108,0
121373,0
89575,1
54810,0
143223,1
169925,0
24266,0
136724,0
155368,0
27303,1
154340,1
47051,1
3334,1
13992,0
87879,1
169762,1
156983,1
110638,0
99240,0
52189,0
80978,1
11908,0
35415,0
65715,0
157654,1
171499,0
31303,0
142550,1
88059,1
73922,1
130911,1
28828,1
33981,1
148460,0
136743,0
162225,1
30289,0
126324,1
18323,1
47163,1
93441,0
142184,1
78066,1
16957,1
11286,0
60519,0
144978,1
118384,0
64178,1
155980,1
71262,1
93458,1
102059,1
169467,1
104529,1
16877,1
170281,1
77013,0
149980,1
52872,0
128635,0
84627,0
143315,1
9527,0
6145,1
54440,0
81745,1
129853,1
125911,0
69443,1
152212,0
110515,1
66415,0
89391,1
10409,1
62023,1
153273,1
151369,0
167831,1
104958,1
173307,1
128097,0
116689,1
1583,0
169161,1
144819,0
40206,0
6449,1
74761,0
144444,0
128033,0
149034,1
74411,1
80387,0
155791,0
87825,1
28850,1
96576,0
137250,1
150714,0
175735,1
104357,1
59764,1
163790,0
32858,1
1088,0
84229,1
164385,1
40392,0
105284,1
174392,1
2271,0
178959,1
56531,1
84619,1
105538,0
109524,0
64256,0
57893,1
84637,1
151060,0
550,1
153338,1
45311,0
179787,0
126963,0
66493,0
158485,0
32648,1
122015,0
136496,1
41057,1
136013,1
82553,1
72781,0
55884,1
120885,1
53874,0
96562,0
1057,1
152480,1
126045,0
80656,1
105377,0
128605,1
32727,1
169171,1
26906,1
36990,1
62657,0
8705,0
21098,0
179436,1
35980,1
168524,0
110615,1
89244,1
8537,1
34081,0
109952,0
129298,1
23327,0
20657,1
152902,0
52289,1
98015,0
97175,1
21436,1
47711,1
20665,0
172843,0
92593,0
40382,0
68407,1
48830,0
84110,0
111727,0
162285,0
137715,1
123851,1
31727,1
149489,1
168608,0
107983,0
120302,0
16442,0
23577,1
135349,1
21103,0
141253,0
21409,0
174572,1
22960,0
52667,1
154563,1
128637,0
160946,0
135376,1
109430,1
75261,0
134710,0
177003,0
137425,1
168997,1
117279,0
177488,0
131979,0
153228,1
62871,1
36348,0
99437,0
99188,0
161744,0
128010,1
118935,1
17353,0
10257,0
80918,0
118539,0
111500,1
167238,1
160555,1
133874,1
159400,1
36281,1
159096,1
40732,1
130724,1
10128,1
72474,0
133067,0
141314,1
141999,0
37484,0
163865,1
132271,0
133246,0
20021,1
177046,1
95721,0
36325,0
4731,1
125442,0
171267,1
49645,1
69962,0
19176,0
11334,0
76379,0
30000,0
109651,1
58714,0
103066,1
1213,1
16682,0
29277,1
15582,1
90838,0
76070,0
123700,1
26606,1
38051,0
15905,0
37047,1
157853,1
167562,0
140765,0
4935,1
9916,0
139478,1
134905,1
74983,0
26508,1
90377,0
380,0
34792,1
71161,1
179355,0
59709,1
9152,1
157653,1
24670,1
87071,1
120150,0
90335,0
15431,0
61848,1
118001,0
46916,1
156183,1
52454,1
166548,1
89558,1
69798,0
79064,0
160190,0
71059,0
2086,1
88832,1
41434,0
146013,0
79451,0
56603,0
56573,1
138839,1
2526,0
163681,1
111968,1
160936,1
176300,1
32033,1
84696,0
4623,1
92643,1
25846,0
1305,0
78945,0
72508,1
2590,0
74125,0
107599,0
13433,1
153301,1
142069,1
92474,1
145164,0
67192,1
115913,1
33181,1
62426,1
18053,1
11502,1
126887,0
124440,0
169079,0
132415,0
57154,0
76545,0
89818,0
120501,1
39895,1
111578,1
169513,1
168231,1
71864,0
133671,0
141646,0
1123,0
85961,0
132411,0
176586,0
61457,1
126255,1
14523,1
96955,1
98483,1
137032,1
170584,1
165721,0
10426,1
84301,1
144676,0
130025,1
26297,0
98757,0
161674,1
21632,0
146922,1
126793,1
74589,0
58140,1
117152,0
123018,0
40719,0
57791,1
155266,1
35030,1
68569,1
148458,0
46979,0
50271,1
176743,0
58432,1
46696,1
28199,1
121689,0
89915,1
163762,0
18488,1
171731,0
85369,0
27368,1
16130,1
43005,0
111953,0
17440,0
100759,0
88999,1
100249,0
133638,1
48685,1
35431,0
14694,0
114323,1
5338,0
12930,0
71338,1
177541,1
43116,1
43121,0
113532,0
103913,1
134809,1
52834,1
130211,0
29483,0
137327,1
67473,1
48631,1
62974,1
179886,0
73229,0
78767,0
177190,1
1058,1
115928,1
162754,1
20974,1
95771,1
156682,1
103955,1
168334,1
154054,0
26929,1
76892,0
133741,0
129758,1
130158,1
134722,1
92081,0
92651,0
42616,0
165374,0
171901,1
78727,0
11324,0
163297,1
66522,1
70336,1
20328,0
60295,1
69184,0
59806,0
12899,0
144059,0
149520,1
139112,1
177098,1
23642,1
72116,1
23316,1
23693,1
78159,0
88361,1
95986,1
161253,0
53243,1
29838,0
178340,1
12350,1
82064,0
23792,0
8192,0
145387,0
33084,1
55732,1
169500,1
143265,1
118505,1
130551,0
2566,1
32214,1
68963,0
85037,0
27146,1
120735,0
64492,1
36610,0
88449,0
62459,1
116760,0
55361,0
88228,1
48622,0
296,0
109348,0
80195,1
20015,1
70659,0
107607,0
90595,0
119576,0
173158,0
100871,1
129487,0
71641,1
153315,1
146234,0
126172,1
174710,0
48768,1
118568,1
177921,0
132783,1
60593,1
132701,0
165028,1
16036,0
15847,0
135436,0
126247,0
175233,1
33398,1
166465,0
115380,1
65255,0
34859,1
41772,1
145259,1
164485,1
53973,0
26251,1
156244,0
139788,0
118272,1
174121,0
116332,0
70571,0
12416,1
42951,1
49689,0
79599,1
113102,1
125763,0
25598,0
153042,1
151043,1
35678,0
114952,0
87534,1
157487,1
3424,0
17755,1
171177,0
111875,0
164522,0
121552,0
75193,1
102083,0
169328,0
90767,0
74303,1
94246,1
159447,1
123596,1
53845,0
11953,1
21780,1
143187,1
110034,1
136241,0
131126,0
38077,1
149147,1
87478,1
8968,1
109359,0
52851,1
80381,1
113186,1
139518,1
38774,1
26220,0
7739,1
7785,1
177505,1
112714,1
159119,0
148591,1
105112,1
52324,0
164555,0
43568,0
76787,1
77839,0
28443,1
20248,1
113160,1
27726,1
16251,0
87278,0
28823,0
178806,1
82070,1
93129,1
171566,1
95032,1
137670,0
142124,1
178384,1
110014,0
26090,0
160726,0
176597,1
144325,1
59415,0
75735,0
54681,0
25550,1
155789,0
163579,1
22408,1
37110,0
19251,1
100866,0
42337,1
142449,1
28178,0
156144,1
129935,1
30200,0
104690,1
82673,0
116496,0
76090,0
22797,1
96957,1
52140,1
44874,0
54900,0
18779,1
151046,0
21338,1
85938,1
157044,1
29484,0
133713,0
16579,1
10031,1
49463,1
88744,0
135183,0
172507,0
114998,1
58673,0
114402,0
134911,0
72011,1
75683,1
45468,0
156191,0
70104,1
114227,1
98539,0
43000,0
77980,0
37331,0
53280,0
38384,1
117292,1
115037,0
94672,1
76809,0
96636,0
142944,1
10867,1
101902,0
128916,0
134427,1
62308,1
174575,1
21344,0
173716,1
172311,1
160434,1
113081,1
45470,0
11239,0
139122,1
31936,0
51633,1
4244,0
100243,1
72930,1
37948,0
129128,0
174593,1
127369,1
109503,1
102405,1
40498,1
4926,0
102647,0
83168,1
99194,1
3524,1
59469,1
152943,1
68429,1
96523,0
99480,0
63117,1
118692,1
91488,0
11155,0
147334,1
40748,1
120029,0
46600,0
107762,1
156928,0
142270,1
176233,1
11275,1
46105,1
26208,1
169463,1
71632,1
7933,0
14659,1
153144,1
50808,1
147308,0
158963,1
121363,0
48377,1
72427,1
97058,1
49556,0
103554,1
82732,1
134167,0
112732,0
164551,0
82251,1
13835,1
136901,1
31632,0
9069,0
87367,0
64460,1
169898,0
92390,1
42131,1
81919,0
44856,1
121476,1
177205,0
71817,1
116454,1
78456,0
384,0
116673,0
128546,1
49291,1
2814,1
124341,1
92845,0
96466,1
87793,1
76086,0
8864,0
47980,0
104724,0
57242,1
131309,0
120415,0
167039,1
79136,1
23770,1
11901,0
147930,0
82076,1
92568,0
86246,0
94260,1
87126,1
37241,0
160644,1
45602,0
137688,0
153848,1
55769,1
89190,1
89039,1
108296,1
69260,1
116823,0
134653,1
27539,1
78936,0
155399,0
44234,1
46487,1
16361,0
88119,1
169294,1
136594,1
54965,0
67131,0
6129,0
146348,1
119340,1
136151,1
11195,0
101135,1
129954,1
11516,0
125307,1
86425,0
6427,0
14521,1
81313,1
150956,1
115448,0
32702,1
152865,1
2949,0
105595,1
9694,0
41535,1
125755,1
120285,1
87867,1
1928,1
62769,0
155569,0
14291,0
62387,1
113518,1
68723,0
76775,1
27333,1
55177,1
103312,0
88767,1
68026,0
81635,1
175246,1
18944,1
127601,0
133568,0
41690,0
154575,0
179431,0
78773,1
175784,0
23738,1
12501,0
2804,1
116593,1
120245,1
125871,0
9893,1
109544,1
28181,0
140111,1
33428,0
150949,1
142789,0
58467,1
68130,0
142523,0
70285,1
126576,1
96716,1
57339,1
174745,0
12085,0
149740,1
10783,1
149999,0
92530,0
82434,0
24650,1
14151,1
159736,1
154307,1
21763,1
147752,0
161372,0
133710,0
120345,0
26651,0
151424,0
98894,1
161134,0
64593,1
107518,1
97117,1
78139,1
121708,0
59058,1
85968,1
58919,1
157387,1
9607,1
170045,1
40998,1
62171,0
16850,0
30859,0
52991,0
150293,0
104541,1
46940,1
70529,1
75699,1
38831,0
164438,1
154190,1
112707,0
40963,1
107844,0
62746,1
98607,1
99930,0
45762,0
151962,1
130090,0
87817,1
122934,1
121734,1
157951,0
99051,1
29028,1
95884,0
90985,0
30613,1
88600,1
144664,0
120945,0
32634,0
167058,1
5429,0
60934,1
114499,1
87329,0
91566,0
144737,1
177993,0
165920,1
100675,0
99948,1
79576,1
162399,0
113625,0
69502,1
122994,1
137212,0
132293,0
99701,0
34228,0
166745,1
170363,0
90034,1
138723,1
12540,0
172694,1
92385,1
70741,0
125105,0
88975,1
147679,0
148986,1
110148,1
19995,1
30077,0
150354,1
65040,1
39629,1
36858,0
96421,0
15178,0
97622,1
91828,1
91491,0
57928,1
127766,0
164477,1
95628,0
11601,1
85488,1
101998,1
154349,1
4367,0
120500,1
43869,1
101666,0
52644,0
135391,0
29156,1
66541,0
41140,0
23587,0
166195,1
135051,0
60538,1
95991,1
163427,0
43190,1
83708,0
77799,0
32455,1
99238,0
69819,1
35478,1
41186,0
139432,0
73728,1
135554,1
79503,1
137706,0
168873,0
145774,0
74291,0
162028,0
142827,1
8592,0
176297,0
135294,0
23405,0
116707,1
25991,1
62902,1
67661,1
124123,1
168560,1
55942,1
165428,1
131664,1
163281,1
148342,1
149377,1
144678,0
48969,1
115134,1
112884,0
9127,1
126459,0
80902,1
62323,0
29511,0
174220,0
63528,1
29417,0
79097,0
72101,1
158465,0
49926,1
80961,0
72252,0
158688,1
109633,1
39248,1
73046,1
55952,1
139071,1
144865,0
115352,0
78793,1
60772,1
86023,1
151733,0
159219,1
55243,1
116098,1
23057,0
44219,0
32884,0
164232,1
11012,1
2973,0
116941,1
63893,0
158534,1
139971,0
135261,1
64961,1
2626,1
72607,1
90297,1
121600,0
101451,0
54902,0
132224,1
136454,0
71151,1
29472,0
78675,0
158906,0
171599,1
113913,1
68916,0
139864,0
146934,0
113450,1
165680,0
113064,0
41096,0
52345,1
138568,0
121479,1
176128,1
111952,1
36496,0
105294,0
16658,0
85700,0
176899,1
33427,0
140059,1
122381,0
115237,1
35535,0
54719,0
138670,1
15864,0
115458,1
100163,0
97974,0
115494,1
138324,1
156568,1
165822,0
23617,1
12672,1
143800,1
143007,0
140301,0
110803,1
17195,0
93410,0
6373,0
176159,0
9471,1
176404,1
158036,1
87092,1
172562,0
95839,1
158594,0
35222,0
64647,1
175957,0
103213,0
31526,0
23782,1
161974,0
98208,0
108013,0
141035,0
151195,0
176774,1
33969,1
118643,1
19510,0
32848,0
155551,1
99519,0
87128,1
58433,1
69385,1
56574,0
152040,0
38616,0
35815,1
68645,1
35689,0
176386,1
126220,0
110595,1
833,1
114647,0
123642,1
46328,1
7892,1
148474,0
63841,0
63759,1
133988,1
96429,0
171278,1
21250,1
42573,1
111152,1
14704,1
41163,1
105532,0
46416,0
131726,0
125447,1
173427,1
126784,1
147666,0
65238,1
21886,1
100766,0
85319,0
19374,1
2417,1
16181,0
164427,0
148828,0
165087,0
40186,1
48652,1
107072,0
24211,0
149674,1
163059,1
167967,1
19157,1
163845,0
5768,0
54018,1
107054,0
69757,1
56448,0
145733,0
132101,0
83594,1
166947,1
81767,0
88030,1
124864,0
153792,1
89413,0
167260,0
81791,0
118590,0
138297,0
15117,1
115327,1
142117,1
82057,1
166381,1
167550,0
99187,1
31473,1
128771,1
127672,1
104688,1
21134,0
21814,1
104532,1
99267,0
96643,1
68498,0
8097,1
104105,1
129230,0
65293,0
30176,1
139550,1
44,1
20566,0
77447,0
42327,1
108952,1
118420,0
94003,1
78336,0
105324,0
91356,0
28271,0
95114,0
105334,0
122071,0
114321,1
8769,1
23679,1
79029,1
174747,0
111039,1
22790,1
171524,1
53837,1
39295,1
101273,1
55287,1
28671,1
48053,1
144847,1
157711,1
60925,0
154199,0
143608,0
136181,0
150352,0
176927,1
76951,1
27679,0
155995,0
158907,1
131061,1
62892,1
115519,1
9355,0
101327,1
123037,0
122382,0
135442,1
57603,0
141516,1
5998,1
89860,0
39433,0
30819,0
23844,0
55351,0
37871,1
24198,1
94379,1
130839,1
15081,0
123704,0
56951,1
173448,1
51455,1
19392,0
38833,1
148834,0
116931,1
120216,1
119352,1
68336,1
21942,1
168097,1
165829,1
40084,0
43104,1
57169,0
79137,1
120827,1
131626,0
54950,0
8277,1
774,1
167257,1
64251,0
147144,1
148914,0
70126,1
99071,1
21743,0
159472,0
67380,1
21277,0
109682,0
60243,1
91359,1
56669,1
156844,1
47939,0
115305,0
81686,1
44094,1
111117,1
17251,0
120687,1
13054,0
163418,1
63888,1
68522,1
5887,1
30777,0
82635,1
25110,0
54910,0
14837,0
66452,0
127920,1
80696,1
119302,1
30209,0
85204,0
162897,0
59989,1
41175,0
74189,0
138056,0
167746,1
41182,1
117922,0
88896,0
158268,1
56660,1
79339,1
111795,0
130772,0
58399,1
157452,1
124226,0
101248,0
51399,1
41807,1
43397,0
36250,1
73953,0
14155,1
116702,0
20710,0
124054,1
113250,1
32876,1
159189,0
134913,0
93126,0
43812,0
175032,1
27673,1
132968,1
160865,1
140845,0
171894,0
25085,0
3547,0
94814,1
93056,1
137484,1
121519,0
120659,0
121153,0
51491,1
95665,0
107009,0
89128,1
179290,0
65962,0
178179,1
162643,1
9100,1
141953,1
162607,0
85190,0
137757,1
115774,0
143544,1
148161,0
58744,1
81396,1
65567,0
172322,0
8466,1
131475,1
85380,0
142085,1
159613,0
175149,0
178884,0
120041,1
86702,1
135960,1
112690,0
68474,1
8438,1
86868,1
37298,1
107593,0
148675,0
108419,1
103496,0
150008,1
138275,1
123053,1
101575,1
16187,1
33771,0
133167,1
58228,0
43954,1
89626,0
53029,0
79998,1
128045,1
101920,1
127336,0
168950,0
132766,1
173845,0
146953,0
107794,0
10250,0
14321,1
136532,0
51724,0
177181,1
101631,1
106899,1
60986,0
143074,0
66751,0
4608,1
171109,1
65744,0
60680,0
10617,1
84776,0
2636,1
34419,1
4854,1
16515,1
105530,0
140716,1
125779,0
18590,0
84916,0
172120,0
59211,0
143874,0
108537,1
29918,0
88294,0
175289,0
9741,0
174326,0
46930,1
160198,1
164721,0
16699,0
101749,1
116907,1
41088,1
172790,1
116976,0
14669,1
115629,0
19635,1
73740,1
50471,0
113091,1
11575,0
43440,1
155724,1
125542,1
20096,0
86042,1
133744,0
106621,1
99972,0
89726,1
68841,0
36674,0
58691,0
119734,1
112968,0
170800,1
12363,1
31111,1
162779,1
75589,0
41516,0
85610,1
55438,1
145603,0
48835,0
98911,0
105465,1
71073,0
129563,0
110026,1
21228,0
79008,0
106786,0
50243,0
63748,0
65533,0
85484,1
27151,0
32172,1
171947,1
79091,1
22251,1
92723,1
56877,1
97427,0
38410,0
64334,1
135348,1
52425,1
74275,1
100465,1
104299,0
163933,1
165311,0
175416,1
104318,1
38448,1
62400,0
88813,0
68510,0
125554,0
150246,1
11248,0
20495,1
180475,0
12087,1
175498,1
116677,1
26317,1
60421,1
20369,1
18802,0
29318,1
132803,0
69758,1
127421,0
168032,1
179685,0
19479,1
84193,1
144502,1
43393,0
147608,0
25528,0
160747,0
25823,1
31821,0
106654,0
61383,0
172742,1
78475,1
128205,1
113482,1
27859,0
16998,0
34903,0
159274,0
37866,1
79644,0
167608,1
166896,1
44398,1
50178,1
105073,0
34237,0
20796,1
12480,1
120696,0
148903,0
1291,0
94445,0
51281,1
90480,1
37392,1
173513,1
85991,0
53585,1
164398,1
116740,0
73105,1
129948,0
146160,0
71387,0
120409,1
22104,1
21559,1
104151,0
6335,1
136192,1
103176,0
100707,1
62235,0
71986,1
17480,1
134712,0
130580,0
116957,0
57601,0
140276,1
118553,0
115186,1
32158,0
177853,0
141385,0
148246,0
162521,1
107543,0
6696,0
177978,1
166159,0
9898,1
107704,1
152275,0
36156,0
93200,1
21285,0
130554,1
147420,0
30764,1
82564,1
78618,1
50833,1
69652,0
154885,0
7908,0
152334,1
35499,0
29956,1
168788,1
86979,1
5385,1
103112,1
103518,1
78389,1
28698,1
39400,1
143763,1
128477,0
158900,0
163818,1
160488,1
170825,1
63780,1
4339,1
76485,0
120067,1
103368,0
123812,1
113988,1
126900,0
173295,1
98205,0
70133,1
146572,0
120083,0
87754,0
147305,1
16517,0
23958,1
72606,1
88839,1
103240,0
126661,1
80720,0
127263,1
39332,1
163041,0
171459,0
101243,0
109334,1
122488,0
174784,1
129006,1
26532,0
85867,0
84349,0
23163,0
166815,0
49416,1
155657,1
28520,0
63515,1
69127,1
111670,0
80272,0
175139,0
114612,1
179558,1
128207,0
80975,1
99533,1
81589,0
7990,1
151438,0
83195,1
63968,1
98275,1
101256,1
69171,0
61624,1
100179,0
15103,0
51889,1
119886,0
133114,0
112194,1
146088,1
113760,0
35438,1
107769,0
50033,1
25334,0
141322,0
16104,1
114921,0
164288,1
111035,0
40686,1
149155,0
37378,1
155722,1
90514,0
349,0
60237,0
142728,1
125363,1
31805,1
155226,0
12249,0
87865,1
29796,0
48133,0
24269,0
141438,0
149772,1
131195,0
132459,1
177062,1
1900,1
72557,0
17689,0
47971,0
32328,1
67699,0
140406,1
52291,1
83432,1
86263,1
74475,0
82082,1
84245,1
41270,1
108772,0
59232,1
168723,0
155348,0
72290,1
51946,1
178807,1
9500,0
100263,1
163367,1
83566,0
33216,1
176234,1
114027,1
111892,1
43330,0
66091,0
68098,1
53043,1
117342,1
99310,1
131648,1
33857,1
84139,0
95627,0
178877,0
113377,1
21229,0
11771,1
16269,0
168515,1
38480,1
107905,0
79273,0
55686,0
175842,1
180328,1
168549,1
154024,1
67972,0
115417,1
125125,0
164996,0
35358,0
157699,1
65498,0
121249,0
85436,0
134409,1
43394,0
98116,1
21862,0
81865,1
138479,0
166889,0
136769,1
51913,1
157815,0
14498,1
143024,1
33602,0
33869,0
30904,1
146615,1
4861,1
102350,1
2231,1
147672,0
113019,0
383,0
134845,0
74085,1
136448,0
121089,0
17233,0
58134,1
82610,1
1247,1
13452,1
95249,0
178497,0
134406,1
120697,0
31822,1
8493,0
91690,1
32785,0
5893,1
166878,1
161523,1
66445,1
37590,1
42490,1
75794,0
36462,1
130922,0
178594,1
13203,0
3675,0
50665,0
165476,1
121823,0
60204,0
102115,0
92218,1
175590,1
25003,1
151225,1
141552,1
63281,1
109148,0
152665,1
96115,0
88178,0
150281,1
156939,1
31906,1
139549,1
45913,0
86514,1
130114,0
151956,0
127639,0
108333,0
157341,0
65836,1
164143,0
24748,0
59257,1
150437,1
143054,0
117881,0
130212,0
178928,1
98245,0
28030,1
147140,0
1229,0
82495,0
121376,1
11813,0
139600,0
82464,1
117185,1
59545,1
83871,0
138932,0
105942,1
40872,1
21268,0
108193,0
32984,1
171944,1
80745,1
51059,1
74046,1
118280,0
15875,0
114844,1
142798,0
53004,1
75508,1
152041,0
177637,0
158920,0
106466,1
128070,1
165893,1
179940,1
18803,0
104231,0
50380,1
34675,1
43777,0
94851,1
10433,0
86736,0
32488,1
109355,0
2877,1
90065,0
106935,0
119997,0
49961,1
30878,1
168969,1
179026,1
80508,1
50545,0
69402,1
72525,0
116169,0
63633,1
79857,1
37557,1
123024,1
63312,1
92515,0
121487,1
146447,0
38714,0
97207,1
25406,1
156423,1
1,0
58364,1
165251,0
78558,0
169511,1
73519,0
93807,0
108304,1
94394,1
97669,1
72638,1
75359,1
766,1
173805,1
99332,1
120275,1
8530,1
87709,1
159395,1
4818,0
85703,0
26596,1
168398,1
103082,1
108249,0
163508,0
107359,0
61752,1
157057,1
49671,1
24320,0
103003,0
70615,1
10955,1
51549,1
47527,1
5023,0
54046,0
31624,1
152789,1
136719,1
2339,1
173146,1
2574,0
147682,0
125137,1
139394,1
33437,0
20914,1
51077,1
145052,1
97737,1
9952,1
151040,1
171851,0
34518,1
169417,0
79202,1
107361,1
180338,1
58095,0
137192,1
96593,0
78786,1
40010,0
116188,1
2220,0
9243,0
83188,0
81898,1
17021,1
57206,1
130498,1
178939,1
10735,1
160826,1
140924,0
116830,1
120342,1
87380,0
58435,1
87343,1
25384,0
104740,0
36165,0
131394,1
88068,1
122091,0
17224,1
19109,0
99303,0
163334,1
101570,0
43145,1
158492,1
61151,1
53817,1
17310,0
118689,0
91598,1
110138,0
67010,1
166334,1
43507,1
173346,1
57907,0
15759,1
91683,1
147237,1
27107,0
23750,1
150207,0
83328,1
14259,1
99886,1
49582,0
84621,1
40109,0
163209,1
3895,0
88193,0
107849,1
168485,0
5224,1
116199,0
47290,1
62058,0
84195,1
70718,0
78547,1
123125,1
145030,1
170839,1
61978,0
79960,1
33492,1
105816,1
73140,1
58551,1
27098,0
82308,1
131733,0
148367,0
90999,1
55753,1
104263,1
62686,1
2980,0
18635,1
153664,1
140590,1
171497,0
31109,1
158645,0
94207,1
119932,1
165107,0
11130,0
55280,1
145827,0
83003,0
101784,0
76772,1
144428,0
178361,0
53405,0
64614,0
31779,1
153221,1
158427,1
3303,1
30318,1
32728,1
149613,1
53139,1
135937,1
19595,0
158662,0
7643,0
75094,0
9315,1
23743,1
106830,1
21132,0
144662,0
25818,1
99148,1
134191,1
96426,1
5740,0
68897,1
30394,1
136556,1
63403,0
78300,0
9709,1
25076,1
55569,0
104352,1
69548,0
178278,0
39304,1
94983,0
120618,1
96601,0
16760,0
97231,0
178778,1
118035,0
58102,0
150347,1
62289,1
134670,1
111611,1
107170,1
88966,0
96622,1
96836,1
61336,0
16080,0
103974,1
7356,1
8199,1
3459,1
149698,0
134888,0
168394,1
156427,0
38395,1
8569,1
69285,0
47737,0
81669,0
63512,1
67413,0
150501,1
151779,1
80230,1
123857,0
49059,0
11893,1
167926,0
74837,1
138285,1
139203,1
147452,1
65355,0
115289,1
15375,1
164086,0
168061,1
50261,0
139771,0
21473,1
147623,0
19104,0
89751,1
49727,1
63344,0
33813,1
120603,1
114469,0
114852,1
138141,1
179629,0
37437,0
153417,0
102179,1
72896,1
63744,0
80353,1
168617,1
111405,1
155090,1
87104,0
17151,1
62306,1
162841,1
179306,1
146799,1
124144,0
173176,1
101304,1
167676,0
157008,1
65664,1
113528,1
93483,1
176914,1
100825,1
146328,1
1769,0
140859,1
138576,1
110610,0
128331,1
173628,1
13686,1
65136,1
66753,0
3064,1
69433,1
16576,1
165032,1
152584,0
44603,1
73035,1
113923,0
76523,1
23605,0
135024,1
14524,1
127231,1
129639,1
169540,0
11100,1
26709,1
117884,1
20990,1
140893,1
71165,1
49462,1
72144,1
53907,1
77272,1
51924,1
19319,1
158953,0
124983,1
180072,0
111965,1
138995,1
3065,0
107843,0
115943,0
124504,0
15670,0
150035,0
39475,1
179955,1
168791,0
4130,1
79736,1
130740,1
71581,0
107223,1
159185,0
1528,0
67794,1
29567,1
122893,0
156615,0
47921,1
75792,0
10672,0
6087,1
51240,1
142268,1
108026,1
177186,1
133201,0
2673,0
180381,0
22019,0
160502,1
159152,1
45573,0
159489,0
173118,1
99162,1
94539,1
63189,1
88332,1
35085,1
24686,0
154992,0
167399,0
9475,1
136697,1
157334,1
70146,0
36907,0
19095,0
149396,1
155033,1
3008,1
89795,0
150010,1
154755,0
88513,0
121080,1
80069,1
175456,1
67687,0
88861,1
83176,1
155347,0
172547,0
67605,0
147150,0
65417,1
134855,0
11860,0
170163,0
176808,0
42792,0
131338,1
148350,0
25499,0
155236,0
6479,1
53492,0
162528,0
121835,1
151854,0
97547,1
29422,0
156253,0
144580,1
45660,0
7806,0
167504,1
16290,0
95647,1
43063,0
103961,0
11628,1
35863,1
77270,0
72571,0
117346,1
100159,1
175716,0
67653,1
93991,1
57388,0
89844,1
48460,0
84449,0
40976,0
59689,0
177511,0
128772,1
97545,1
103887,0
14507,0
162230,1
173610,0
53742,1
160140,1
147145,0
42159,1
175250,0
58384,1
159196,1
163743,0
8504,0
70055,1
175730,1
25575,1
47073,1
91257,1
24811,0
24223,0
55235,0
121930,0
69928,1
59064,0
12050,0
143801,1
84100,0
43218,1
107024,1
78433,0
36025,1
177522,1
68500,1
135419,0
135659,0
112492,1
60098,0
10688,1
38776,1
140744,0
61755,1
16848,0
156548,1
88205,1
163327,0
163580,1
145915,1
83125,1
67400,0
62050,0
40388,0
100783,0
151832,0
147569,1
27710,1
5411,1
9189,0
25005,0
105381,0
22772,0
70352,0
107583,1
130566,0
164956,1
32385,0
81717,1
15080,0
34854,1
50562,1
173355,0
155797,0
8112,0
106077,0
19833,0
65547,0
94790,1
73764,1
42003,0
62309,1
151706,0
88763,1
101720,0
84076,1
116643,0
35439,1
134389,1
33363,1
143272,1
104381,1
20261,1
109698,0
10341,0
42023,0
15794,0
76013,1
119066,0
155904,1
143530,0
72912,1
104617,0
146094,0
166095,0
133339,0
158631,0
58585,1
169982,0
67761,1
92261,1
33848,0
31503,0
168389,1
53530,0
140174,1
80733,1
89097,0
127071,0
46764,0
60097,0
86959,0
46054,0
12119,1
43435,0
171833,1
92238,1
178407,1
29007,1
128805,1
75461,1
78919,1
106533,0
123841,1
71681,0
160431,1
139577,1
18845,1
81016,0
86236,1
48725,0
59492,0
149324,0
122353,1
76818,0
17683,1
126148,0
117671,0
170627,1
57863,1
156121,0
38261,1
131099,1
34464,1
35382,0
164727,1
26735,1
72256,0
106455,0
7421,0
43438,0
30812,1
98300,1
117730,0
12186,0
22501,1
154987,1
131400,0
32681,1
47223,1
134095,0
52696,1
56952,1
22795,1
53157,1
98016,1
59644,1
34822,1
78003,1
68180,1
13653,1
14825,1
87313,1
111755,0
180246,1
155670,1
7055,0
65274,0
44610,1
51955,0
34716,1
171952,0
124395,0
87511,1
8649,0
12157,0
72830,1
105734,0
3813,1
30929,1
67231,0
155631,0
73797,1
52669,1
166007,1
177868,0
69473,0
93787,1
49634,0
56694,1
75161,1
87770,0
44430,0
140711,0
160889,0
55252,0
16464,0
22412,1
118931,1
6961,0
88136,0
41210,0
82339,0
170004,0
153384,0
35409,1
104125,0
160803,1
28637,1
34682,0
67044,0
34031,0
124136,0
54607,0
149964,1
13689,1
110967,1
18637,1
2494,1
14535,0
30736,1
74744,1
83978,0
15139,1
96246,1
8625,1
25042,1
99283,1
176040,1
152440,1
145901,1
150334,1
60441,0
8605,0
119947,1
9149,0
143951,1
84288,1
32537,1
60866,1
66021,1
56533,1
15215,1
43819,0
2770,1
175545,1
56503,0
63259,0
168403,0
58785,1
168288,0
9453,0
97530,0
94605,1
103911,1
31967,1
159258,0
49550,1
59346,0
143727,1
134133,0
124675,1
157756,0
120821,0
179726,1
40317,1
147271,0
20057,0
115025,1
157657,1
16193,0
80763,1
80029,1
131616,1
96121,0
61891,1
68044,1
43270,0
117729,0
79713,0
110385,1
170742,1
22837,1
15298,0
122861,1
151004,0
96931,0
80390,1
643,1
81246,0
171937,0
126552,1
8323,1
8603,0
97925,0
111610,1
21354,0
101597,0
13020,1
13401,0
140684,0
18378,0
44171,0
37389,1
34430,1
90468,0
40306,1
4898,1
2754,0
152696,1
12629,1
82705,0
25305,0
122513,1
165936,1
157970,0
161468,1
16499,0
159071,1
154750,1
86305,0
86390,1
135673,1
130436,0
125684,0
56675,1
87113,0
137620,1
155981,1
25607,1
9577,1
168737,0
15988,1
65665,0
118517,1
60485,0
168340,0
96498,1
20671,0
114338,1
3050,1
82473,1
44762,1
27497,1
57274,1
167461,1
69041,1
33760,1
35779,1
149563,1
65142,1
28990,0
53637,1
148157,1
105864,0
30492,0
62441,1
102143,0
22955,0
63783,1
56184,1
88567,1
15156,0
4066,1
144828,1
51209,1
143648,1
164105,0
23696,1
139220,1
80917,0
78891,1
61281,1
77396,1
20434,1
137611,0
88459,1
77250,1
57535,0
100949,1
143018,1
99146,1
20479,1
83726,0
5807,0
174681,1
123678,1
76416,1
5323,0
130893,1
55975,0
120527,0
99603,1
125151,1
14371,0
13910,0
48561,1
72030,0
64326,0
5450,0
49319,1
124775,0
24,1
122770,1
106,1
166471,1
21924,0
24451,0
42757,1
163093,1
75284,1
117599,1
36329,0
162161,0
62264,0
111931,0
18199,1
48324,0
156471,1
120690,0
55938,0
158302,1
108357,0
76741,0
40223,1
107260,1
84252,0
12007,1
163248,1
138859,0
19493,0
72465,0
102517,1
117347,1
113485,1
1236,1
134467,0
26067,1
159640,1
52907,1
149409,1
59495,0
10775,0
180435,1
160913,0
35456,0
59386,1
2222,0
150569,0
25112,1
144133,1
14696,0
69561,1
100528,1
162709,1
171270,1
17099,0
86172,1
43187,0
42389,0
45748,1
14561,0
91568,0
233,0
154529,1
102821,1
157864,0
2974,0
64995,0
138732,0
34407,0
154367,1
94500,1
1718,0
163640,0
72776,1
146815,0
108800,0
165632,1
117868,0
121378,0
62143,1
179714,0
110087,0
63889,1
752,1
157945,0
171855,0
38099,1
74603,1
106039,1
54238,1
15609,1
178492,0
79043,0
24221,1
111493,0
115955,1
33918,1
53856,0
31937,0
177222,1
6661,1
149473,0
33289,1
38140,1
91233,0
99567,1
159948,1
100739,0
127366,1
93415,1
157481,0
48243,1
93365,1
128971,1
42644,1
56629,1
135406,0
61878,1
88325,0
1525,0
70150,1
24409,0
36095,0
4129,1
112476,0
56369,0
83376,1
142433,1
145703,0
4832,0
27021,0
145598,1
106653,0
142610,0
119128,0
131895,1
155745,1
56661,1
38311,1
72200,1
86922,0
28778,1
59198,1
157784,0
151209,0
72267,1
149559,0
64981,1
152959,0
8478,0
159934,0
110858,0
314,1
178881,1
14867,1
90714,1
11936,0
39417,0
41857,0
61033,1
168962,0
39756,0
49171,1
2989,0
66760,1
153805,0
32621,1
161849,1
110916,0
136552,1
168951,0
146836,0
4116,1
80264,1
44983,0
66523,1
141856,0
4959,0
82351,1
151950,0
57410,1
55333,0
36680,0
143326,0
2761,1
62556,1
142842,1
140219,1
162723,0
14687,0
178369,0
110836,1
81017,0
15322,1
148963,1
79544,0
25923,1
64264,0
124282,1
168232,0
14013,1
17111,1
139812,0
153002,0
177550,1
64338,0
48961,1
29960,1
81755,0
83101,0
107475,0
14887,0
143858,1
74387,1
123280,0
73296,1
147165,0
157093,0
36295,1
54429,1
145252,1
61883,0
65622,1
28361,0
180035,0
30899,1
66755,1
116062,1
115482,0
99439,0
66029,1
158994,0
124551,1
175140,1
67191,1
63017,0
109707,0
153154,1
176638,1
80936,1
88024,1
51482,1
63253,1
54433,0
82714,0
53242,1
143578,1
33585,1
158301,1
180484,0
174894,1
53210,0
129071,1
134767,0
172675,0
165037,1
57468,0
22552,0
101418,0
6607,0
109828,0
154448,1
162678,1
158205,0
23033,1
58770,1
61243,0
42219,0
121221,1
22286,0
43016,1
173414,0
122310,1
105728,1
87601,0
170700,1
28340,1
89470,0
112681,1
128563,0
31122,0
153126,0
151687,1
20226,1
99211,0
10067,0
43837,1
96189,1
110819,0
18224,0
60875,1
94053,0
149093,1
130249,1
17684,0
135655,1
23888,0
15110,0
48846,0
132704,1
122619,0
121189,0
95747,0
45082,0
138495,1
22121,1
169243,0
145807,0
112065,1
164078,0
29840,0
47501,0
43021,0
94664,1
70764,1
29864,0
132666,1
12894,1
140927,0
10538,0
92005,1
119678,1
176679,1
147063,0
140591,0
2287,0
78386,1
23698,1
75523,1
18242,0
160113,1
46694,0
67583,1
144609,1
144902,1
119008,1
142720,0
130172,1
23184,0
157721,1
5955,1
83002,0
33702,0
43134,0
17961,1
42349,1
27396,0
167490,0
134842,1
59719,1
14222,1
73110,1
73969,0
115481,0
87125,0
41266,0
34808,0
91236,0
31757,0
115038,0
157414,1
10910,0
122634,1
94267,1
105243,0
168915,1
83516,1
41080,0
167627,1
7590,1
144488,0
138095,1
44541,0
61797,1
133181,0
86982,0
14228,0
25335,0
70668,0
152887,0
89862,0
73788,1
165712,0
142953,0
119152,1
58258,1
45593,1
12715,0
89528,1
105167,0
139895,1
115985,0
122385,0
89023,1
52282,1
157793,1
176838,1
147458,1
98888,1
65410,1
168672,0
130565,1
86010,0
111576,1
17180,0
35767,0
119378,1
86361,1
178048,1
128124,1
30259,0
114134,1
66568,1
161778,0
26255,1
1890,1
125156,1
126569,0
123198,0
67518,1
102155,1
93742,0
24787,1
93816,1
64094,0
177561,1
45014,0
51069,0
104830,1
178825,0
65223,0
9787,1
31693,1
108746,1
125853,0
41201,0
40569,0
66,1
71104,1
43845,1
99326,0
166905,1
71778,0
168173,0
106148,0
116761,0
76747,1
89172,0
58833,0
154693,1
16533,0
34431,1
53159,1
18514,1
128213,0
1004,1
119918,1
174504,1
145238,1
165919,1
176382,0
151563,0
105636,0
153168,0
73449,0
149846,1
71041,1
155777,0
138466,1
56823,0
3977,1
162858,0
24021,1
48246,1
6694,0
180288,1
63809,1
39560,1
93874,0
100720,0
124256,0
88199,1
128555,0
8033,0
20994,1
173361,0
164074,1
114659,1
45232,1
156922,1
14553,0
56031,1
152885,1
69986,0
92053,0
59702,0
112281,1
59946,0
95379,0
178880,0
127306,1
2714,1
29159,0
28650,0
105346,1
130214,0
43490,1
138557,0
124014,1
22723,1
101514,1
179383,0
55397,0
117214,1
3883,1
24945,1
140084,0
94528,0
156042,1
16763,1
5749,0
180353,0
31496,0
171429,1
87356,0
85811,1
25504,0
41078,0
79816,1
159739,1
27294,1
162085,0
149268,1
53581,0
130888,1
20126,0
8054,1
76522,1
37928,1
144566,1
39431,0
1864,1
41660,1
111711,1
6520,1
103866,1
53491,1
165678,0
15871,1
94996,0
55382,0
129771,0
87300,0
169729,0
97477,0
64595,1
61963,1
76909,0
81153,1
123750,1
24248,0
158328,1
42192,1
150520,0
99836,0
176244,0
110141,0
95056,0
49533,1
84259,0
136224,0
120597,0
52269,1
108169,0
103253,1
28408,0
150464,0
114579,0
111228,0
10823,0
168508,0
141812,1
138660,0
174477,0
124903,0
32270,0
153629,0
117359,1
38577,0
169363,1
11090,0
33438,0
7587,1
12178,1
147813,0
37939,1
116842,0
34265,0
159313,0
371,1
134801,1
161095,1
135846,1
163999,0
1552,0
108888,1
41310,1
5441,1
59746,0
46243,0
165298,1
177533,1
157747,1
37855,1
128119,1
167519,1
171100,1
66618,0
131554,0
19610,1
135332,1
82975,0
47152,0
119956,1
168348,1
56911,0
32874,1
145814,0
170540,1
108152,0
176992,0
116812,1
173512,0
155598,1
52107,0
24642,1
175841,1
16945,0
80979,1
125698,0
164355,0
155319,1
72904,0
67820,0
96493,0
145730,0
18137,0
128364,1
121526,1
142972,1
61508,1
122211,0
127653,1
134579,0
23137,0
169006,0
43603,1
108830,0
64265,0
58882,1
171769,0
150064,1
31760,0
66910,0
12131,0
99666,1
100086,0
112831,1
121666,1
69755,1
113742,1
40578,0
104174,1
26080,1
61390,0
48920,1
114154,0
2549,0
168551,1
89090,1
20666,0
136183,0
171107,0
49327,1
102271,1
37690,0
107807,1
96124,0
105655,1
52180,1
104692,1
107698,1
110693,1
60064,0
164747,1
27932,1
26231,0
160349,0
47016,1
154285,1
64435,1
180366,1
175410,1
94679,1
97073,0
96102,0
177140,1
13176,1
68296,1
113677,1
106015,1
46410,0
59829,0
41004,0
145877,0
162621,0
114533,1
72803,1
139086,0
28338,0
121180,1
170623,0
155543,1
146844,0
163780,0
25826,1
295,0
27335,1
106154,1
103160,1
220,0
88435,0
175055,1
6178,1
26903,1
49390,1
67678,1
49313,1
56636,0
89272,1
63940,0
17270,1
57960,1
8376,0
154326,1
110703,0
174944,1
103282,1
57224,1
79690,1
4193,1
149802,0
176197,0
99055,1
17085,1
10884,0
124826,1
172184,0
9969,1
89189,1
70946,1
114918,1
157259,1
140352,0
65423,1
163900,0
64743,1
69575,1
115341,0
63750,0
52767,1
8177,1
126878,1
93563,0
53515,0
81926,1
109181,1
106745,1
108429,0
172561,1
69328,0
121205,0
164786,1
58909,0
57371,0
120594,0
140345,0
121735,1
150649,1
14983,1
46044,0
101783,0
166628,0
75729,1
26964,1
47068,1
162984,0
18712,0
36247,1
148027,0
38460,0
44621,0
93670,0
125457,1
107091,1
160904,1
50754,0
45758,0
143841,1
94076,1
175481,0
118243,1
25530,0
26224,1
110579,1
110012,1
111108,0
156108,1
1034,1
51337,0
135675,1
2591,0
150446,1
97535,1
100727,1
52604,0
164471,1
123167,1
3956,1
16741,1
6341,1
62549,0
175827,1
17602,1
19047,0
128643,0
75245,0
169318,0
109888,0
49589,0
10327,1
152181,0
48621,0
179187,1
135905,1
85844,1
42164,0
150552,0
169965,0
92779,0
10085,1
153864,1
171842,0
148861,1
41537,1
43273,0
108112,0
30916,1
73458,0
143213,1
18347,1
70666,0
117055,0
93891,0
45357,0
144168,0
41245,1
91845,0
38210,0
32690,0
163826,1
130612,1
124854,1
28767,0
129568,1
91787,0
81909,1
63157,0
109203,0
43589,0
17734,1
157252,0
160441,1
41748,0
105434,1
59642,1
167478,0
51959,0
172449,1
76907,1
18393,1
146427,0
178167,0
64383,1
68832,0
54167,1
26951,1
107381,0
119186,1
103047,1
55665,1
43725,1
102499,0
103739,0
83882,0
14478,1
2240,0
8881,0
126705,0
176331,1
84814,1
31592,1
115429,0
13851,1
150725,0
172668,1
151199,0
148857,1
138335,1
89307,0
36636,1
173775,0
34568,0
82719,1
22036,1
122721,0
54699,0
42400,1
55145,0
26963,1
62439,1
161561,1
112392,1
124128,1
98468,0
37015,1
103195,0
89192,0
108165,0
17158,0
121859,0
135876,0
127907,1
150135,1
177164,1
99608,0
127405,0
99895,1
161010,1
104919,1
150070,1
58376,1
113971,0
162419,0
29640,0
34698,1
97090,1
157217,1
14479,1
66256,0
152718,1
131149,0
43095,1
32615,0
40359,0
61420,1
20244,1
17038,0
41729,0
328,0
124273,1
62650,1
155072,0
46412,0
2005,1
134233,1
103670,1
131313,0
150759,1
8643,1
13674,1
76505,1
22864,0
138261,0
70827,1
98857,0
78603,0
143821,1
64862,0
85974,0
11514,0
10708,1
70490,0
78005,1
176910,0
152850,1
167004,1
37201,0
104649,1
142510,1
113480,1
103504,1
9905,1
33505,1
73745,1
13636,1
144820,0
3020,1
5256,0
37293,1
61772,0
177675,1
162391,1
96345,1
43019,1
76544,0
163189,0
25905,0
114213,0
82827,0
66439,1
104408,0
117914,0
78375,0
174071,0
14070,0
169364,1
54534,0
28925,0
128459,1
168943,0
3030,1
143222,1
93461,1
60833,1
160460,1
47374,1
161172,0
99602,0
100453,0
95872,0
90150,1
49339,0
121308,0
122299,0
33472,1
165498,1
52659,1
55476,1
110645,1
132770,1
11029,0
138862,0
66324,0
71825,0
93625,1
142988,1
50005,1
84047,1
70700,0
55430,1
157391,0
31695,1
55619,0
171869,1
12598,1
140502,0
105923,0
159439,1
62724,1
58900,0
76415,0
168461,0
117020,0
6133,0
41699,1
155054,0
5091,1
21236,1
113941,0
170715,1
176140,0
138045,1
53332,0
77786,1
176647,1
53137,1
33257,0
21820,1
66756,1
133041,0
137978,0
55784,1
111316,1
27209,0
160279,1
67320,1
85246,0
29813,0
42576,1
67789,0
100349,0
158625,1
123562,1
119442,1
56581,1
36499,0
161027,1
155512,0
58496,1
41589,1
109619,0
45940,1
103333,1
38961,1
31336,1
5969,0
156159,0
49348,0
107061,0
138649,1
20802,1
141645,1
18203,1
155807,1
162068,1
128473,1
49869,0
63483,1
101552,1
164307,0
31826,0
114344,1
115981,0
20855,1
152722,0
122143,1
173393,1
27531,1
158287,1
81539,1
18812,0
38900,0
119278,1
161614,0
161293,0
162603,1
100133,0
23822,0
129786,1
50206,1
101179,1
37886,0
1027,0
135292,0
174494,1
140261,1
175626,1
26109,1
48786,1
57349,0
1016,0
148537,0
102668,1
28968,0
152461,0
109142,1
83474,1
35095,0
60773,0
33933,0
178471,0
78763,1
22193,1
124043,0
121131,0
54380,1
28241,1
157885,0
94986,0
38701,0
177367,0
24610,1
156149,1
152409,0
86646,0
89869,0
178736,1
144889,1
113203,0
165662,1
99309,0
19277,0
35138,1
36434,1
176163,1
106004,1
115384,0
21735,0
155936,1
22764,1
58504,1
139886,0
47292,0
146338,1
17067,0
112468,1
13222,0
104046,1
27316,1
27943,0
80853,0
30913,0
135086,0
159849,1
52581,1
43802,1
84507,1
27817,1
55273,0
133664,1
256,0
169559,0
127781,1
25383,0
93602,1
86892,1
156643,0
14681,1
41521,1
120143,0
36714,0
61967,0
35941,0
45850,1
96234,0
127586,1
153225,0
137848,0
23639,1
30076,0
47866,1
166419,0
148749,0
78035,0
34462,0
56759,1
21615,1
179899,1
23645,1
121711,0
1715,1
74181,1
166652,1
24494,1
141434,0
15356,1
111532,0
47262,0
20615,1
9008,0
148812,1
67302,1
24835,1
54520,0
60998,1
40834,0
32526,1
167822,1
49829,1
165260,1
34659,1
125197,0
150465,0
176063,1
79645,0
113258,0
122308,0
174605,0
110249,1
129804,0
101008,1
151470,1
130774,0
143905,1
81953,0
121425,0
56933,1
67323,0
76142,0
82769,1
126881,0
23427,1
22011,0
91716,0
24286,0
11648,1
101502,0
162172,1
160852,1
111598,1
60661,1
96619,1
105625,1
6326,1
23700,1
2654,1
21444,0
47946,0
163735,1
69595,1
128063,0
91240,0
163167,1
106418,0
12314,1
132841,0
103512,0
138704,1
173369,1
108482,0
45020,0
134164,0
100351,0
125687,0
135144,0
131239,1
45451,1
107466,0
19736,1
105735,0
131000,0
95342,0
148238,1
135448,0
60386,0
1391,1
17612,0
79780,0
158430,1
51642,1
65890,1
162861,0
14017,0
177785,0
5359,1
28257,1
20317,1
143039,0
73510,1
89379,0
37518,1
29414,0
142992,1
19255,1
114092,1
138064,0
156882,1
64604,1
62737,1
91571,1
76808,0
22380,1
43563,1
137997,1
16726,1
52121,1
9129,1
40784,1
154458,1
34087,0
11880,0
46934,1
145708,0
88217,0
87875,0
1733,0
157866,0
40787,1
112881,0
110538,1
42079,0
78538,1
88972,1
137366,1
142025,1
158182,1
110585,1
54822,0
18055,0
130296,0
159985,1
14940,1
35732,0
18573,0
131379,0
75400,1
102027,0
136578,1
46858,1
81801,1
54877,1
153097,1
102364,1
88438,1
30221,1
154277,0
112016,0
120775,0
164044,0
112730,1
40034,1
157193,0
16005,1
158112,1
66120,0
149104,1
155915,1
122902,1
66852,0
40482,0
131982,0
66549,0
37979,1
148603,1
121751,0
92262,1
136223,0
77308,0
170734,1
133087,0
141674,1
78623,0
9615,0
148655,1
180428,0
24212,0
33463,1
23909,0
36712,0
170456,1
118283,1
3117,1
50596,0
167975,0
98144,1
5275,1
86927,0
178754,0
26250,1
107241,1
172207,0
146041,1
157130,0
156584,1
59851,1
14713,1
180458,1
124297,0
35324,1
177109,1
64536,1
109032,0
32364,1
12006,1
103753,1
84641,1
92609,1
75325,0
7874,0
8374,1
179040,1
118682,0
166304,0
65411,1
35287,1
14779,1
66104,0
26568,0
38591,0
152548,0
131196,1
114743,0
52052,1
29810,1
46466,0
131814,0
143426,0
90771,0
76589,1
130414,1
8555,1
146089,1
78639,1
163331,1
102967,1
167526,1
36836,1
36947,1
30520,0
165393,1
12003,0
178804,0
7125,1
149524,0
153704,1
60407,0
66552,1
144626,1
40955,0
25277,0
82740,1
34955,1
150222,1
38806,1
46348,1
122637,1
90114,1
28939,0
99744,1
38841,0
110968,1
62245,1
9477,0
144759,1
29311,1
64444,1
94203,1
74474,0
136920,0
15045,0
102842,0
52987,1
164114,1
83750,1
141509,1
113466,0
45617,0
177980,1
113217,0
55537,0
147327,1
140287,0
145273,1
109236,0
139544,1
35647,0
132127,0
120387,1
66743,1
105835,1
143609,0
21163,0
23924,1
91417,1
86803,0
109662,0
108538,1
129008,0
68345,1
82132,1
96370,1
139772,0
10605,0
164435,1
4502,1
61060,1
60644,0
111180,0
49975,0
139738,1
48858,1
22628,1
62677,1
75327,1
164408,1
95739,1
44031,1
25702,1
58472,1
77009,1
98406,0
81607,1
162821,1
152444,1
116410,1
34085,0
178237,0
108815,0
36172,1
33499,1
46383,0
157504,0
58335,1
62006,0
128184,0
8856,0
84004,0
155511,0
78964,1
30687,0
144109,1
122693,1
144848,0
150013,1
125522,1
156599,1
161009,1
146253,1
42974,1
169889,1
64668,0
46636,0
31357,0
144907,1
110522,0
28977,0
36481,1
129159,1
46326,0
100520,1
5086,0
75333,1
4860,1
121781,1
127396,1
57261,0
23354,0
172497,0
33274,0
104805,0
25557,1
111298,1
95591,1
172328,0
72,1
128242,1
83421,1
131471,1
177420,1
96232,0
111080,0
176312,1
106986,0
73659,0
79464,0
81718,1
159765,0
70020,0
133849,0
130887,1
49744,0
85793,0
29315,1
127540,1
90627,1
71635,0
39799,0
132521,1
169253,1
108665,0
27057,0
4133,1
71792,0
130528,0
128288,0
71928,1
45744,0
18452,0
142452,1
142645,0
120144,0
62014,1
166976,1
3666,1
156097,0
16089,1
65169,0
53411,1
57672,0
81478,0
32134,1
163360,1
33262,1
25236,0
132151,0
138383,0
104067,1
22878,1
69826,0
58718,1
36930,0
117322,0
142175,0
70064,0
8156,0
18426,1
45657,0
132425,0
89561,1
114422,1
17508,0
134756,1
175715,1
112549,0
105362,0
120330,1
90023,0
119134,1
141189,0
173567,0
141012,1
97093,1
13409,1
7996,1
94803,1
67415,1
119518,1
15363,0
135993,1
53456,0
65825,0
65323,0
20889,0
164210,1
64940,1
66313,1
53074,1
75945,0
133209,1
134216,0
156851,1
106922,0
1468,1
25893,0
51090,0
835,1
37259,1
69123,0
54846,0
33525,1
55932,0
180082,1
93694,0
73823,0
120021,1
61406,1
154985,1
107395,1
152261,1
99156,1
39807,0
65697,1
33250,0
35713,1
135322,1
60741,1
45921,0
12261,1
153314,1
99440,0
139847,0
23503,0
27580,1
143886,1
143795,0
149610,1
25426,0
23583,1
31915,1
112896,1
91267,1
59444,1
145945,1
84304,1
64728,1
178602,0
169429,0
61650,1
84258,0
17974,1
38993,1
84445,1
45317,1
37250,1
57793,1
5219,1
70422,1
34383,0
121370,1
43701,0
44965,0
172042,1
5682,1
20751,0
624,1
5482,1
112570,0
53222,1
33019,1
33147,1
72054,0
73202,1
26428,1
146030,1
147500,0
127683,1
140860,1
40331,1
19941,1
51345,1
136232,0
44890,1
156029,0
111318,1
125968,1
3814,0
11194,1
133161,1
131347,0
107271,1
69997,1
88484,0
162044,0
94233,1
81218,1
3598,0
95462,1
155835,1
138706,1
31250,1
48284,0
170434,0
56978,1
107866,1
146481,1
48041,0
160311,1
82726,1
61776,1
44557,1
41450,0
54133,1
39026,1
83804,0
155982,1
52090,1
81927,1
83861,1
22861,1
21786,0
95271,0
23018,0
27257,1
54837,0
16268,0
78690,1
25662,1
69999,1
159272,0
141715,0
52262,1
37159,1
68262,1
103790,1
114735,1
43556,1
257,0
159466,0
87474,1
78050,1
34546,1
138563,0
34417,1
41136,0
157307,0
137985,0
124084,1
175949,0
59774,1
119035,0
100440,1
159651,0
150753,0
119619,0
29637,0
89482,1
29728,1
176710,0
6493,1
116092,0
154903,1
108749,1
66155,0
43898,1
1454,1
54034,0
50446,0
24339,0
53539,1
13451,1
48484,1
38342,0
99854,1
124764,0
76418,1
175157,1
137998,1
27026,1
157539,0
80531,0
5269,0
178461,1
16718,0
23134,0
66151,0
113537,0
32290,1
22890,1
164723,0
97271,0
7925,0
99096,0
612,1
79712,0
51712,1
149061,0
91390,1
89385,1
63380,1
81858,1
114066,1
18307,1
148016,1
63052,1
72889,1
80107,0
169314,1
83638,0
38122,0
174624,0
161354,1
98179,0
120863,1
177865,0
10942,0
43335,1
32017,1
106930,1
47673,1
126832,1
175758,0
5805,1
85158,1
139726,1
122480,1
151663,1
82846,1
158409,1
83271,1
108790,1
71802,1
130876,1
156579,0
117375,1
12891,0
160677,0
30690,0
107150,0
149786,1
23399,0
142952,0
138398,1
35388,0
174077,0
3179,1
102659,1
144135,1
132390,1
67568,0
45373,1
62328,0
146650,0
124565,1
72824,1
90579,1
83657,0
160229,1
116479,0
151720,1
17283,0
106768,1
173692,1
93003,1
43477,1
52572,1
59626,0
54847,0
127873,0
135394,0
163590,0
19727,0
142643,0
75130,0
9128,1
98192,0
21054,1
171749,0
147429,0
30148,0
121256,0
115626,1
50032,1
159512,1
92606,1
34619,1
104856,1
65691,0
82142,1
69977,0
17763,1
567,0
70099,1
109028,0
30732,0
164860,1
44194,1
128065,1
40524,1
21431,1
74618,0
35879,1
73678,1
129896,1
48394,0
72057,1
10801,1
109570,1
54625,1
27071,1
161429,0
143090,0
9228,0
31323,1
141244,0
113722,0
148225,0
103421,1
46647,0
120764,0
64201,1
144997,1
103532,1
80053,1
85806,0
130065,1
149611,1
49445,0
174608,1
161979,0
36343,0
68079,0
168354,0
116772,0
137283,0
161165,0
93275,1
85581,0
129947,0
175622,1
142383,0
23061,1
21369,0
39594,1
83807,1
70160,1
45699,1
151631,0
55694,1
139750,1
90543,1
66207,0
103231,1
54556,1
161901,0
112096,1
151401,1
125475,1
29799,0
120299,1
145544,1
48149,0
40997,1
70041,0
119580,0
57269,0
6181,1
74727,1
101096,0
53220,1
129956,1
179282,0
144619,1
33069,0
77086,0
724,1
106499,1
96777,0
139331,1
174669,0
59132,1
136236,0
90953,1
155155,0
80839,0
54956,0
87077,1
110222,0
95217,1
176820,1
122949,1
138181,0
91700,1
138750,1
143185,0
106761,0
171635,0
136944,0
44952,0
128300,0
133258,1
57161,0
3618,0
47926,0
24933,0
167474,0
30432,1
105872,1
157796,1
89365,1
9467,1
152250,0
135664,0
23356,0
61958,1
153597,1
56571,0
106580,1
125164,1
121576,1
5221,1
55929,1
13298,1
177616,0
72770,1
79826,0
103565,0
69870,0
38339,0
138178,0
150523,0
3728,1
147865,1
57740,0
81989,1
35188,1
40704,0
29816,0
86867,1
27008,0
148988,1
132290,1
19984,1
60382,1
126341,1
171020,1
59356,1
45872,1
127292,0
124130,1
152356,1
58779,0
178041,1
173404,0
67591,1
123828,1
83988,1
7670,0
173214,0
105674,1
43932,0
100302,1
55809,1
28537,0
145924,0
88429,1
153091,1
147993,1
105709,1
87192,1
153827,1
58995,0
96750,1
173892,0
117670,0
7436,1
83023,1
51130,1
81749,0
110965,1
63001,0
168507,0
84496,1
94871,0
69283,0
178104,0
4526,0
136792,0
135151,0
18265,1
131036,0
87476,1
128485,0
23957,0
172564,0
39672,0
41467,1
78080,1
34032,0
43395,0
112598,1
158634,1
122636,1
64284,1
1836,0
159010,0
53527,0
11144,1
26660,1
87659,1
119331,1
118523,1
30245,0
152704,1
120392,0
1203,1
125653,0
131765,0
19561,1
155110,0
44147,1
162287,0
38870,1
17760,0
166990,1
73847,1
179574,1
7627,0
35031,1
146098,0
44276,1
51341,0
107036,0
162509,1
80949,0
77731,0
168219,0
97429,0
44622,0
42126,1
173222,0
149616,1
160562,1
4555,1
66336,0
139077,1
87698,1
46996,1
108293,1
51906,0
104480,0
42401,1
81193,0
115787,0
166255,0
143647,0
145963,1
168163,1
54451,1
55296,0
134694,0
74816,1
112385,0
174962,0
78440,1
64116,1
13864,0
141949,1
121601,0
64993,0
46633,0
32199,0
180511,1
125788,0
110016,0
99116,1
95094,1
174221,0
179244,1
43157,1
122733,0
29552,0
75618,0
49257,0
69316,1
72749,0
19632,0
147881,1
45397,0
68879,1
15890,1
61986,0
141556,0
126213,1
24844,1
150453,0
36454,0
79744,0
57714,0
147010,0
125371,1
131172,0
117836,1
859,1
128518,1
126520,0
11120,1
100917,1
125732,1
152316,0
69529,0
30565,1
167035,0
119410,1
32775,1
10846,1
120369,0
90290,0
162232,1
21192,0
65479,1
152164,1
141572,0
91114,0
113467,0
153935,0
21128,1
28262,0
121990,1
174656,1
27866,0
168817,0
159891,1
86289,0
145771,0
34172,1
21567,1
34101,1
78312,1
177053,0
112265,1
2061,0
61214,1
174848,1
146326,0
79434,1
117341,1
52543,1
71078,1
177223,0
139928,1
89489,1
85112,1
68323,1
53500,1
16318,0
74849,1
177041,0
146563,1
136309,1
10350,0
54730,1
168498,1
118229,0
107505,1
74878,1
145188,0
67521,0
40339,0
49489,1
44829,1
179551,0
132546,1
89372,0
163877,0
57559,1
136478,0
50018,0
38181,1
126957,0
146391,0
154931,1
152324,1
8776,1
96742,1
140212,0
162089,0
57897,1
116374,1
56588,1
67282,1
141107,1
94332,0
164168,1
73761,0
170887,1
3436,1
149868,0
100798,0
156067,1
133039,0
79440,1
157836,1
97937,1
53851,0
59613,0
125513,1
30498,0
9370,0
176696,0
94701,1
43706,0
115217,0
92925,0
118739,1
124737,0
34692,1
68233,1
43220,1
21001,1
34242,1
4539,0
20215,1
6812,0
153505,1
78726,0
22362,1
39125,1
142547,1
17965,1
83346,1
32993,0
79636,0
83411,1
151643,0
160120,0
140452,0
105195,0
114982,1
92313,1
54797,0
161840,0
139446,0
134775,1
70558,1
48371,0
177210,0
111854,0
43065,1
675,1
78771,1
170367,0
127423,1
19936,1
56848,0
40052,0
96353,1
94754,1
145354,0
101113,1
51020,0
27388,0
23593,0
18200,1
75971,0
83629,1
69988,0
98462,0
137605,0
118758,0
52144,1
36026,0
94588,1
12470,0
43553,1
28093,0
90128,0
90197,1
77769,1
84569,1
32974,1
109982,1
178974,1
25323,0
75819,0
12295,0
172181,0
45968,0
178580,0
156710,0
83447,1
66142,0
118913,1
104277,1
138782,0
47927,1
4099,0
134778,1
63088,1
126187,1
29010,1
69400,1
10968,1
131308,0
126290,0
57511,0
15931,0
169654,1
98970,1
41430,0
153825,1
78082,0
49800,0
159390,1
144940,0
7148,0
84933,1
86072,1
42229,1
54180,1
135874,0
148045,1
146801,1
99074,0
21784,1
67625,0
152556,1
101106,1
15149,0
41689,0
9255,0
94104,1
171644,0
165985,1
87111,1
121936,0
35444,0
69574,1
87772,0
172434,0
34484,0
116113,1
5652,1
59507,1
145300,1
120309,1
62066,0
24172,1
22446,0
78166,1
169256,0
176964,1
158853,0
144106,1
117584,1
49874,0
168555,1
64303,1
19853,0
73864,1
22896,0
170499,0
119810,0
24488,0
5096,1
83920,1
47616,0
26024,0
91468,0
87646,1
25908,1
156904,0
5882,0
107591,1
6929,0
103938,1
151964,1
86691,1
55474,0
15467,0
97769,0
19837,0
46047,0
56512,1
76795,0
134090,1
105233,1
114317,0
5704,1
43795,0
122026,0
75066,0
131142,1
112527,0
164343,0
123256,1
137919,1
29408,0
140429,1
513,1
146129,0
109390,1
64506,0
159022,1
87710,1
168713,0
70109,1
124351,1
59670,1
53451,1
128039,0
91368,0
123306,1
75700,1
177981,0
27752,0
127068,0
50358,0
43900,0
144722,1
96535,0
120966,1
51662,1
30302,1
1347,0
9798,1
63397,1
30227,1
78164,1
105993,1
60892,0
79523,0
102726,0
130460,1
114324,1
21187,0
121922,1
108325,1
89744,0
100953,0
116342,0
124506,0
43066,1
162253,1
137913,1
57949,1
38537,1
26437,0
81549,1
38243,1
137591,1
20374,0
110473,1
163309,1
95674,0
61940,1
49247,1
128536,1
169355,1
122780,1
94124,1
34863,1
155412,0
169236,1
147469,1
18207,0
57226,1
106311,0
120964,1
155967,1
15604,0
144913,1
176492,0
129429,1
168687,1
65741,0
62412,0
41013,1
63813,1
5095,0
55888,0
102501,0
71807,1
126382,0
129891,1
125012,0
137034,1
179898,1
156547,1
24938,1
142874,0
102174,0
104089,0
158306,0
172703,1
124802,0
118487,1
16753,1
57193,1
85426,0
106392,0
49026,1
32880,0
148995,1
46874,1
140830,0
56118,1
71958,1
158303,1
6005,1
96688,1
78672,1
17767,0
32150,1
124703,1
171619,0
159429,0
107021,0
166732,1
48099,0
49603,1
156604,0
47888,1
108770,1
82856,0
75003,0
112165,1
24288,1
134757,1
66349,0
180331,1
116128,0
42507,1
56866,0
140335,0
109740,1
43025,0
61594,0
51947,1
33633,1
33718,1
66031,1
162254,1
99235,1
86011,1
95970,0
9320,0
100321,0
88398,0
5900,0
3817,1
146728,1
93241,1
16308,0
163944,1
18653,1
8383,0
162207,1
2525,0
161919,1
138954,1
113494,0
27929,1
33789,1
11495,0
29265,0
123673,1
128156,0
9291,0
177182,0
53820,1
112308,1
44482,1
5141,1
178342,0
109282,1
43068,1
110194,1
150216,0
457,0
112175,1
6716,0
28716,1
82083,1
56545,0
153011,0
92161,0
66548,0
179707,1
113955,0
72849,1
160414,0
47718,0
7444,1
139311,0
58582,1
97969,0
175459,1
52597,1
164453,1
114622,1
114108,0
58176,0
75622,0
89126,0
55353,0
124910,1
145428,0
61642,1
131619,1
10652,1
61017,0
9634,1
97263,1
21049,1
68144,1
79152,0
12206,1
80912,0
35199,0
119392,0
170761,1
122251,1
162447,1
140039,1
22551,0
152858,0
22533,1
156782,0
67508,1
95491,0
30351,1
30101,1
55325,0
57717,0
76405,1
44259,1
47931,0
176010,0
53797,0
99982,1
90880,0
177101,0
178938,1
121306,0
123698,0
76753,0
12658,1
47053,1
98249,0
78285,1
156002,0
17390,1
151125,0
88053,1
86382,0
12946,1
171413,0
123518,1
155721,1
134782,0
149224,1
97456,1
45177,1
74344,1
16168,1
133123,0
86784,1
121775,1
4006,1
86304,0
168000,1
153929,1
41897,1
2106,1
171446,1
137622,1
95997,0
150196,0
28747,0
80849,0
94961,1
132021,1
95196,1
35867,1
163044,1
179146,1
119081,1
174061,0
81050,0
80754,1
19246,1
148877,1
54772,1
7381,1
135123,0
394,0
109751,0
7820,1
110807,1
135665,0
1014,0
50252,0
42125,1
139202,1
66498,1
19766,1
59678,1
179778,0
86481,1
170492,1
108395,0
82865,1
127951,1
162972,1
130297,1
152469,1
124958,0
144959,1
17646,1
87540,1
102273,1
58925,0
45285,1
170878,0
93548,0
177083,1
125527,1
148119,0
132675,0
175259,0
149431,1
49380,0
132178,1
62978,1
134092,1
113318,1
45251,1
51203,0
135750,0
168937,0
147535,0
165765,1
129024,0
107641,0
85612,0
97103,1
116476,1
168222,0
17159,1
160563,1
111007,1
65117,0
67236,1
110507,1
148244,0
29865,0
46,1
110856,1
63871,1
114453,1
123715,1
144720,0
94140,0
21020,0
4003,1
46062,1
99111,1
73670,1
109628,1
95816,0
96963,1
149429,0
6305,0
168585,1
144607,0
13165,0
13736,1
123797,1
34655,0
15311,0
124335,0
80585,1
139350,1
143596,0
29885,0
175816,0
31010,0
135511,1
16311,1
16695,1
113631,1
155450,0
99703,1
20702,0
42508,1
26453,1
34881,0
157720,1
126456,1
170200,1
10050,0
18172,0
49610,0
172993,1
148636,1
78209,1
53221,1
108852,0
173412,0
119723,0
15558,0
176762,0
133828,1
101595,0
49867,1
176876,0
111109,1
120317,0
22596,1
79695,1
89956,1
136634,0
177681,1
167937,1
147877,1
148682,0
159682,1
66343,0
52321,0
111978,1
158250,1
153499,1
53046,1
62565,0
88771,1
75991,1
164120,0
96028,0
53944,1
58717,0
49241,1
139808,0
148950,1
51376,1
36301,0
32900,0
1385,0
90190,1
166358,1
68436,0
45794,0
87101,1
26209,1
135274,1
138013,1
104565,0
14796,1
148410,0
98198,1
147355,0
5031,1
5940,0
4770,1
46337,0
11241,0
113266,0
69872,0
17003,0
622,0
21087,1
39992,0
160470,0
150957,1
169197,1
165145,0
66888,0
162651,1
39378,1
116826,0
115863,0
38502,1
84192,1
9626,0
28662,0
20453,1
159981,1
40222,0
56543,0
138315,1
68446,0
55891,1
97686,0
5542,1
5276,1
57281,1
96391,0
42429,0
80237,0
97764,0
65195,0
91630,0
162477,1
14591,1
146858,1
23697,1
174569,1
170485,1
94425,0
110081,1
172606,1
12583,1
15221,1
86120,0
126861,1
47895,0
112024,0
108208,1
77977,1
44369,1
112809,1
21772,0
168990,0
44397,1
13699,0
24866,1
177326,1
104898,0
131128,0
25874,0
59811,1
106437,0
129783,1
159825,1
125385,0
26910,1
49938,0
106051,0
5053,0
148323,1
18572,0
46554,0
84187,0
46347,1
76094,0
153510,1
148972,0
142991,1
81533,0
177229,0
119889,1
15418,1
5789,0
14741,1
174202,1
27097,0
16583,1
32080,1
17436,0
37581,0
23937,1
171359,0
73034,1
13702,0
71972,1
50057,1
7062,0
90109,1
39886,1
69918,1
120650,1
110593,1
157559,1
129342,1
79701,1
2734,0
172124,0
95913,1
26037,0
80034,0
158480,1
156469,1
43623,0
150503,1
728,1
18671,0
148328,0
43255,0
118433,1
106468,1
92857,0
64141,0
22608,0
163551,0
132402,1
13263,1
166629,1
81631,0
112017,0
65109,1
7292,0
62368,1
75786,0
178567,1
63289,0
99559,1
150163,0
84065,0
50802,1
50020,1
139357,1
151319,1
135053,0
69284,0
784,0
149874,0
180499,0
101953,0
146164,0
58060,0
156065,1
165385,0
105119,0
15766,1
123964,1
144801,1
59654,1
47655,0
176924,0
77691,0
76475,0
49405,1
178117,1
174361,0
49212,1
98125,1
34629,0
161178,0
166583,1
13808,1
73664,0
47665,1
162208,0
12851,1
36637,1
124183,1
98034,0
125107,0
167075,1
81342,1
16213,1
157716,1
163623,1
110437,1
178446,1
81380,0
51187,0
91135,0
58514,1
28069,1
63581,0
132279,0
68448,0
115554,1
147541,0
70594,0
20649,0
591,0
99261,1
30012,1
57631,1
166257,1
33321,1
14312,1
137491,0
134297,1
135601,1
25835,0
108614,1
42887,0
136875,1
62487,0
127724,0
178859,0
172384,0
42660,1
105704,0
19307,1
84758,0
89766,0
151316,0
128430,1
148969,0
107460,0
162584,0
24347,1
138858,0
137977,1
48663,1
34654,0
56517,1
65605,0
73709,1
31218,1
77527,0
70481,1
60384,0
162111,1
178808,1
150541,0
59765,0
50343,1
104161,1
32756,0
99736,1
109018,1
166301,1
24801,0
102471,0
171915,1
91014,0
24180,1
109385,0
100248,0
145954,1
161114,0
88816,0
104121,0
31956,0
20081,0
16177,1
173609,0
161914,1
93355,0
22663,0
116296,0
102443,1
2432,1
49417,1
107371,0
123211,1
166198,1
63206,1
119598,0
26682,0
56695,1
108971,1
168255,0
66826,1
119458,1
115624,0
20741,1
84328,1
38669,0
115829,1
123242,0
66719,1
28751,0
64075,1
173292,0
178079,1
102441,1
97080,1
64782,0
48421,1
85079,1
84438,0
37594,0
4182,1
47391,1
56628,0
162721,0
149399,1
85164,1
64929,1
121725,0
17757,1
58565,0
65987,0
173657,1
27410,0
15550,1
111092,0
124922,0
59422,0
108689,1
92946,1
158992,0
103091,0
137234,1
96160,0
139858,0
170723,1
172886,1
8719,1
104826,0
168121,1
174212,1
114121,1
176468,0
167328,1
161658,0
142769,0
41280,1
11574,1
76270,0
30214,0
52472,0
10130,1
59465,1
23053,0
100424,1
19321,1
60463,1
120459,0
102584,1
19745,0
38347,1
149227,1
122652,0
60452,0
91969,1
111891,1
76200,0
158106,0
51142,1
67345,0
22443,1
89557,1
79574,1
40173,0
83333,1
69046,1
100066,0
10485,0
18005,0
3442,0
83751,1
72618,1
12468,0
2916,0
157111,0
12428,0
98100,0
33851,0
1011,1
38725,0
153847,1
136993,1
46811,1
41462,0
115336,0
93606,1
72430,0
85750,1
141296,0
163541,1
7519,1
58511,1
178940,1
53290,1
35991,1
11556,1
55812,1
9428,0
38898,1
106271,1
110157,0
161498,1
143027,1
84075,1
66032,1
158383,1
50924,1
47944,1
101091,0
89516,0
61062,1
33184,1
151611,0
105614,0
22985,0
77393,1
72010,0
169619,1
55765,1
4465,0
46890,1
142602,1
42946,1
75894,0
165438,1
7775,1
97259,1
148766,0
14660,1
46379,0
149589,0
22794,1
95933,1
1721,0
17265,1
131089,0
158251,1
158604,1
17533,0
140613,0
110071,1
86320,1
95687,1
68329,0
101163,0
54536,0
123777,0
68399,1
93604,1
30987,0
10324,1
174233,1
130899,1
16039,1
17795,1
117574,0
145715,0
65067,0
131211,1
30014,1
177551,0
12253,0
17658,1
67215,1
72603,0
47872,1
180225,0
102592,0
142591,1
133040,1
141436,0
154889,0
75181,0
135173,1
170013,0
18630,0
75179,1
106883,1
134374,0
15754,0
52959,0
127223,1
163775,0
77571,0
15740,1
164269,0
83288,1
79673,1
176257,1
169844,0
59605,1
170398,1
143364,1
78074,1
52555,0
156151,0
37603,0
180070,0
161028,1
22262,0
128906,1
178256,0
18681,0
64254,0
72881,0
169631,0
99873,1
103738,1
71029,0
160691,1
15108,0
86260,1
59687,0
127725,1
79290,0
122639,1
112451,1
153029,1
51525,0
110067,0
74234,0
177700,1
59452,0
63336,0
42677,1
116322,1
66694,1
49811,0
78652,1
101375,1
77557,1
50617,1
37057,0
73214,1
12493,1
177268,0
136856,0
51808,1
102280,1
109035,1
167206,0
75412,0
99931,0
58109,0
170246,0
31493,0
169754,1
56977,1
68718,0
6261,0
45320,1
11019,1
127690,1
26238,1
19586,1
25710,0
39451,0
136436,1
129565,1
149959,0
173977,0
135287,1
108846,1
79592,1
42056,0
168869,0
50299,0
12214,0
157013,1
168406,0
175101,0
27655,0
11803,1
4763,1
9409,0
82633,1
171093,0
38610,0
132158,0
61661,1
47940,0
68179,0
69469,1
143683,1
33568,1
4778,1
126196,1
18698,0
41816,0
77985,1
172270,0
92023,0
57404,0
25654,1
142290,0
45488,1
89478,0
160586,1
22954,0
86665,1
20414,0
101823,1
153881,1
85601,1
56357,1
75042,0
131068,1
146977,0
24069,0
8444,0
124187,1
141259,0
90325,0
99748,0
3896,0
73308,0
71479,1
146399,0
164305,0
89445,1
137443,1
42879,0
173963,1
178577,0
11877,1
129626,0
149356,1
132121,0
83175,1
22707,1
29039,1
29915,1
98804,1
122028,0
127447,0
129172,1
149522,1
21730,0
173479,0
51174,1
117622,1
122976,1
13378,0
4071,1
88809,0
179636,0
125608,1
64577,0
120087,1
56541,1
6596,1
26107,1
52193,0
130621,1
145378,0
42260,1
64731,1
90983,0
69991,0
158462,1
169324,0
99265,1
172868,1
27601,1
93421,1
154477,1
117508,0
85870,0
154403,1
39850,1
81952,1
39206,1
101532,0
89967,1
110797,1
73896,0
33014,0
7805,0
57582,1
161799,0
40895,1
158165,0
17801,0
107693,1
49476,1
18790,0
78258,1
24756,1
117177,0
132006,1
103695,0
80513,1
179235,0
144780,0
34064,0
149829,0
67909,1
109466,1
18796,0
141709,1
37358,1
33488,1
36469,0
143176,0
85585,1
140058,1
159920,0
103210,1
114258,0
119317,0
156950,1
107491,0
134577,0
99595,1
67549,0
24073,1
172352,1
107882,1
63568,1
33550,1
115120,1
79915,0
35455,1
163139,0
119202,1
167339,0
34952,0
23872,1
171918,1
27885,0
161081,0
163642,0
124031,1
179624,1
56505,1
152523,1
139341,1
22348,1
68614,1
54112,0
75395,1
33208,0
176097,1
56107,0
139417,1
144583,1
139268,0
169937,1
132926,0
25066,1
115897,1
122910,1
151874,1
176779,0
31570,1
98082,0
138949,0
110560,0
89875,0
26216,0
103875,0
164009,0
168162,1
123113,0
32446,1
75997,1
109045,0
99823,0
35804,1
1148,1
22259,0
122360,1
86480,1
74770,0
69198,1
146342,0
82468,1
138507,1
65184,0
23740,1
163552,0
47756,1
7046,0
76271,1
39291,0
70821,1
42554,1
76304,1
137029,0
104877,1
15726,1
139930,0
173370,1
110017,1
77890,0
108965,1
59640,1
25867,1
10930,0
78640,0
116458,0
999,0
157135,1
59426,1
154562,1
120718,1
96746,1
143786,0
1834,0
144125,0
143883,1
179836,0
148531,1
45965,1
28301,1
115301,1
25601,0
134806,0
163546,0
173353,1
6739,1
145274,1
579,0
99539,1
131621,1
7226,0
82058,1
110366,0
118205,1
33614,1
98554,1
19704,1
3164,0
144492,1
100091,1
169546,0
87909,0
128401,0
136830,0
27857,0
151661,1
29464,0
117406,1
31080,0
59722,1
36597,1
170806,0
50521,0
173314,1
151089,1
113848,1
135385,1
70920,1
169347,1
33901,1
149809,0
124813,1
168942,0
173603,0
72735,1
121099,1
38437,1
73547,1
31650,1
49450,1
726,1
112989,0
111274,0
54784,0
7941,1
2783,1
107652,0
97151,1
12844,1
176665,0
72366,0
60716,1
113299,1
120009,0
12293,0
141417,1
17133,1
68314,0
85895,0
156513,1
15306,1
48266,0
15656,0
27032,0
37421,1
149376,1
3794,1
91795,0
68020,0
26745,0
116444,0
47539,1
46076,1
12963,1
20371,1
100857,0
28373,1
49453,0
53353,1
136022,1
63243,1
104798,1
26114,0
123800,0
126445,0
62159,1
74279,1
173827,0
121125,0
14026,0
164382,0
12708,1
25803,1
42344,0
21222,1
35247,1
11617,0
116175,0
132657,1
96554,0
112939,1
72730,1
42287,0
87696,1
59496,0
162705,1
28039,0
81404,0
29020,0
63345,0
140464,1
164173,1
109902,1
77246,0
126372,0
21667,0
55254,1
150277,0
81338,1
136902,1
81232,0
146485,1
23933,1
8314,1
13027,0
111195,1
124704,0
153926,0
121754,1
148875,0
120759,0
133815,1
153692,1
179806,0
15626,0
65305,1
171454,1
171417,1
1476,0
117583,1
31508,1
62944,1
160238,0
136959,1
89554,1
71347,1
74400,0
69587,1
90606,1
22139,0
73324,1
11590,1
180389,0
67706,1
12159,0
113107,1
79654,0
100063,0
121953,1
175402,0
159293,0
1929,1
147155,0
114225,1
115197,1
93498,1
44659,1
90847,1
1590,0
75243,0
167107,0
179567,1
131608,0
147789,1
87849,1
70606,0
129108,0
33342,1
171023,1
44409,1
6299,1
145829,0
57778,1
20003,0
84519,1
43044,1
120483,0
41273,0
88617,1
31371,1
118967,0
171552,0
171425,1
107173,1
156474,1
122228,0
104818,1
52782,0
86614,0
30902,1
131433,1
58650,1
17183,1
93792,1
122248,0
99668,1
156257,1
45257,0
26356,1
106974,0
124199,0
112367,1
84059,1
73799,1
63768,1
97911,0
66530,1
168317,0
142658,1
74705,1
52584,1
5874,1
99789,0
143703,0
7098,0
5016,1
81841,1
6348,0
134129,1
51805,0
179590,0
55882,0
64880,0
90212,1
144612,0
80014,1
176828,0
14715,1
23000,1
150292,0
172210,0
137482,1
165349,1
65858,1
41645,0
10922,1
93249,0
177135,0
86615,0
60784,1
127294,0
6865,1
17722,1
43676,1
87011,0
116491,1
27272,1
145233,1
80059,1
149787,0
85774,0
173690,1
20537,0
83847,0
169672,0
169533,0
86584,0
137182,1
117229,0
110349,1
53572,1
139023,0
38801,1
67581,0
166910,0
59818,1
34039,1
135560,1
86452,1
137624,1
71162,1
103345,0
12274,1
64489,0
142675,0
27598,0
53981,0
49769,1
4229,1
40947,1
59221,0
73055,1
39257,1
61786,0
120055,1
135059,1
134501,0
139213,0
37335,1
87763,0
86359,0
67852,0
27121,1
147926,0
141038,0
83069,1
192,0
162313,0
49728,1
101663,0
169031,1
167787,1
40018,1
116498,1
148454,0
50542,1
83748,1
25337,0
115265,1
61980,0
88222,1
109276,0
115757,1
175396,0
157989,0
44216,0
105721,1
6410,0
30133,1
121245,0
74530,1
108877,0
102164,1
144377,1
99134,1
98694,0
157444,1
95164,1
170844,0
41043,1
127791,0
7328,1
127939,1
138676,1
43899,1
62595,0
124935,1
36335,0
164533,0
83365,0
16295,0
61430,0
109139,1
63513,1
23519,0
76980,0
158493,1
17780,0
59487,0
140353,0
29369,1
98773,0
147692,1
161767,1
7361,1
150372,1
86240,1
38396,1
4449,1
78553,0
7318,1
35828,1
131866,0
175320,1
177771,0
53198,1
103450,0
97830,0
4773,1
144151,1
95396,0
129391,0
130340,0
131917,1
120611,0
929,1
8621,0
98158,0
160750,0
92732,1
95366,1
6004,1
173744,0
40337,1
166100,0
116786,0
4646,0
43967,1
38665,0
114202,1
89102,1
92269,0
74772,0
7250,1
143918,1
30598,1
4172,1
107429,1
43328,1
61210,1
159545,0
55936,0
82727,1
121137,1
4796,0
61618,1
170894,0
33606,1
58018,0
157201,0
111420,1
48921,1
91427,1
70069,1
175146,0
34755,1
90569,0
15583,1
885,0
150325,1
19084,0
16865,0
175454,1
37150,0
117,0
13774,1
72434,1
108695,0
87222,0
59385,1
132188,1
150178,1
153535,0
147540,0
124245,1
43836,1
143679,0
40692,1
4583,0
78223,1
94150,1
178600,0
67144,1
69719,0
120484,0
138353,1
177658,1
85099,0
46585,1
46741,0
113487,0
174364,0
176387,1
114044,1
167217,1
95925,1
55797,0
134953,0
151610,0
179211,1
975,0
117531,1
42399,1
881,1
59187,1
146034,1
122939,0
22017,0
32943,1
82116,1
155655,1
142646,0
78439,1
52981,0
133465,1
149921,0
12797,0
139003,1
109889,0
118330,0
171082,0
143493,0
2258,1
97749,1
39593,1
166678,0
91607,0
113704,0
113599,0
152623,1
76177,0
20958,1
8248,0
68549,0
51053,1
19885,1
180342,0
57518,0
133600,0
10858,1
180210,1
41236,0
125862,1
68046,1
115862,0
113950,1
85108,0
49093,1
165140,1
123602,1
165514,0
130428,0
125943,0
154519,0
98385,1
82334,1
42634,1
21547,1
65192,1
115447,0
160442,1
79611,1
9018,1
91197,0
169191,0
50829,0
136642,0
42858,0
97950,0
166206,0
130644,1
103879,0
108613,0
37941,0
124851,0
12997,0
128090,0
29765,0
53779,1
74517,1
126972,1
75196,1
125907,1
114319,0
84575,0
178218,1
136442,0
16553,0
105563,0
63643,0
125612,1
19768,1
116965,0
124390,0
126237,1
63093,0
172841,0
149237,1
174925,0
155928,0
120773,0
8532,1
93597,0
82329,1
110684,0
140731,0
54466,1
151134,0
34931,1
1604,1
170600,0
124160,0
11337,0
135279,0
96270,0
166663,1
70331,1
145978,1
66269,1
92332,0
139316,1
163601,0
125754,1
124214,0
18869,0
29534,1
141521,0
111625,1
46442,0
174387,1
98514,1
75373,1
83577,0
103789,1
99275,0
147236,1
40239,0
148652,0
2158,0
166648,1
29549,0
139413,0
177645,1
102940,0
26708,0
37187,0
171449,0
167284,0
160935,1
158246,1
98699,1
31764,1
62194,0
166781,1
65033,1
79048,1
171509,1
126655,1
79126,1
106479,1
61195,0
113447,1
78951,1
168975,0
173290,0
52989,1
81402,0
38126,0
69753,1
121296,0
133483,1
47568,1
86724,0
61139,1
61054,1
84055,1
43539,1
57430,1
71795,1
1750,0
37301,1
43799,1
36642,1
63651,1
21260,0
140160,1
38005,1
110338,1
51833,1
149598,1
14816,0
109837,1
33763,0
178514,0
29160,1
61229,1
56838,0
3753,1
172257,0
34574,1
164821,0
164085,0
71806,1
4310,1
28109,1
128613,0
126113,0
136488,0
38033,0
17053,0
46110,1
170942,1
98758,0
106825,1
90509,0
158543,1
17777,1
154045,1
142321,1
50256,0
28952,1
167718,0
69076,0
41339,1
56001,1
143548,1
164154,0
166888,1
128424,1
632,0
64867,1
8901,1
71014,0
129907,1
130779,1
34019,0
174787,1
47937,0
101497,1
65526,0
51543,1
108511,1
117630,1
36072,0
70607,0
125574,1
156803,1
180046,0
49098,1
84183,0
83645,1
46138,1
137114,0
44720,0
43649,0
179133,0
135420,0
106791,0
161713,0
78141,1
54707,1
165289,1
23812,1
104816,0
149955,1
125742,1
137026,1
140209,0
60166,0
102875,1
95831,0
127756,1
126279,1
9394,0
71093,0
6203,1
13152,0
164966,0
127853,0
142674,0
114943,0
47268,1
9363,0
176688,1
152411,0
170083,1
144677,0
92600,1
19133,0
162392,1
28673,1
89083,1
33663,0
112417,1
39305,0
71290,1
1877,1
63593,1
117087,1
36721,0
13367,0
76660,1
66188,1
108097,0
18606,0
47060,0
51022,1
54047,0
171530,1
129291,1
170518,0
91387,1
124186,1
96367,1
149241,0
63379,0
12198,0
22053,1
9837,1
134716,0
86057,0
101072,1
15430,0
26890,0
56284,1
59547,1
84510,1
38699,0
144784,0
175577,1
158062,1
108958,0
134257,0
40883,0
106204,1
43365,0
97617,1
74232,0
143427,0
139680,1
44515,1
119566,0
171480,1
38746,1
79601,0
17896,0
108442,1
116416,1
133270,1
166409,1
110337,1
20080,0
128130,1
94259,1
144057,0
158523,1
13057,0
7446,1
86343,1
117006,0
146011,1
137013,0
97905,1
120536,1
179876,1
66762,0
94675,0
105883,0
20120,1
165351,0
62476,1
137574,0
133581,0
98631,1
18701,0
28834,0
144634,0
43712,1
75750,0
127008,1
6404,0
133509,0
2795,1
35591,1
60200,0
87921,0
176859,1
123806,0
2465,1
51389,1
132745,1
155045,1
122362,1
153062,0
5509,0
148162,0
98105,1
148353,0
161440,1
47679,1
1163,1
63438,1
47464,0
136975,1
44450,0
113176,1
85496,0
114119,1
175104,1
12890,0
62261,0
35137,1
59793,1
11623,0
76171,1
39780,1
45349,0
32962,0
167520,1
145449,0
114994,0
98317,1
31309,0
53309,1
178235,0
18824,0
5015,1
16803,0
119044,1
172182,0
14645,0
160833,1
45298,0
173433,0
32027,1
168329,0
156760,1
40952,1
52943,0
41812,0
108311,0
3152,1
61678,1
41426,1
99128,1
139962,1
169339,0
121057,1
98842,1
143626,0
105433,1
65484,1
74774,0
11016,1
93230,1
109831,0
129086,0
69017,1
110386,1
87194,1
96025,1
179896,1
51960,1
82609,1
116558,0
14832,1
154206,1
159935,0
132014,1
25814,1
147117,0
135780,1
59508,1
41593,1
157981,0
36762,0
66305,1
21462,1
158607,0
176589,0
7866,0
6659,0
994,0
46729,1
6814,1
40025,1
163024,0
109088,1
116802,0
47287,0
52873,0
97882,0
178231,0
98986,1
69420,0
179706,0
79421,1
44721,0
34603,1
108415,1
38589,0
96608,1
148189,0
64057,0
16219,0
159057,1
152489,0
27947,0
103122,1
102422,1
150915,0
53610,1
69300,0
9708,1
102119,0
82002,0
101695,0
42579,0
111411,0
12488,1
11051,1
163168,1
61314,0
63044,1
151775,1
56968,1
27801,1
53209,0
87581,0
156786,0
130380,1
147106,1
157579,0
142926,1
147637,0
139154,1
90159,1
178968,0
1001,0
66710,1
57112,0
34116,1
127605,0
23122,0
97534,1
139234,0
153210,1
71624,1
16975,1
97051,0
75525,1
141431,1
35365,0
140920,0
151535,0
95959,0
45998,0
158022,0
97120,1
91537,1
73908,1
12245,0
102166,1
30472,1
154105,0
32787,0
139078,1
136228,0
164995,1
173426,1
143720,1
143775,0
20840,0
53557,1
1543,1
6407,0
63944,1
110889,0
165303,1
27363,1
28425,0
70408,1
156588,1
74503,1
100538,1
97190,1
124974,1
92527,1
44182,0
131659,0
157271,1
134536,0
163778,0
106861,1
175093,0
178171,1
71447,0
163039,0
86122,0
15952,0
43862,0
79224,1
53591,1
51732,1
71453,0
110191,0
90968,0
49545,1
21096,1
136030,0
167845,1
106798,1
1361,0
156970,1
138760,1
70460,1
76517,1
44565,0
1779,0
74420,0
99767,0
19233,0
35630,1
169627,1
81110,1
24569,0
116642,0
30980,0
154018,0
75923,0
16725,1
9397,1
122709,0
146273,0
45314,1
153034,0
16867,1
13061,0
147669,0
110187,0
79002,0
156986,1
85624,0
20696,0
629,0
124990,1
114381,1
95941,1
129030,1
173689,1
76176,1
155997,0
2317,0
15695,0
61555,1
15605,1
164265,0
154075,1
155311,0
125427,1
180424,0
115850,0
133585,1
108025,0
57514,1
28856,0
83924,0
38791,1
108902,1
116885,1
137638,0
7488,0
145604,0
97680,1
172390,0
166617,0
57551,0
165254,0
178907,1
137033,1
161837,0
108497,0
110501,0
94703,1
147833,1
11951,0
15373,1
71565,1
92060,1
10761,0
174043,1
39144,0
69431,1
69884,1
51201,0
32734,1
51163,1
159536,0
156245,0
117979,0
35573,0
10062,0
110992,1
92653,0
21802,0
75669,0
169984,0
77176,1
115804,0
174717,1
170526,0
30320,1
5843,0
93233,1
24634,1
163641,0
173488,0
76788,1
127854,0
175981,0
140158,1
55304,1
105881,0
119596,0
59892,0
174795,1
94746,0
163453,0
14388,0
36625,1
3275,1
82185,0
51133,0
43072,0
135793,0
154852,0
61186,1
34743,0
60193,1
163099,1
45821,1
132145,1
66154,0
60733,1
40814,1
29920,0
59244,0
14113,0
79016,0
106863,1
126796,0
35322,1
112267,1
120422,0
15572,0
53511,0
117011,0
126192,1
59380,1
179545,1
107827,0
165679,0
82986,0
74762,0
63781,1
129812,1
139612,0
13024,0
115715,0
21703,0
19668,0
28837,0
147143,1
47291,1
146442,0
59083,1
101931,1
149614,1
150039,0
132073,1
141783,1
102448,1
32555,0
1641,1
96686,0
149631,0
128797,0
94955,1
108469,1
76870,0
110419,1
163156,1
1365,1
111876,0
83612,0
126783,1
116635,1
172920,1
155891,1
117673,1
174408,1
12247,0
124618,0
42580,0
109327,0
113639,1
157595,1
145844,0
164903,1
44632,1
78961,1
125211,0
147718,0
8430,0
52497,0
55643,1
120438,1
168739,0
44704,1
53897,0
144378,1
74217,1
44188,0
48708,1
2425,1
17553,1
150535,0
154322,0
104417,0
126573,0
77789,1
46566,1
5012,1
72076,0
45456,1
71711,1
112345,1
124782,0
95417,0
156357,1
59263,0
71297,1
162244,1
175644,0
125215,0
170515,1
81530,1
121342,1
91217,1
102935,1
134101,1
157355,1
100489,0
84660,0
5598,0
11411,0
35378,0
66230,1
76627,1
53749,1
889,1
128026,1
105618,1
77785,1
134366,1
134725,1
74032,1
72336,0
61338,1
54247,1
45628,0
9686,0
23809,0
163533,0
35071,0
43387,0
83170,1
29884,0
112252,0
115474,0
679,0
121227,1
28449,0
172288,0
175437,0
70847,0
99122,1
17742,1
137338,1
29190,1
61350,1
133778,0
90346,1
149498,0
173274,1
98122,0
74505,1
102737,1
68659,0
3469,0
120746,1
33170,0
64283,1
173185,1
127407,1
29062,0
28324,1
146491,1
59084,1
123179,0
39653,1
71520,0
172830,0
23084,1
125,0
35371,1
44432,1
56368,0
179928,0
35844,0
87258,1
165944,0
101425,0
116898,1
178845,1
116106,0
114587,0
5877,1
176162,1
166375,0
30822,0
7360,0
55766,1
115737,1
93219,1
44543,0
28577,1
104558,1
73981,1
177446,0
137072,0
52159,0
140200,0
12369,1
5717,1
164902,1
25754,1
133366,1
175819,0
84791,0
118599,1
88150,0
121542,1
26834,1
111123,1
105155,1
123288,0
151899,0
156055,0
149036,1
35249,0
36620,0
2508,1
38659,1
136691,0
30543,1
78620,1
75242,1
45346,0
88828,0
159656,1
165086,0
134115,1
118254,0
126417,0
177058,1
111254,0
51575,1
89696,1
31093,0
8947,1
103250,1
154113,1
126207,0
53918,0
49439,0
126121,0
52432,1
100336,0
117813,1
58047,1
25742,1
78682,0
8955,0
13004,1
28962,1
137945,0
82393,0
180226,0
94205,0
41530,1
34301,1
58743,0
164488,1
156431,1
144050,0
20196,1
10237,1
6797,0
126921,0
93824,0
55484,1
38204,0
56082,0
50468,0
142799,0
75332,1
77922,0
131996,1
82204,0
145850,0
161034,1
122486,1
133908,1
155855,0
114379,1
125960,0
99213,0
37412,1
110598,1
115303,1
138127,1
57359,1
121907,1
65944,0
24963,0
125187,0
157624,1
74265,1
74080,0
99484,0
5388,0
76680,1
110739,1
10900,0
69967,0
148429,0
149000,1
20603,1
126119,1
92614,0
112399,1
57580,0
19630,0
25496,1
156466,0
29246,0
16394,1
12682,0
172633,0
38166,1
156086,1
99950,1
99693,0
169934,1
39456,1
54277,1
48040,1
106282,0
4411,1
87897,1
3405,1
54316,1
23922,1
5766,0
88040,0
89810,0
168980,0
1895,0
83899,1
74588,0
29291,0
131907,1
58161,0
115299,1
43098,1
76853,0
64669,0
160899,1
121374,0
162898,0
156265,0
52310,0
89076,1
141713,0
143125,0
56769,0
139165,0
75371,1
169102,0
52199,1
123888,0
116219,1
141547,0
73249,0
143634,1
34295,0
32539,1
51300,1
164285,0
6365,1
167491,0
53020,0
36206,0
67712,0
128777,0
25199,1
19437,0
46253,1
41758,0
17481,0
120371,1
8660,0
162781,0
114814,1
82782,1
92246,1
54029,1
29520,0
132928,1
38862,1
119585,0
146743,1
102121,0
90400,0
127261,0
180317,1
115527,1
118716,1
170912,1
109076,1
114182,1
25517,0
27483,1
58177,0
201,1
42917,1
99043,0
144752,1
25035,1
124994,1
91059,0
17006,1
100620,0
80329,1
172663,1
137734,1
60090,1
47967,0
39679,0
86005,1
173087,0
144197,1
168420,0
177163,0
103469,1
6517,0
124409,1
81830,0
40009,0
178676,0
145185,0
64156,0
77998,1
93997,0
37762,0
7891,1
172179,0
117290,1
90092,1
2605,1
32516,1
8792,1
49574,1
146241,1
101123,1
51148,0
91835,0
13290,0
156503,1
123859,0
96279,0
176849,0
149133,1
96863,0
111887,1
177386,0
163733,1
40798,1
78752,0
92255,1
79519,1
8116,1
117008,0
5351,0
121629,0
171957,0
14805,1
67961,1
156223,0
172156,1
129419,0
30752,1
17150,1
81292,0
39252,0
106263,1
114151,1
35316,1
8434,0
51846,1
117989,1
146701,1
49243,1
147537,0
73946,1
86283,0
97964,1
52974,1
16791,1
72031,0
36775,0
40968,0
166740,0
137829,0
89680,0
116509,1
128227,1
116695,0
41777,0
152800,0
48292,0
171950,1
10469,0
7929,0
134404,1
138880,1
95184,0
12769,1
71677,0
161182,1
43444,1
44723,0
5158,0
5457,0
69032,1
3998,0
62643,0
14783,1
78468,1
53127,1
66076,1
133442,1
42470,0
18773,0
72989,1
137088,1
40711,1
79905,0
83154,1
71084,0
164670,0
165080,1
158355,1
8155,1
14976,0
94264,1
101216,0
58466,1
149639,0
132365,0
51690,0
75599,0
133677,0
114355,0
88280,1
141492,0
32716,0
137403,1
38283,1
27466,1
114873,1
91556,0
75090,1
117825,0
92508,1
2392,1
59254,1
59749,1
13517,1
169681,0
60803,1
161444,1
46400,1
149018,0
49702,0
73399,0
43782,1
54074,1
77855,1
8107,0
13843,1
144581,1
167813,1
177519,0
155466,0
165085,0
70988,1
41896,1
178207,1
127289,1
58135,1
93413,1
12086,0
135317,1
34979,0
170494,0
74703,1
133909,1
76568,1
150707,0
2472,1
100769,0
27980,0
85145,1
39793,1
114082,1
3912,1
15779,1
114005,0
115513,1
71212,0
34592,1
26010,0
81012,1
164853,1
26086,1
89640,1
9339,1
24195,1
7197,1
117033,1
85483,1
78008,1
45121,0
172183,0
91888,0
159075,0
171788,1
80144,1
76580,0
20535,1
76137,0
74811,0
112347,1
155385,1
78567,1
136361,1
44930,0
139359,1
154509,0
42598,0
163271,0
117148,0
140208,0
23095,1
142049,0
97726,0
177480,1
76233,0
133313,0
27091,0
38170,1
24599,1
13810,0
23145,0
128269,1
62521,1
38738,1
123273,0
128258,0
19951,0
94564,0
152425,1
51771,0
136450,0
80209,0
74904,1
91377,1
141429,1
11292,1
108093,0
119975,0
180062,1
168042,0
153978,1
46155,0
15335,1
9502,1
156162,0
25759,0
89194,0
22804,1
104731,1
132410,0
54700,0
42431,1
42058,0
92544,0
135939,0
57875,0
105824,1
166121,1
116628,0
174697,1
100363,1
97045,1
51420,1
45693,0
54906,1
5826,1
57390,0
131118,1
172708,0
86694,0
140978,1
4761,0
24762,1
11561,0
156544,1
148639,1
49160,1
44130,1
14170,1
39385,0
87808,0
6670,1
15929,0
155014,0
160846,1
107768,1
100519,0
92867,0
173571,0
58609,1
146666,0
5066,1
177320,1
83068,1
40367,0
178170,0
180298,1
24385,0
158652,0
96774,0
51714,0
24036,1
4977,1
145319,1
149944,0
159974,0
100755,0
154370,0
2744,0
28727,0
57716,0
15519,0
77088,0
135796,1
175389,1
116779,1
51317,1
114574,0
67147,1
37578,0
3287,1
68222,1
112648,1
62726,1
93754,0
71915,0
111064,1
78480,1
74803,0
41338,0
125413,1
60138,0
87494,1
166546,1
122318,1
145360,1
148576,0
46033,0
2651,0
179088,1
101181,1
35144,0
4029,0
14489,1
177749,0
703,0
49155,0
40406,0
67094,0
126086,1
167780,0
104860,1
127643,0
118465,0
91988,0
37844,1
83819,0
140290,0
65466,0
65677,1
101842,1
111895,0
151436,0
16159,1
50093,1
44796,0
146721,0
35998,0
32854,1
143855,0
70964,0
78120,0
97322,0
96196,0
147069,0
10090,0
152759,1
161375,0
150304,0
3083,0
99279,1
162423,1
73919,1
44746,0
14575,0
41262,0
16607,1
3255,0
138340,1
80945,0
99881,0
137729,1
167497,0
111929,0
155486,1
171967,0
44423,1
52498,0
155246,1
156855,1
65895,0
160289,1
1326,0
127315,1
177908,0
88892,1
138892,0
96677,1
49658,0
90202,1
53757,1
84156,1
72838,0
981,0
120288,0
86386,0
128892,1
53282,1
169024,0
49920,0
80066,1
119685,0
143707,1
29717,1
112060,1
155673,1
147049,0
156350,1
105388,1
65965,0
85438,1
165533,1
90348,1
20574,1
129392,0
54488,1
141347,1
95198,1
143043,1
31471,0
13060,0
92802,1
23684,1
71142,1
122324,1
22688,1
8181,1
19134,0
49069,0
72264,0
121444,1
51961,0
103008,0
166028,0
174838,0
24755,0
143669,1
9822,0
169939,0
88578,0
28045,0
134050,0
57319,0
48686,1
162467,0
11744,0
163719,1
130680,1
37078,1
146390,0
151445,1
169523,1
46258,1
167126,1
155706,1
122789,1
89886,0
117106,0
117411,1
172865,0
171573,0
88723,1
173714,0
60521,0
26523,0
172559,0
151513,1
109996,1
140346,0
81740,1
85510,0
168217,0
13405,1
3026,1
150545,1
138778,0
401,1
99250,0
20501,0
124538,0
20156,1
72286,1
92769,0
158393,0
100596,0
126581,1
177714,0
90918,1
90827,1
90715,1
81828,0
3636,1
142590,1
2692,0
156489,0
57164,1
71847,1
125585,0
14752,1
14329,1
84666,0
170817,1
14437,0
75481,0
3854,1
19913,0
100347,0
114830,1
49224,0
90201,1
45691,0
134838,0
29250,0
66782,1
145287,0
176670,0
126509,1
15685,1
11166,1
45051,1
142131,0
73486,1
124573,1
41014,1
139720,1
15634,1
34756,1
87830,1
108935,0
7846,0
6171,0
23829,0
180204,0
129035,1
74814,0
32399,1
173247,1
155659,1
123654,1
55091,1
169113,1
174597,0
44496,1
74299,0
116442,1
131957,1
50773,1
50605,0
169045,1
158933,0
167777,0
147657,0
93731,1
179865,0
96066,0
58137,1
118341,0
66098,1
11542,0
111838,1
166564,0
27441,1
94752,1
106832,0
90952,1
92090,1
112444,1
114023,1
14067,0
140583,1
23097,1
20617,1
17512,0
27568,0
91951,0
143417,0
74614,1
169033,1
90285,0
58275,1
41487,1
108928,0
111487,1
4757,0
126761,1
143822,0
132925,0
112751,1
45601,0
179168,1
156812,1
67965,0
125350,0
69655,0
104302,0
104026,0
41284,1
177636,0
9903,1
117268,1
174847,1
125214,0
49296,0
132203,1
169700,1
20364,0
31048,0
131483,0
25238,0
10828,1
146820,0
124059,1
149325,1
12487,1
136692,0
109548,1
34247,1
29820,0
119292,0
23235,0
134014,1
68974,0
146078,1
89595,1
50145,1
33595,1
33205,0
127114,0
125834,0
122640,1
71064,0
163287,1
46070,1
142070,1
145071,0
156334,1
127275,1
1299,1
13622,0
98662,1
119609,0
96442,1
119943,1
46515,1
85206,0
11668,1
144864,1
91326,0
103811,1
146379,1
79099,1
60673,0
174052,1
22485,1
1411,0
109941,0
142479,1
100166,0
82148,1
51871,0
108525,0
65207,1
9036,1
115765,0
44371,1
45465,1
164364,1
16459,1
64029,1
63333,0
80552,1
154195,1
44056,0
62021,1
72219,0
133211,1
150271,0
32059,0
93882,0
17072,1
83070,1
92589,0
71002,0
135339,0
55823,0
99874,0
30475,0
134372,0
178631,1
4078,0
122697,1
37180,0
123008,1
105451,0
15787,1
4102,0
117448,1
7647,1
19401,0
91976,0
127862,0
40628,0
107853,1
65746,0
65638,1
38439,1
79548,0
49567,1
35497,1
108950,1
27777,1
145886,0
2108,1
67214,0
156816,1
79679,1
98181,1
99865,1
101,1
13289,0
84638,1
100668,0
40658,1
179494,1
112936,0
62454,1
91770,1
76431,1
177176,0
149064,0
85905,1
142529,0
98189,1
103575,0
157548,1
132578,0
30649,0
128217,1
138536,1
174413,0
154809,0
26983,0
57611,0
42729,0
5108,1
67154,0
89011,0
168502,0
11278,0
73680,0
161940,1
172367,0
31406,0
108244,0
578,0
167815,1
95075,1
138628,0
160042,0
110389,1
154332,0
135424,1
44360,1
4050,0
137751,0
74146,0
90488,1
109226,0
104395,1
28852,1
173288,0
129081,1
66003,1
148198,0
20598,1
120510,1
7794,1
23418,0
118625,0
101453,1
71314,1
155356,1
13294,1
22975,0
23606,0
6632,1
87663,0
44640,1
84143,1
157526,1
9720,1
61676,1
33364,1
65292,0
8467,1
153762,0
27066,0
175861,0
106262,0
128406,0
180238,1
102855,1
83825,0
22335,0
6225,1
166610,1
57592,0
130359,1
113938,0
552,1
161227,1
78188,0
102657,1
73572,1
43234,1
142967,1
94812,0
45795,0
23387,0
123501,0
39483,0
44901,0
113292,1
145746,0
133622,0
155174,1
150345,0
52930,0
40487,0
111972,0
22407,1
28321,1
21902,1
144347,1
25106,0
63103,1
92630,1
76734,0
163678,0
73331,1
128835,0
150170,0
64504,1
69743,1
3037,0
108639,1
117376,1
170488,1
117521,1
163490,0
29648,1
5954,1
134303,0
133426,1
175768,0
163387,1
105059,1
95266,0
152074,1
29744,0
104969,1
143850,0
71803,1
123134,1
148011,1
94453,0
85485,1
132493,1
313,1
99073,0
41682,1
145053,1
147849,0
27840,0
4986,1
160172,0
113371,1
45278,1
98330,1
148001,0
159343,1
103249,0
161353,1
123571,1
151970,1
4127,1
24396,1
95029,1
170597,0
152537,1
54917,0
133747,1
174269,1
170980,1
130443,0
162685,1
166323,0
71487,0
63066,1
179826,0
60410,1
111357,0
37692,1
44353,1
46128,1
155337,1
31390,1
21903,1
39020,1
86460,1
128071,1
135690,0
103848,0
64202,1
31407,0
77567,0
38465,0
71278,1
122117,1
173047,1
137524,1
104595,0
55550,0
12904,1
151671,0
131592,1
124182,1
109255,1
18534,0
89019,1
61693,1
22994,0
30129,1
130923,0
63731,1
42838,0
50157,1
108088,1
56539,1
107211,1
23218,1
85826,1
161030,1
87690,1
101890,1
165227,1
146777,0
154700,1
81222,1
84006,0
98780,1
175076,0
68051,1
28806,0
155454,0
70156,1
152965,1
5252,0
20352,1
121782,1
62720,1
38259,0
34964,0
16502,1
121851,1
160002,1
58162,0
125728,1
540,1
81671,0
63337,0
96214,0
40581,0
176389,0
87364,1
48113,0
94729,0
87488,1
22354,1
70998,1
333,0
48440,0
166000,1
93884,0
165392,1
88036,1
80444,0
17950,1
79364,1
72851,1
122532,0
176974,0
14353,0
67051,1
169279,1
12192,0
60671,0
86108,0
19808,0
72059,1
118318,1
57755,1
26482,1
10757,1
179951,1
179361,0
56684,1
145123,1
176823,0
150379,1
59571,1
19155,1
172789,0
111326,1
150542,1
47636,0
63778,1
43896,1
49164,1
34010,1
170266,0
126298,0
151095,0
154587,0
140672,1
65827,1
94066,0
117615,0
138258,0
124483,0
137049,1
78483,0
101078,1
93815,0
168178,0
101434,0
162409,1
44619,0
11571,1
28419,0
73137,1
13591,0
101419,1
29153,1
68161,1
157163,1
41726,0
11819,1
137388,0
53284,0
164254,1
51855,0
172772,1
166096,0
124241,1
147197,0
14331,1
22440,0
119227,0
87655,1
161912,1
140511,1
85074,0
107301,0
152764,0
34253,1
35404,0
4659,0
58977,1
14730,0
132343,0
83192,0
85180,0
150098,0
175091,0
67776,1
176615,1
68920,1
91291,0
154330,1
10904,0
41495,1
72986,1
83952,1
53024,0
166529,1
120621,1
17653,0
124921,0
92384,0
55408,0
10864,1
161003,1
146424,1
4501,1
19236,0
32678,1
151251,1
32806,1
4799,1
130358,0
78647,0
8358,1
126091,1
161403,0
156902,1
10703,0
29376,0
5125,0
45222,0
164209,1
34337,0
52228,0
30936,1
54011,0
160245,1
124668,1
83505,0
69382,1
41475,0
18007,1
123238,0
119336,1
58543,1
41203,1
67675,1
97269,0
157705,1
58305,0
34298,1
175971,1
60458,1
12200,0
116229,0
159157,0
66069,1
155563,0
36376,0
39359,1
135727,0
94304,1
43481,0
15799,0
174834,0
47725,0
13332,1
1888,1
126860,1
85657,1
132434,1
119094,1
171090,1
100461,1
116925,0
41838,1
51611,1
63534,1
95622,0
34705,1
136566,1
55974,0
138939,1
30142,0
106822,1
115686,1
151079,0
94133,0
76326,0
6289,0
80464,1
169061,1
101993,1
75390,0
20067,0
120528,0
165452,0
173674,0
170055,0
47970,0
118982,0
20474,0
10039,0
124832,1
155852,1
54642,0
93467,0
122157,0
47519,1
150880,1
156094,0
68671,1
168784,1
141201,1
161645,1
150871,0
72593,0
111375,0
4153,0
38047,1
8988,0
29116,1
150840,1
11838,0
95468,0
143667,0
80367,1
12106,0
19203,0
82282,1
123595,1
148823,0
118966,0
35603,1
50421,1
33762,1
53901,0
103934,0
11799,1
11261,0
118629,1
136304,1
46825,0
10168,1
91850,0
157482,0
57947,0
176000,0
155682,0
95450,1
134390,1
14586,0
160013,0
81309,0
42103,1
110254,0
12387,0
159508,1
87420,1
137393,0
11006,0
150400,0
150517,0
63054,1
159433,1
32513,1
16650,1
98622,0
11687,0
150456,1
110644,1
29102,0
107449,1
55549,0
140886,0
51791,0
110594,1
74121,0
93767,0
40141,0
75823,1
122800,1
45767,0
177187,0
126891,0
134984,0
141974,0
106604,0
122648,1
95420,1
85615,0
1759,1
115401,0
121524,1
97990,1
69809,0
59896,0
64466,1
70386,1
6242,1
133782,0
83916,1
61572,1
74183,1
101260,0
32818,0
90628,0
159376,1
117710,0
147398,0
174818,1
27357,0
160335,0
138476,0
178718,0
87857,0
163817,1
127297,1
41580,1
110282,0
20551,1
163985,1
137007,0
14908,1
16504,1
20264,1
58261,0
79961,0
85045,0
949,1
3824,0
8946,0
37434,1
49555,1
19260,0
180079,0
86493,1
58149,1
20553,1
63233,1
101874,0
132531,0
112754,1
78418,0
31696,1
26670,1
65631,1
170582,1
142297,0
40236,0
52424,0
126413,0
122894,0
126560,1
72168,1
73073,1
113206,0
44491,1
128355,0
105977,1
168003,1
57114,1
97085,0
22849,0
41415,1
16629,1
113114,1
179794,1
76651,0
148497,0
32930,1
109995,1
103696,0
85719,0
30399,1
7882,0
175639,0
2742,0
148145,1
126863,1
51134,0
75804,0
70875,1
7889,1
143768,0
10957,1
122686,0
147783,1
94023,1
104252,1
103927,0
98560,1
73289,1
138621,1
74773,0
54626,1
1831,0
101141,0
174154,0
88300,0
33964,1
18494,0
151642,0
38073,0
33089,1
138223,1
17558,0
63981,1
32168,1
88731,0
174812,0
161891,0
92919,0
46701,0
21649,1
71651,1
33016,1
6118,0
179541,0
84314,1
10015,0
56798,0
67663,1
135792,0
28902,0
134797,1
178217,1
90859,1
36365,1
65724,1
22333,0
86462,1
19276,1
30846,1
138293,0
166902,1
31716,1
164570,0
35321,1
44439,1
68926,0
63659,1
168216,1
23662,0
141267,1
132845,1
42026,0
91676,0
92619,1
49278,0
154485,1
150582,0
40901,0
149554,1
53385,0
127688,1
40717,0
118325,0
6162,1
103891,0
29081,1
73014,0
177051,0
106574,0
144170,0
96728,1
178480,0
88581,1
171212,1
14462,0
81835,1
141162,1
160545,1
39173,1
22873,0
91440,1
61889,1
19603,0
95612,0
179573,1
107601,0
28512,0
26440,1
171628,0
65053,0
58529,1
165387,0
71105,1
37883,0
145244,1
69034,1
3218,0
83555,1
93517,1
55368,1
77087,0
33445,1
129794,0
59754,0
178649,1
11641,0
101175,0
175500,1
140181,1
82746,1
159664,0
87271,1
14944,0
162385,0
166831,0
10640,1
173788,0
55061,1
80137,1
148158,0
157799,0
15855,1
25464,1
115830,1
176094,1
55711,1
45695,0
33348,1
162552,1
167657,0
60825,1
63805,1
173279,1
160989,1
20451,1
111752,0
107468,0
51963,0
167764,0
98334,1
59799,0
65421,1
167435,0
141739,0
148790,1
26421,1
174015,0
1772,1
91375,0
28090,0
26603,1
129115,0
109693,0
105247,1
54573,1
104930,1
98121,0
148727,1
156008,0
19418,1
112569,0
92181,1
88240,0
8845,1
38772,1
53699,1
55743,0
31005,1
70311,1
22791,1
101282,1
130184,1
102023,1
74406,1
171799,1
163997,1
159455,1
83017,1
122073,0
19152,1
59666,1
141493,0
138725,1
26945,1
31040,0
63010,0
80958,1
83841,0
135912,1
106734,1
70184,0
52685,1
94240,1
151433,0
94563,1
15021,1
172224,1
168775,1
131136,0
89807,0
177381,0
101267,0
98140,0
149401,1
56091,0
169477,1
42558,1
25423,0
34565,1
121196,0
70534,1
135681,1
21068,1
166136,0
5045,0
32849,0
99479,0
40788,0
96489,0
77271,0
113833,0
31410,0
37852,0
84264,1
127773,0
131021,1
131825,1
41914,0
171955,0
32556,0
46586,0
63155,1
165120,0
175393,1
143490,1
14297,0
163198,0
51806,0
97422,1
175728,0
91644,1
96861,1
120902,1
47489,1
17773,0
111261,1
126714,0
48782,1
154494,1
4135,1
149163,0
23420,1
10787,0
116373,1
134213,0
81738,0
175280,0
54671,1
131305,1
78605,1
40951,1
75830,0
155222,0
31951,0
86180,0
140796,1
173781,0
50300,1
83161,0
75784,0
173028,1
27829,0
165976,1
158935,0
163307,1
69150,0
154917,1
1090,0
176329,1
17824,0
120533,1
74595,1
121611,1
18707,1
111637,1
82323,1
99643,1
124327,1
151589,0
174757,0
35128,0
21925,0
49868,0
51785,1
94526,0
154279,0
36447,1
118537,0
76473,0
103987,1
152819,1
116554,0
151010,1
162568,1
66332,1
164756,1
58737,0
19553,0
114032,1
10815,0
177712,1
37158,1
60124,0
53150,1
117207,0
116096,1
77059,1
32499,1
79530,0
148282,1
96874,0
101980,0
71646,1
81619,0
48608,0
77104,0
175171,1
126644,0
30232,0
89085,1
172148,1
104861,1
121597,0
96711,1
106945,0
172821,0
161262,0
97876,1
167003,1
160426,0
44416,1
166263,1
136825,0
5591,1
48965,1
158289,1
40850,1
147763,0
130471,0
163276,0
161008,1
78664,0
8887,1
163704,1
123902,0
84792,0
178623,1
15533,0
126081,1
12562,0
37815,1
68660,0
84191,0
25004,1
28061,0
109371,0
7863,0
166523,0
11718,1
7543,0
163274,1
81416,0
123581,1
100849,1
178116,1
66613,0
25760,0
30648,1
96572,1
81084,1
1917,1
32311,0
36442,1
4061,1
22002,0
119963,0
83717,0
91322,1
36464,1
166817,0
94885,1
118976,0
146665,0
123805,0
151256,1
37093,0
14744,0
116308,0
61611,0
84722,1
33034,1
66869,0
72091,0
42899,1
146806,0
57065,1
161102,0
90140,0
68495,0
83213,1
144482,1
108778,1
123019,0
161483,0
156440,0
126486,1
56229,0
144401,1
46087,0
121350,1
102354,1
79994,0
133672,1
31097,1
157616,1
177949,1
164331,1
42820,1
23106,0
29389,1
123452,1
165821,0
150705,0
118711,1
159209,1
118253,0
74453,0
57750,0
71639,0
82227,0
88582,0
168584,1
102278,1
175362,1
103208,0
24829,0
23964,1
156026,0
125659,1
58000,1
147359,1
142794,0
106505,1
144022,0
102580,1
89185,0
139536,0
124808,1
143734,0
48166,1
159791,0
15734,1
102393,1
636,0
50508,1
166345,0
166497,1
150058,1
121377,1
28391,1
84742,0
102332,0
91007,0
97247,0
98689,1
112535,1
130236,1
97390,0
43931,0
33473,1
44380,0
35453,1
107406,0
147668,0
143741,0
117737,0
136198,0
40244,0
19337,1
81942,1
87786,1
27031,1
124816,1
79234,1
159723,1
80474,0
10797,1
125195,0
104155,0
20644,0
165586,0
39499,0
158741,0
70253,0
105241,0
30211,0
29296,1
12697,0
153411,1
65181,0
13302,1
144795,1
70599,0
177977,1
41966,1
11089,0
17578,0
96262,1
138848,1
82337,1
179546,1
175684,0
47480,1
98936,1
95919,1
65015,1
148525,0
125777,1
11932,1
110273,0
179883,0
38915,1
164590,1
167453,1
156030,0
121539,1
90982,1
65960,1
103624,0
78975,0
39633,0
56420,1
110126,1
175523,0
10887,0
18066,0
60225,0
80415,1
148422,0
119674,1
111559,1
15084,1
17244,0
179062,1
157704,1
36838,0
94713,0
142897,1
85637,0
18792,0
23755,1
37544,0
156092,0
154695,0
21124,1
62449,1
144920,0
91378,1
109801,0
9590,1
80643,1
146385,1
31127,1
147587,0
100914,0
84796,0
162166,1
24192,1
13429,1
13352,1
108132,1
15979,0
169315,1
172479,0
41064,1
82103,0
76773,1
14057,0
137449,1
136170,0
93269,0
118885,0
104081,1
23201,1
104738,0
72625,1
39747,1
8103,0
130979,1
35545,1
142417,1
172216,1
120579,1
81361,0
168475,0
14611,1
170454,1
11871,1
11164,0
59168,1
94617,1
151910,0
163881,0
66460,0
43492,1
98556,1
101669,0
65129,1
9498,0
56012,0
89130,1
16694,1
43958,1
42671,0
147154,0
150188,1
81413,0
74308,0
26448,0
162431,1
112288,0
28065,1
148923,0
59741,0
18042,1
164831,1
26517,0
175535,1
30979,0
32977,0
26044,1
135862,1
44024,0
73794,1
43167,1
149561,0
125919,1
8320,1
178667,1
157608,1
133031,0
121573,1
10400,1
138266,1
39584,1
140533,0
38948,1
160569,1
132500,1
40017,1
30011,1
100631,0
85181,0
102002,1
168041,0
123720,1
179410,1
101681,1
52993,0
7036,1
65648,1
166436,1
12710,1
75101,1
169848,1
79529,0
78428,1
126096,1
26734,1
137203,1
133169,1
175204,1
85232,1
134140,0
38705,1
110304,0
48276,0
172594,0
174547,1
161734,0
107370,0
135974,1
2343,1
156110,0
144560,1
94927,1
17371,0
159972,0
93342,1
132840,0
122314,1
30391,0
172385,0
107286,0
30136,1
22263,0
93778,1
34605,1
34505,0
110311,0
70523,0
69086,0
3477,1
146681,1
127622,1
129818,0
74044,0
47348,0
138040,0
146066,1
150183,1
115184,0
71088,1
2088,1
1021,0
164955,1
158010,0
12320,1
146656,1
154869,0
99185,1
116603,1
135830,0
87877,0
71710,1
44545,0
103842,0
101466,1
86925,0
4387,1
116247,1
92780,0
176642,1
169582,1
37401,0
166482,1
163414,1
119148,1
28046,0
25419,1
150405,0
150900,1
86635,1
96200,0
29339,0
17380,1
64610,1
127554,0
83153,1
136540,1
144559,1
156638,1
40696,1
138786,1
107771,1
158236,1
120471,1
139017,1
153444,1
35606,1
81427,0
133274,1
173474,1
114727,1
68385,0
88,0
6076,0
120522,1
67430,0
142579,0
19424,0
88427,0
172810,1
155475,1
143756,0
133102,1
165677,0
150843,1
22793,1
135724,1
158861,1
9827,1
32215,1
41098,0
173783,0
73077,0
831,1
36872,0
129345,0
158188,1
81987,1
178426,0
115809,1
155786,0
62322,0
85411,1
66459,0
5831,1
32111,0
13887,0
25989,1
157949,0
129594,1
62472,1
175701,0
62490,1
55887,1
18516,0
126808,0
33259,0
65101,1
8455,1
59686,0
111618,1
95655,0
71108,1
12687,0
173891,0
109196,1
140507,0
93356,0
146997,0
68800,0
155771,1
3633,1
74213,0
121932,0
121159,0
38104,0
93494,1
69197,1
174300,1
34482,0
142098,1
47706,1
118401,0
130549,1
4042,0
91224,0
56363,1
16710,1
77242,1
25409,1
56112,1
149439,0
10297,0
84049,0
76676,0
173764,0
12683,1
82657,1
12395,0
16002,1
112684,1
85333,0
21264,1
7366,0
112510,0
172414,1
110531,1
23492,1
107550,1
158040,0
143208,1
176328,1
31652,1
48139,0
38296,1
101035,1
10648,0
174497,1
18380,0
175241,0
165336,1
18998,0
178632,1
37303,1
100512,1
49889,1
63541,0
79259,0
57238,1
123146,1
168881,1
79402,1
157827,1
47734,1
145513,1
93976,0
141196,0
131770,0
6826,0
176509,1
105806,1
162900,0
177958,0
50939,0
85124,0
173995,1
94984,0
87589,0
47873,0
168597,0
144137,1
105114,0
9362,0
49092,1
162291,1
135033,0
79582,0
160672,0
114625,1
136185,0
122832,1
97235,0
156438,1
85038,0
20922,1
43001,0
161586,1
66603,0
152628,0
97564,1
158481,1
6236,0
140836,0
82862,1
46396,1
18566,1
94627,0
98254,1
46500,1
65807,0
88748,1
131158,0
49492,1
117711,1
152603,0
28783,1
55469,0
25959,0
171155,1
46687,0
10041,0
149540,0
37563,1
69253,1
16894,0
165709,1
155832,1
13610,1
46787,1
143536,0
17281,0
173611,1
44155,1
141027,1
111539,0
464,1
87321,1
27916,0
3771,0
147546,0
179419,1
42492,0
136680,1
174938,1
77457,0
3681,1
143413,0
68560,1
131285,1
45874,1
102933,1
148550,0
100973,1
113636,1
89826,1
60765,1
44953,0
163794,1
63423,1
76816,1
59682,0
156605,0
124102,1
69296,1
161554,1
173036,0
22233,0
34536,1
118333,1
95938,0
76309,1
28270,1
40522,1
156885,1
134371,0
89496,0
178767,0
53301,1
111883,1
63154,1
103902,0
4378,0
110041,0
51431,1
5181,1
28533,0
7883,0
17932,0
131525,0
146121,1
178685,0
87891,0
58476,0
35690,0
85135,1
45989,0
59171,1
94187,1
100540,1
83457,1
79371,0
107925,0
86253,1
109222,0
155292,0
38931,0
128465,1
120350,0
174007,1
87323,0
37321,1
98928,0
56438,0
163674,1
82777,1
32288,1
123823,1
4318,1
34499,0
111708,1
5678,1
75656,1
116763,1
27582,1
90928,1
57658,0
36378,0
101731,1
177458,1
171011,1
135410,1
20008,0
138901,1
146529,1
70261,0
159936,0
106884,0
161183,0
165645,0
26304,1
116125,1
133019,1
19661,1
64881,0
145698,0
109365,0
81866,0
44761,0
107907,0
160510,0
112226,0
14595,1
174204,1
180168,1
11700,0
17520,0
134195,0
173846,1
96471,1
47828,0
71019,0
116632,0
50440,0
171018,1
7038,1
52734,1
143566,1
163497,0
173339,0
78900,0
64766,1
90599,0
158635,0
138708,1
54325,1
9680,1
27360,1
101286,1
45522,1
159351,1
108994,1
6125,1
157727,1
130341,0
105431,1
12635,0
154803,0
126538,0
153564,1
83349,1
18699,0
68204,0
73236,0
162689,1
78023,0
65906,1
172819,0
20695,0
158629,0
150364,1
81069,1
88797,1
145859,1
28973,0
169227,1
25778,0
57599,1
122500,0
116876,0
139775,1
125303,1
44387,0
124121,1
129528,1
166798,0
112383,0
93751,1
107804,1
128799,0
175116,1
49229,0
107994,0
58288,0
152239,0
129137,1
18593,0
6244,1
47393,1
3736,1
60227,0
142648,1
128113,0
116720,0
124659,0
30478,0
83945,1
65902,1
118521,1
130061,1
157574,1
176789,0
144342,0
61538,0
156346,1
101843,1
46517,0
16915,0
168653,0
41512,0
84352,0
13435,0
61290,1
158794,1
84104,1
79798,1
91856,0
91903,1
93640,0
2726,1
17192,1
102425,1
144310,1
75162,1
27041,0
16174,0
29322,0
73319,0
50980,1
51539,0
2739,1
102342,0
28244,1
45008,0
990,1
105906,0
177738,0
179051,0
62040,0
142955,0
98342,0
6633,1
45517,1
136683,1
146551,1
116324,1
168725,0
92172,0
4878,1
54853,1
165200,1
9452,0
6821,1
6093,1
32686,0
69589,1
100678,0
50564,1
161968,0
122379,0
52547,1
135160,1
140547,0
124548,1
93324,1
58816,1
48381,0
163787,0
116101,1
17630,0
170869,1
47640,1
77358,1
21539,0
90094,0
77661,1
41109,1
171903,1
29853,1
157971,1
15089,1
3735,0
151889,1
44711,0
173101,1
126693,1
138434,0
110514,1
91116,1
53574,1
155566,0
59620,1
110761,1
54523,1
125132,1
101660,0
4874,0
173321,0
39495,1
170287,0
24854,1
82395,0
118708,1
134534,0
157254,1
52198,1
77488,0
25536,0
153722,0
135887,1
21818,1
130311,1
60036,0
117114,0
172929,1
62937,1
154703,1
36374,0
31739,1
162659,0
56349,1
115604,0
31783,0
21113,1
17690,0
66513,1
13116,1
40080,0
59835,1
59567,1
42637,1
62109,1
111992,0
113000,1
149676,1
180042,0
9294,1
4277,0
20690,1
163148,0
98538,1
34387,0
25178,1
149913,1
132543,0
90701,1
40708,1
9829,0
97802,0
115223,1
114330,1
12767,1
112146,1
90558,1
54871,0
4243,0
19628,1
15825,1
57782,1
25118,1
107255,1
91041,1
165454,0
127997,1
82765,0
82565,1
7375,0
172168,1
92889,1
150806,1
71317,1
44103,0
124603,0
145214,0
166960,1
166892,1
54147,0
105653,1
14282,0
81900,1
29818,0
35886,1
140715,1
164603,0
155625,0
162066,1
102231,0
136652,1
56471,0
166535,0
122230,0
103383,0
123655,1
165330,1
138893,0
142181,1
43489,1
73707,1
38060,0
125144,0
1482,0
96918,1
79045,0
46549,1
27233,1
30296,1
128442,0
137805,1
151069,0
102510,0
90775,0
36823,0
22761,1
76266,0
64108,1
163470,0
117198,0
12451,0
25474,0
100929,0
56144,0
121198,0
151386,1
58557,0
124103,1
92939,1
102136,0
155391,1
119271,1
152109,1
38809,1
138826,1
61578,0
87345,1
140087,0
131738,1
28568,1
124368,0
2364,0
100282,1
157127,0
135896,1
28356,1
101601,0
82533,1
112475,0
87295,0
57165,1
84054,1
2160,0
82494,1
46587,0
66819,1
168160,1
167789,0
132359,1
152382,1
52114,0
28292,1
149442,0
91928,0
51582,1
99090,1
22444,1
165744,1
129554,1
99616,1
51268,1
178625,1
124173,1
21184,1
47140,1
56425,0
51191,1
83636,0
49270,0
49361,1
146594,1
102171,1
127892,0
106976,0
175657,0
95695,1
6709,0
28938,0
102968,1
69793,1
79728,1
15123,0
132744,1
173443,1
38146,1
135174,1
120099,1
13048,0
161503,0
159322,1
35082,1
27677,0
13816,1
70538,1
144870,1
85300,0
81328,0
79605,0
14349,1
178717,0
28858,0
31820,0
119801,1
136174,0
120339,1
123181,0
143196,0
139402,1
151054,0
96430,0
98248,0
57295,1
115705,0
103462,1
173337,1
109634,1
75538,1
157755,0
115294,0
154589,0
129437,0
78644,0
16539,0
115900,0
68661,0
177168,1
104607,0
171811,1
808,0
38450,0
128606,0
104124,0
114351,1
179175,1
128101,0
137987,0
123775,0
81521,1
90029,0
50193,1
36094,1
86760,0
175711,1
60734,1
112362,0
159413,0
174407,1
150789,1
110371,1
154213,0
162239,1
145638,1
167738,0
119623,0
82317,1
61944,1
101712,1
988,0
154539,1
166080,0
3930,1
176651,0
80484,0
109472,1
106113,1
67276,0
52853,1
71315,1
12137,1
168553,1
27557,0
14592,1
44055,0
65951,1
23148,0
150466,0
155892,1
102040,1
63062,0
44127,0
25969,1
119107,1
35220,0
147362,0
175028,0
165317,1
110605,1
178608,0
133492,1
175419,0
30047,0
127334,1
42466,0
41137,0
134445,1
131987,1
113335,1
115600,1
54395,1
21024,1
66731,0
25721,1
74424,0
125758,1
78554,0
116470,1
80992,1
89618,0
164975,1
119502,1
70391,1
97984,0
83941,0
19864,1
93170,1
73729,1
33071,0
54227,1
8346,0
82743,0
25831,0
65487,1
174389,1
166440,1
50731,1
145477,1
46311,0
138247,0
77455,0
133311,1
13908,0
53053,1
160756,0
14684,1
93635,0
119485,0
100463,1
61113,0
110431,0
114075,0
16801,1
151947,1
157865,0
119480,1
178318,0
103127,1
19755,1
31559,0
124558,1
27665,0
12596,0
51814,1
162536,0
69318,1
156664,1
31050,0
127696,0
166614,0
78881,1
4110,0
165070,1
79524,0
171953,0
66651,1
161629,0
159859,0
177136,0
41706,0
130855,1
146192,1
135124,0
113247,1
80054,1
97232,0
104164,0
117428,1
132255,0
6292,0
30330,1
131539,0
15353,1
13175,1
64187,1
103805,0
235,0
13285,1
87291,0
30252,0
155951,0
63796,0
116796,1
49695,0
42870,0
59576,1
9567,1
165616,0
57999,1
88570,0
99050,1
89362,1
29267,0
100619,0
8325,1
111721,1
27738,1
30107,0
72395,1
22653,1
48446,1
20202,1
3708,1
155823,0
32770,0
143848,0
100118,1
35751,0
41044,1
15886,0
171221,1
158891,0
43169,1
64736,1
53946,1
127430,1
82940,0
165323,1
172966,1
100214,1
64757,1
51934,1
43194,0
10253,0
152831,0
107437,1
161702,0
149486,0
87498,0
10530,1
156626,1
129310,0
23798,0
16679,1
7134,1
85276,0
66872,0
42065,1
48814,1
180022,0
175514,0
48623,0
132484,0
123957,1
17387,1
170823,1
41955,1
147879,0
72425,0
135783,1
87731,1
3251,1
172201,1
151552,0
12475,0
137486,0
76445,0
52786,0
119547,1
59649,1
12719,1
59433,0
96856,1
111626,1
156546,1
155833,1
86458,0
117431,0
161125,0
67511,1
98921,1
98584,0
115430,0
17681,0
150166,1
145069,1
177922,1
1259,1
102753,0
131735,0
63670,0
126332,1
117194,0
27145,1
32694,0
19976,1
117645,1
104948,1
17781,0
33800,0
6212,0
23569,1
156139,1
137371,0
46974,1
66244,0
51392,1
84285,1
60967,1
26433,0
119701,0
157152,0
135266,0
122344,0
33833,1
46457,0
154240,0
120704,1
141746,0
58097,0
41934,1
155813,1
18887,0
128899,0
3647,1
36169,0
69326,1
45927,0
174135,1
87466,1
93046,0
1806,1
166189,1
149165,1
168363,0
23262,0
77558,1
108833,0
126747,1
6349,1
41798,0
144833,1
94169,1
80841,0
41799,0
39434,0
51614,0
62550,0
156328,1
151311,0
92684,1
117931,1
6230,0
92921,0
148368,0
74081,1
103807,0
174343,1
159807,0
97433,1
91757,1
151093,1
112179,1
168918,1
86439,0
11440,0
100826,1
156459,0
79702,1
168025,1
178491,0
85156,1
172817,0
156488,0
92307,1
65106,1
167525,1
158211,0
144827,1
137508,1
44167,1
118581,1
13858,0
136569,0
167903,0
67114,0
15900,1
17023,1
41174,0
3278,0
95125,1
121817,1
35028,1
106694,1
175202,0
136834,1
102810,1
69165,0
93746,0
149510,0
98950,0
157509,1
84,1
146537,1
134192,0
85271,0
141488,1
76555,1
158341,1
180517,0
69164,0
27578,1
168909,0
155427,1
29803,1
145752,1
165598,1
7668,1
17673,1
32808,1
145116,0
130008,1
61318,0
14035,1
112122,1
67752,1
99794,0
73814,1
6247,1
168328,0
61748,1
152125,1
7547,0
19891,0
73712,1
116064,1
177745,1
157625,1
47957,1
167440,1
70740,1
97188,1
135082,1
98756,1
27594,0
135804,1
143283,0
66286,0
132697,1
168949,0
136990,1
7827,1
78085,0
22841,1
29679,1
3748,0
53063,0
105608,0
74095,0
128848,1
46612,1
158396,1
179467,0
129868,1
143096,1
54779,1
1281,0
167021,0
48479,1
77156,0
58902,0
152708,0
102992,0
75690,1
20092,1
112626,1
60086,1
128753,1
58016,1
81046,0
99422,0
159537,1
164497,1
27413,0
38326,0
6782,1
37239,0
49478,1
120329,1
17665,1
121417,0
58144,0
18320,0
146565,1
19403,0
72658,0
89813,0
41554,0
130643,1
180478,0
140748,0
85975,0
174216,0
73695,0
74205,1
4371,0
83843,0
137990,0
6666,1
167583,0
132200,1
75895,0
22132,1
155478,0
85522,1
168709,1
167555,0
87099,0
63327,1
114799,1
93675,0
8350,1
163262,1
142132,0
23547,0
49755,0
139419,1
72151,1
108069,1
42632,1
106025,0
48996,1
83591,1
3608,1
27845,0
117500,1
76800,0
86322,1
134917,0
152705,0
143657,1
99049,0
166761,1
43472,1
147908,0
133538,0
142103,1
109204,0
112123,0
67484,1
94709,0
100560,0
97305,0
113967,0
89056,1
57891,0
118506,0
40043,0
118490,0
112034,0
135643,1
107178,0
99222,0
86366,0
7780,1
50851,1
63065,1
167939,1
102353,1
180300,1
119438,0
42782,1
128480,0
30299,0
123424,1
134481,1
50843,1
180102,0
171004,0
107413,0
85337,1
21499,0
32845,1
98415,1
101790,0
108129,0
44392,0
162815,1
140999,1
164651,0
23657,0
9670,0
20539,0
17523,0
80620,1
173372,1
86113,0
43575,0
140799,1
159722,1
76055,0
154283,1
129351,0
103348,1
135417,0
80435,1
138119,1
36279,1
163226,0
123381,1
85003,1
55096,1
131838,1
160131,1
114222,1
120708,1
164624,1
105460,1
34267,0
168479,1
95969,0
164188,1
5523,1
78776,0
115231,1
76815,0
16351,1
94533,0
49199,1
104972,0
74698,1
14060,1
63530,1
81236,0
127037,0
136073,1
108543,1
17320,1
173298,1
72892,1
110245,1
66251,0
38800,0
112285,1
124570,1
43546,0
58873,0
86946,1
106184,0
59006,0
75912,0
121112,1
106171,0
46217,1
155992,1
179682,1
79769,0
36318,0
63699,0
66270,1
41379,1
94092,1
82141,0
40851,1
117471,1
172591,0
156538,1
126946,0
172659,0
175741,1
153459,1
14244,1
30339,1
61999,0
89529,1
136885,0
134697,0
39762,0
10589,0
148104,1
105859,0
11925,0
51529,1
74004,1
62619,0
60705,0
101130,0
72595,0
114292,0
163677,1
152046,1
44819,1
161847,0
26180,1
140688,0
106853,0
19500,1
51294,0
170027,0
22729,0
34925,0
76508,1
49312,1
55290,1
106557,0
163612,0
172209,0
92629,0
140681,0
35802,1
36042,1
123244,0
112408,1
92191,1
151894,0
150493,0
134189,0
21465,1
96228,0
32323,1
82311,1
52058,1
131092,0
11651,1
100617,1
114655,0
155690,1
90700,1
78095,0
179125,1
141615,1
140044,1
5872,0
118784,0
154410,0
130563,0
7653,1
41942,1
106048,0
77489,0
154033,1
26054,1
166702,0
36091,1
179471,1
171498,0
40760,0
43551,0
157565,1
123172,0
78373,0
171170,1
44677,1
26170,0
131531,0
133022,1
160516,0
39271,1
41843,1
68497,0
4560,1
106906,1
163229,0
89211,1
121460,0
72444,0
9135,0
169452,1
109137,0
138719,0
40534,0
138499,0
16861,1
22816,1
36319,0
76535,0
75882,0
100737,1
70956,1
156403,0
98442,0
144420,0
46160,0
67303,1
159620,1
32449,1
160575,1
136114,1
65483,1
129790,1
93437,1
3498,1
75797,1
129608,1
105580,0
106352,0
157752,1
46401,1
38706,1
140293,1
166803,1
101357,1
38374,1
4308,1
92288,1
178839,0
13939,1
78838,0
59761,1
125540,1
172,0
86450,1
89078,1
106222,0
42599,0
29244,1
61342,0
128492,1
34777,0
45173,1
106702,1
175674,1
175695,0
40529,1
19568,0
132297,1
61845,1
29009,1
44308,0
58887,0
78028,0
60905,1
23638,1
51409,0
8945,0
42257,0
22850,0
2418,1
99478,0
38102,1
101326,1
47586,0
140633,0
28078,0
48700,1
1135,1
39758,0
39887,1
104549,0
53449,1
116290,1
118091,1
29950,0
12641,1
36913,0
105956,1
74527,0
1369,0
64365,0
67089,1
93630,0
6501,1
160496,1
23461,1
155081,0
37862,1
98378,1
148602,1
7277,1
88160,1
13258,1
8149,1
110491,1
160329,0
95924,1
178193,1
100670,0
119707,0
66387,0
22605,1
49734,1
139627,1
148701,0
175658,0
171879,1
32801,1
50926,1
48126,0
32028,1
51886,1
180454,0
62329,0
49618,0
31921,1
163304,1
165056,1
179189,0
177019,0
135037,0
46230,1
58679,0
126125,0
19299,1
51718,1
107283,0
64686,1
63904,0
158758,0
55644,1
38475,1
22518,0
33873,0
120685,1
151284,1
77646,0
152820,0
178558,0
167947,0
112217,0
141326,0
20975,0
88434,0
82804,0
72958,1
96566,0
107899,1
171065,1
2448,0
77136,1
51289,0
78088,1
40437,0
67069,0
19151,1
32426,0
15915,0
132797,1
60063,0
88875,1
93544,0
43480,0
135699,0
87664,0
125491,1
28606,0
43347,1
47282,1
121229,0
149120,1
82611,0
157001,1
38154,0
136713,0
61702,1
159282,1
117719,0
35328,1
33643,1
169562,0
143269,1
40510,0
100014,1
19992,0
167513,1
93218,1
31453,0
163113,0
140559,0
137954,1
77241,0
151573,0
32614,0
170737,1
145105,0
97895,0
91909,1
69987,0
151307,1
115695,0
118870,1
125914,1
106261,1
162913,1
25983,1
155711,1
130677,1
36908,0
120237,1
155916,1
94515,1
129906,1
86235,1
141606,1
138022,1
117262,0
68464,1
139799,1
16858,1
153819,0
47684,1
146407,1
60728,1
107189,1
27809,0
41491,0
107124,1
89671,1
156281,1
19205,0
3323,0
66615,0
94287,0
52266,1
77932,0
46055,0
86997,0
30784,1
169625,1
78893,1
170188,1
24662,0
141527,1
109488,1
113239,1
4527,0
133383,1
153567,0
66306,1
131947,0
151233,1
105693,0
42530,0
81438,1
92089,1
76915,0
172348,1
115989,1
130037,1
58287,0
147496,0
20301,1
73836,1
120399,1
10571,1
33686,1
126659,1
8423,0
76937,1
59085,1
99892,1
44631,0
52372,0
29476,0
119724,0
164029,0
126895,1
77752,1
172943,0
122788,1
68790,0
167047,1
145564,0
150024,0
163821,0
116281,0
166339,1
42255,0
75755,0
60752,0
21371,0
71377,0
162090,1
36846,0
178067,1
35275,0
72919,1
31139,1
123368,0
60142,0
16342,1
84276,1
136440,1
45183,1
118303,1
48794,1
171722,0
34177,0
133659,0
39218,1
169349,1
136027,1
104228,1
55648,0
105665,0
15876,0
11381,0
108598,1
51338,0
115778,1
47461,0
171897,1
95845,1
4447,1
37644,0
10798,1
63857,1
14364,1
130006,1
81190,0
180379,0
20932,0
32905,0
106666,0
92646,1
162251,0
67087,1
97960,0
102616,1
139204,1
23016,0
177005,0
106729,0
100792,0
159331,0
142941,0
37355,1
176623,1
58813,0
125663,1
38174,0
172638,1
57729,1
170044,0
94370,1
178971,0
177766,0
24213,0
84439,1
178753,0
157602,1
28448,1
174719,0
156502,1
15323,1
58297,1
178936,0
3846,1
22842,1
91437,1
102162,0
83318,0
78515,0
23176,1
130926,0
85481,0
87616,1
145522,1
71662,0
65974,0
58922,1
123665,1
5525,1
151666,1
66130,1
96556,0
138227,1
91381,1
113670,1
40549,1
40289,0
15157,1
57976,1
40431,1
17497,1
107064,1
176963,0
27220,0
140802,0
92830,1
71412,1
22717,1
174394,1
101313,1
19122,0
160174,0
135515,1
163233,0
37735,0
93955,1
69482,1
17148,1
117132,0
42375,1
76990,1
37879,1
70225,1
101069,1
109105,1
60938,1
106703,1
67666,1
56088,0
147700,1
174472,0
6189,0
131878,0
159525,0
60692,1
158386,1
83598,1
132774,0
82790,1
48503,1
78044,0
152978,0
81461,1
113611,1
42764,0
165478,1
129883,0
159882,0
111015,0
164594,0
151482,1
100506,1
46266,0
92163,1
2450,0
44351,0
3353,1
150378,1
158461,1
26296,0
137225,1
5655,1
72260,0
81912,1
93462,1
73770,1
74899,0
62888,0
176782,0
73569,0
23066,1
96766,0
19685,1
122450,0
148627,1
90770,1
169310,0
76069,0
151967,1
174333,1
121712,0
39422,1
54309,0
18502,0
16474,0
144772,1
164140,0
68153,1
173075,1
148597,1
144124,0
26283,0
109747,1
140674,1
38346,1
38674,0
113492,0
42926,1
74642,1
76444,1
30409,1
14926,0
143438,0
49421,0
4966,1
24350,1
126814,0
122493,0
72854,1
78653,1
160723,1
98093,1
161083,0
32042,1
162988,1
85777,0
111807,0
82851,0
102061,1
13174,1
50792,0
29893,1
66252,0
99969,1
70201,0
86715,0
88106,1
72224,0
24263,1
110178,1
167771,1
150968,0
48231,0
1282,0
160472,1
154433,1
143214,1
18642,0
77369,0
124619,0
54999,1
91528,1
97213,1
149692,1
29492,1
176440,1
96413,1
5773,1
82042,1
24767,1
151884,0
168390,1
29958,1
14136,0
29468,0
176607,1
68242,1
28463,1
108606,1
24677,1
18596,0
1594,0
137460,0
108814,0
51380,0
50608,0
51926,1
177107,0
170282,1
74562,1
29672,1
46418,1
46924,1
123848,0
56729,1
27914,1
133802,1
95829,0
25990,1
149113,0
140841,0
5374,0
84019,1
126321,1
109170,0
107675,1
133601,0
170361,1
23781,0
104513,1
153714,0
152996,0
116747,1
87657,1
133964,0
171990,0
56678,0
83930,0
128475,0
142502,1
69266,0
14916,1
25369,1
98057,0
160664,0
173935,0
11956,1
63989,0
149537,1
118298,1
29415,1
33662,0
2442,1
49157,0
179231,1
92647,1
160456,1
60834,1
115508,0
12724,0
225,1
133830,0
56422,1
58233,0
28123,1
9660,0
155499,1
138309,1
116326,1
4079,0
32015,0
70888,1
39783,1
79492,1
146816,0
10379,1
26763,0
16755,1
33290,1
162901,0
160981,0
63436,1
140022,1
38144,1
92686,0
84094,0
146984,0
18736,1
149483,1
156171,1
56518,1
126240,0
142065,1
176243,0
129029,0
63197,1
168133,1
61141,1
71155,1
179727,0
68164,1
75514,0
75364,1
152353,0
68048,1
116078,1
176390,0
51057,1
4962,1
13261,1
177278,1
160494,1
149054,0
39069,0
87306,1
117384,1
123754,0
40927,1
164426,0
165425,1
52538,0
63594,0
127927,1
150565,1
177017,0
172740,1
129489,0
94615,1
67680,0
92142,1
161500,1
24135,0
81352,1
107198,0
16812,1
21788,0
56719,0
148784,1
39503,0
20275,0
19851,0
59031,1
19197,0
119940,1
33611,0
90706,0
76597,1
35695,0
174183,1
103585,1
127598,0
22183,0
58796,0
129479,1
124650,0
14668,1
27632,1
86913,0
48038,1
58695,0
26203,1
65131,1
162696,1
130271,0
25056,1
71626,1
35853,1
112159,0
90110,0
39386,0
81829,0
156009,0
146506,1
171531,0
26677,1
94346,0
33242,1
100629,0
116813,0
64420,1
46010,1
27831,0
86522,0
16625,1
68348,0
104371,0
64908,1
117879,0
147205,0
114885,1
106635,0
7741,1
3276,1
158417,0
107676,1
177565,1
86454,0
87212,1
74252,0
164103,0
24925,0
169600,0
18373,1
157542,1
70180,0
138355,1
23959,1
52623,1
12607,0
101870,1
15432,0
64486,0
76921,1
90264,0
138523,1
155323,1
111335,1
44168,1
144867,0
82419,0
155675,1
91075,1
40515,1
70822,1
104000,1
158128,0
122811,1
56768,0
145251,1
131472,1
172799,1
153208,1
125308,1
23091,1
112318,0
83536,1
66292,0
167203,0
75253,1
24560,1
22450,1
88307,1
162478,1
3899,0
179827,1
48703,1
95566,1
15368,0
172280,0
165531,0
104301,0
156728,0
24556,0
139668,1
23783,1
185,0
17279,0
31519,1
26851,0
117024,1
80922,1
94991,0
2668,0
30439,1
114365,1
112938,1
122622,1
115472,0
133878,0
48500,0
50442,0
141855,1
153303,1
50246,0
42414,1
146486,0
29377,0
115606,0
95187,0
126193,1
129187,0
122060,1
2638,1
170801,1
923,0
155640,1
170760,1
72703,0
63608,1
83201,1
26462,0
35075,1
33239,1
115877,0
96793,1
113164,1
120854,1
120117,0
81058,0
57197,1
66436,1
80468,0
133624,0
101103,1
8091,1
126908,1
31277,0
13879,0
139516,1
75695,1
86152,1
116337,1
354,1
180166,0
22056,0
166551,0
61177,0
118252,1
93974,0
24579,1
82937,0
135614,0
140557,1
108792,1
153868,1
105002,1
107818,1
88221,1
153302,1
104909,1
168021,0
101763,0
158391,0
155748,1
94310,1
53001,0
6263,0
32772,1
61932,1
15085,1
153108,0
132980,0
26992,1
15796,0
165204,1
83298,0
165477,1
128254,1
23945,0
20626,1
19532,1
64026,1
148677,0
130838,1
81003,1
47813,0
90193,0
76446,0
124947,0
146021,0
93576,1
76221,0
156875,0
7980,1
82020,0
6008,1
158930,0
92668,0
100558,0
95247,0
160270,0
149496,0
43047,1
157150,1
177081,1
163684,1
180449,1
9194,0
57469,0
31614,1
61625,1
49077,0
63679,0
73005,0
147505,0
150551,0
44313,1
145352,0
112043,0
90270,0
65712,0
146553,1
153615,0
84785,0
145655,0
42845,1
112170,1
151276,1
13600,1
8820,1
66716,0
15450,0
132018,1
99403,0
68611,1
69512,1
59779,1
131758,0
93666,1
86503,1
49740,1
93484,1
86984,1
122857,1
73307,0
76226,0
166236,0
3629,0
40986,1
36988,1
89546,1
175136,0
119572,0
157968,0
89178,0
42829,1
13062,0
5644,0
154456,1
48199,0
440,1
22360,1
27258,0
67547,0
151619,0
149649,0
56303,1
72384,0
113860,0
83194,1
31231,1
132059,1
123833,1
159752,0
86719,0
2586,1
115058,0
82460,1
40129,0
2058,0
123771,0
143553,0
100278,1
887,0
125227,0
52091,1
43147,1
102197,0
26931,0
25565,0
140960,0
120026,0
54196,1
166261,1
99110,0
131311,0
105619,1
172064,1
169087,0
57565,1
16015,0
78236,0
172666,1
32730,1
17203,0
43766,0
90899,0
118924,1
109991,0
124540,0
51416,0
21391,0
105924,1
106610,1
56537,1
86846,0
52579,1
171523,1
95753,1
79590,1
36686,1
119293,0
25249,1
68812,0
25388,1
82273,0
161139,0
137640,0
157243,1
177539,0
53454,1
66590,0
58232,0
44605,0
51263,0
134190,0
79635,0
42005,0
51897,0
103928,1
120920,0
102570,1
55125,1
25880,0
175785,1
130463,0
171037,1
93616,1
23351,0
76315,1
163903,0
39207,1
89227,1
66317,1
115992,0
139991,1
172521,0
155472,1
1914,1
77946,0
140244,1
8602,0
123405,1
169998,0
54115,0
103898,1
174817,1
55344,1
147933,1
32413,0
82997,0
89990,0
158657,0
72253,0
163399,0
116042,0
42993,1
14580,1
80833,0
87780,0
60868,0
126642,0
1538,1
65609,1
118345,1
22069,1
40047,0
42197,0
166362,1
165320,1
171675,1
66809,0
116213,0
159958,0
112454,1
11041,1
162301,0
65093,1
112813,0
18475,0
112414,0
68903,1
80664,1
105796,1
161989,0
112440,1
29309,0
27408,1
147,0
166420,0
115475,0
50977,1
52591,1
8645,1
106178,0
90125,0
120532,0
68248,0
124656,0
77678,1
98080,0
11134,1
118261,1
54375,0
66347,1
87585,0
100134,1
33476,1
29832,1
45770,0
102063,1
114369,0
146133,1
173688,1
140729,0
151189,0
42730,0
4314,1
106260,1
88147,0
9622,0
162105,0
24712,0
99202,1
53544,1
99713,0
37990,0
154949,1
46987,0
51157,1
146493,1
82139,1
97748,1
151362,1
157330,0
22347,1
111826,1
155327,1
133670,0
71181,0
162271,0
66633,0
44333,0
16413,1
125805,0
102060,1
61612,1
53037,1
25921,1
108322,1
7772,1
36312,0
46184,0
96059,0
79145,0
136917,1
59357,1
106351,0
74160,1
134450,0
174254,0
107718,0
20299,1
96216,0
112115,1
65073,0
50631,1
94934,0
113610,1
5293,1
155897,0
118879,1
2724,1
51313,1
32341,0
64377,0
124869,1
2217,0
30403,1
5635,1
8294,0
9942,0
71618,0
82239,0
22853,0
176550,1
138823,1
87502,1
113308,1
72218,0
14089,0
22239,0
53462,1
166288,1
127913,1
1270,0
147711,0
28972,0
37896,0
164389,1
75428,0
128157,1
5585,1
165474,1
54605,1
32135,0
145636,0
138328,0
137852,0
123709,1
124072,0
23987,0
146956,1
174072,0
19154,1
130299,0
148122,1
38991,1
110990,1
68506,0
76072,0
52407,1
59821,1
49003,1
148008,0
69744,1
28208,0
92166,1
8452,1
69312,0
8343,0
85763,0
66331,1
20567,0
24664,0
113868,1
53188,0
168643,0
122982,1
50107,0
32557,1
105230,0
104346,1
139472,1
177736,0
21336,1
55139,1
132367,1
163166,1
112685,0
130952,0
67057,1
142225,1
66258,0
60655,0
96444,0
90544,1
158918,0
139338,0
165112,0
69520,1
107637,0
117515,1
133341,0
63413,0
156594,0
29418,0
24770,1
45883,0
30827,0
34352,0
133190,1
81350,1
90019,0
103218,1
128106,0
42966,0
121406,1
80686,1
78931,1
130536,0
37768,0
146454,1
70711,1
164064,1
97483,1
94909,1
112871,0
172011,0
167651,0
173773,0
16467,0
174958,1
105634,0
2703,1
89364,1
75619,0
2802,1
88721,1
21873,1
115379,1
125616,1
14835,1
85723,1
37254,1
157503,0
180357,0
135987,1
14140,0
50231,1
43154,0
66789,0
145392,1
45350,1
129878,0
36810,1
10679,0
33615,0
104615,0
36397,1
166183,0
94410,1
147319,1
153636,0
87142,1
12273,1
130516,1
78261,0
12079,1
153514,1
122732,1
71389,0
99750,1
111201,0
155018,1
77333,0
130578,0
175564,0
57446,1
167012,0
45799,0
106662,1
82841,0
38127,0
40789,0
1745,0
110773,1
161549,0
102806,0
142913,0
173051,0
69356,1
37067,0
133893,0
26478,0
136926,1
16909,1
156529,1
15897,1
173983,1
174985,1
41883,0
72984,1
136987,1
38242,1
127179,1
3890,0
139266,1
154417,0
136458,0
96595,1
6507,1
52397,1
108018,0
119119,0
74407,0
101213,1
69608,1
5321,1
95475,1
137093,0
9013,0
177228,0
171340,1
43720,1
34002,1
53848,0
71874,0
141927,0
34995,0
25182,1
53110,1
21996,1
180148,1
150641,1
177807,0
14209,1
153723,0
71831,1
35720,0
66272,1
11318,0
50925,1
129895,1
117003,0
72799,1
3172,1
62636,0
108306,1
24614,0
77304,0
163042,1
136509,1
169664,0
105987,0
129462,0
84164,0
170720,1
86957,0
179021,1
112425,0
175543,1
9227,0
1116,0
52306,0
97149,1
11828,1
142341,1
104945,1
1549,1
51239,1
135542,0
80440,1
150785,0
147483,1
155842,0
126589,1
161133,0
26580,1
76689,1
144053,0
13387,1
89096,0
130853,1
177927,1
55059,0
143615,1
161582,1
67790,1
94972,0
141324,1
174402,0
101086,1
117154,0
28104,1
47740,1
50192,1
87007,1
8049,0
77598,0
150723,0
52824,1
130313,1
124924,0
46148,0
55459,0
100013,1
40375,1
149011,1
89257,1
48045,1
7868,0
110662,1
101005,0
158700,0
64300,1
107181,1
72852,1
114290,1
78704,1
170257,0
45928,0
140689,0
9392,0
16897,0
14214,0
100484,0
128966,1
26630,0
89432,1
123186,0
151758,1
661,0
85578,0
415,0
165042,1
125126,0
79035,1
23815,1
96000,0
123707,1
109629,1
147726,0
139016,1
81,0
18505,0
161025,1
106600,1
2764,1
6873,0
160385,0
41739,1
67039,0
141502,1
9273,1
154896,1
50625,1
99779,1
171263,1
120738,1
113017,0
28437,1
92186,1
95951,1
127700,0
127852,0
94666,0
135946,1
111680,1
12570,0
96509,0
51776,0
135260,1
140029,0
97401,1
31349,1
170096,0
9289,0
110849,1
71458,1
149864,1
159092,0
171689,0
8068,1
60435,0
103193,0
152406,0
120106,1
153904,1
17209,0
116713,1
173959,1
10478,0
123143,1
33218,1
153997,1
20191,1
5793,1
139844,1
172777,1
165029,1
168330,1
101101,0
90357,0
8009,1
104742,1
71140,1
18040,1
56113,1
77339,0
24022,1
20460,1
105455,1
39454,0
173276,1
78633,1
146519,0
164952,1
24766,1
107514,1
64054,0
68744,0
73650,1
157214,0
134474,0
160061,0
20329,0
19132,0
34236,0
4209,1
45997,1
30994,0
76682,0
44814,1
167445,0
175840,0
101195,1
100614,1
179972,1
83077,0
174065,1
29757,1
32610,1
152888,0
114549,1
149901,0
73437,0
67165,0
96058,0
19930,1
14352,0
45269,0
174040,0
127467,0
158366,1
170535,1
80317,0
2180,0
20119,1
151509,1
19361,1
165817,0
44844,0
104304,0
134904,1
92174,1
97862,0
136012,1
126497,1
32508,0
49040,1
92198,1
89790,1
144445,0
21627,1
87778,0
124049,0
97586,1
8046,0
116075,1
173658,1
76205,0
174671,1
80257,0
92117,0
5083,0
99083,1
160296,1
80378,0
78943,0
98766,1
154912,1
109220,0
72475,0
46873,1
149612,1
110154,0
96991,1
101664,0
116250,1
5593,1
397,0
120838,1
46123,1
172048,1
4143,1
123216,0
86728,0
123462,1
26777,1
57806,0
100723,1
159269,0
164012,0
180194,0
64258,1
113944,0
85341,1
139474,1
157710,1
123292,1
12162,0
94930,1
136233,0
73560,0
77258,1
26142,0
117031,1
30151,0
150769,0
71596,0
76064,0
173879,0
118064,0
128175,1
155814,1
31382,1
102548,1
143867,0
116836,0
59413,0
77214,1
162597,1
74877,1
22763,1
142686,1
38517,1
175852,1
173710,0
31267,0
125234,0
88786,1
109623,1
161856,1
135122,1
141297,0
95244,0
45407,1
159386,1
5623,1
172083,1
2513,0
71985,1
413,0
113315,1
37715,0
3386,0
134841,0
113906,1
39626,0
122632,1
118221,0
40859,0
96639,0
1451,0
90947,0
50669,0
135819,1
60507,0
21076,0
72751,0
82052,1
57562,0
163440,1
29583,1
80041,0
141972,0
152516,0
111719,1
66873,0
128850,1
8517,0
148449,0
136040,0
41811,1
140877,1
95737,1
149079,1
131418,1
115524,1
36800,0
159254,1
74060,1
148489,1
79431,0
38678,1
118541,1
173162,0
58812,0
114526,0
50951,1
153419,0
156251,0
138852,0
172723,1
167928,1
169209,0
28857,0
167829,1
113468,0
35529,1
63456,0
102194,1
87447,0
48418,1
66399,1
97148,1
25299,1
84417,0
168093,0
120214,0
151264,1
80340,1
53458,0
76429,1
20998,0
161600,1
164887,0
157374,1
166209,0
4084,1
54777,1
33040,0
177612,1
13381,1
2253,0
167924,0
104743,1
146929,0
138873,1
39697,0
78674,0
142057,0
51593,0
174616,0
72599,1
14947,0
13627,1
102021,1
92705,0
32088,1
41519,0
71493,1
139617,0
73674,0
56819,0
58562,0
14506,0
15205,1
4679,0
28802,1
130778,1
81807,0
128603,0
120535,1
110288,0
5473,1
37933,1
13442,0
7304,1
106088,0
3257,0
76494,1
99334,1
137602,1
60069,0
150282,1
123489,1
11769,1
152515,1
177486,1
72291,1
164932,1
75842,1
156668,1
10166,1
177839,0
123870,1
41837,1
126260,1
58084,0
66327,0
111245,0
139277,1
26799,0
67117,0
109096,0
44926,1
109087,1
134613,1
47701,0
86998,0
85265,1
90307,1
142331,0
129326,0
174168,1
84709,1
148395,0
145107,1
97078,1
9422,0
55228,1
31392,0
136844,1
30249,0
76213,1
132829,0
6856,1
58693,0
132456,0
176602,1
98903,1
49018,1
179207,1
22375,1
124847,1
41331,1
160646,1
105713,1
87171,0
154037,1
60357,1
97542,0
17488,1
114937,1
9999,1
28726,0
109333,1
57016,1
176116,0
94047,1
123515,1
148038,1
93132,1
117833,1
151738,0
168415,1
131969,0
62533,1
165560,1
88148,0
176851,1
128865,1
121228,0
104264,1
13356,1
35666,0
14359,1
64359,1
168096,1
153572,1
126231,1
142307,1
37446,0
2943,1
170795,1
112047,0
96524,0
171098,0
93137,1
40900,1
475,1
111222,0
101606,0
117307,1
74804,0
111057,0
30457,0
170695,1
165417,1
86518,0
126107,0
175803,1
99571,1
108473,1
146159,0
1571,1
70874,1
36223,0
29736,0
25678,0
104684,0
49407,0
166135,0
105191,1
59144,0
79505,1
78000,1
93384,0
163561,0
165613,0
13930,0
33995,0
25936,1
156655,0
160454,1
142304,0
136783,0
26133,1
85640,0
101480,0
112945,1
118080,0
98762,1
37440,0
118458,1
169704,0
126089,1
177892,1
39823,1
144074,1
115283,1
159751,0
92511,0
89613,0
161386,1
37976,1
164333,1
13087,0
159788,1
36020,1
104173,0
141762,0
29170,0
50216,0
61761,1
12356,1
159070,1
155595,1
134351,1
125064,0
156240,0
156199,0
1908,1
125091,0
17623,1
168550,1
87377,0
129983,1
78657,1
60314,1
61072,1
21790,0
24493,1
92628,0
105456,1
98736,0
147677,0
62603,0
106977,0
139286,1
12297,0
133453,0
43631,1
26593,1
130613,1
114294,0
161381,0
122245,1
145967,1
92141,1
27696,0
34658,1
22035,0
22475,1
114561,0
55606,0
45680,1
63326,0
3225,1
117930,1
100304,0
161753,0
36773,1
92744,0
48785,1
155122,1
87432,0
42771,0
175857,0
115348,1
163010,0
77750,1
85362,1
3272,0
40960,1
47704,1
127029,1
148729,1
40609,1
47263,1
53680,1
73636,1
90324,0
134029,0
76048,0
92126,1
16845,1
145643,1
173341,0
162824,1
82665,0
98250,0
38887,0
163929,1
170900,0
38263,0
139551,0
60551,0
82751,1
46541,0
141913,0
89695,0
125939,1
133001,0
33618,1
148456,0
141217,0
88632,1
86502,1
29710,1
135538,1
73047,1
129469,0
83371,1
170446,0
42335,1
93019,1
97713,0
29226,0
20201,1
134796,1
5412,1
114415,1
63107,1
74566,1
118227,0
140113,1
94870,0
64694,0
157761,0
94496,1
83156,1
35746,0
42301,1
174489,1
40687,1
151598,0
50512,0
108172,1
36995,0
149930,0
77692,1
94809,0
121925,1
166938,1
54743,1
11259,0
20134,1
41184,1
174769,0
104088,0
68291,0
40248,1
128222,1
86038,0
97199,0
103367,0
25639,0
63801,1
85551,0
95037,1
119603,0
112680,1
29283,1
23737,1
137587,1
64034,0
7911,0
117348,0
67810,1
157772,0
75272,0
146631,1
65431,0
26126,0
156262,1
114106,1
39404,1
136679,1
106131,1
121917,1
87946,0
109642,0
23058,1
149898,0
139960,0
71722,0
26144,0
59674,1
24340,0
40612,1
20585,1
125458,1
57500,1
86421,0
76949,0
23565,1
99723,1
80783,1
8348,0
70409,1
149001,0
153327,1
16519,0
22538,1
165218,1
178612,1
144391,0
27576,1
92633,0
117463,1
137938,1
117503,1
152941,0
54052,0
11262,0
122889,1
165183,1
63604,1
129607,1
114688,1
168743,1
98424,1
16950,0
134648,0
12055,1
23280,0
172272,1
95232,0
6115,0
8790,1
33863,0
51344,1
179173,1
123693,1
164648,0
106401,1
93912,0
131182,1
127546,1
21714,1
160262,1
157639,1
11353,1
158150,1
34508,1
323,1
65522,0
39018,1
100572,0
94175,1
80134,0
164634,1
140273,1
161316,0
69765,1
180195,0
140080,1
77494,0
122045,0
39995,1
151450,0
109320,1
34702,1
61692,1
59223,1
56157,0
78557,1
61571,1
82921,1
17280,0
124691,0
64485,0
34474,1
124343,1
44140,0
112983,0
64211,1
68065,0
102392,0
125406,0
16786,0
165018,1
130450,1
85085,0
27377,1
178477,0
137686,1
25152,1
26748,1
13562,0
47079,0
17084,1
122544,0
47509,0
111388,1
117459,1
120709,0
163721,1
141483,1
85247,0
155700,1
36613,0
115506,0
108223,1
6397,1
31816,1
71298,1
31993,1
134760,1
123290,0
95759,1
35919,0
42732,0
96928,0
30848,1
75487,1
3098,0
29431,1
5580,1
165414,0
156585,1
158585,1
49060,1
108635,1
19954,1
136392,1
22299,1
167687,0
48248,1
35627,1
127510,1
117522,1
93698,0
103457,1
39100,0
153950,1
129719,1
136947,0
150075,0
45986,1
126398,0
149766,1
86065,0
167439,1
176563,0
141826,0
167832,1
68089,0
150105,0
14418,0
3780,1
40742,0
118915,1
111556,0
117956,0
78667,0
97240,0
8353,1
167143,0
123079,1
174643,1
86835,1
19792,0
131060,1
39797,1
150307,1
174429,0
28822,0
57031,0
69631,0
1044,1
84513,1
170433,0
134950,0
99860,0
74117,1
85737,0
107510,1
34725,1
151702,1
67477,1
178814,1
57966,1
24315,1
53252,0
107803,1
70763,1
153074,0
99197,1
81630,0
150081,1
64936,0
19718,1
7387,1
38119,1
141419,1
158762,1
70877,1
124562,1
86144,0
175181,0
43696,1
116000,0
111394,0
60483,0
123919,0
171460,1
141561,1
23665,1
75463,0
174766,1
149318,0
6781,1
50196,0
95847,1
55703,1
53717,0
48218,0
84934,0
151670,1
44670,1
94335,1
82648,1
53307,1
164768,1
117146,0
71193,0
99740,1
163668,0
101241,1
93414,1
77903,1
873,0
115433,0
135316,1
122094,0
169987,0
19651,0
128481,0
160449,0
35110,0
37681,0
41986,0
117145,0
72699,0
33402,1
43487,1
105652,1
57921,1
152283,1
47503,1
103351,1
80873,0
157404,0
12442,1
97179,1
89521,1
113175,1
129793,1
176218,1
13443,1
99456,1
153312,0
131481,0
109386,1
34901,1
157575,1
63402,0
149704,1
174613,0
32570,0
27927,1
163268,1
135310,0
94889,0
177215,0
119636,1
122127,0
2363,0
42048,1
20640,0
78093,1
120219,1
129677,0
168940,0
145095,1
115085,0
119460,1
6260,0
90945,0
175166,1
6836,1
14709,1
126378,1
87068,0
146249,1
134834,0
50825,0
70127,0
31141,1
99462,0
42316,0
12936,1
84262,1
27082,1
37013,1
119388,1
141205,1
4934,1
144030,0
40520,1
77899,1
21947,1
35374,0
45363,0
159726,1
21727,1
41852,1
56905,0
62985,0
4937,1
134979,0
164600,0
34934,1
114850,0
116482,0
42200,0
161408,0
45569,0
23551,1
1790,0
98299,1
61284,1
79370,0
10451,0
19760,0
143469,0
151813,1
134866,1
158478,1
121810,0
70646,0
62980,1
40718,0
49350,1
61643,1
131521,0
13950,1
10096,0
117652,0
65838,1
174382,0
132461,1
107310,1
145537,1
117000,0
14182,1
53373,1
59300,0
57828,0
138856,0
164863,1
99637,1
1999,1
132317,0
126177,1
45446,0
140015,0
102819,1
131675,1
5238,1
175117,1
88341,0
34600,0
129801,1
150881,1
119232,0
112776,1
72045,1
28225,0
179733,1
83367,1
13890,0
54244,1
13196,1
114993,0
12260,1
33803,1
161236,1
169870,1
62338,1
89299,1
9825,1
43768,0
126481,1
137011,0
61250,0
122363,1
77124,1
98202,0
47251,1
90536,1
119845,1
161588,1
69025,1
153352,1
96904,0
156364,1
95910,1
34341,0
26691,0
87729,1
98168,0
155480,1
137502,1
97556,0
11322,0
168457,0
11030,0
141815,1
23245,0
99655,1
65279,1
15049,0
85896,1
166778,1
79040,0
146139,1
134160,1
16490,1
84778,0
92199,1
51033,1
115712,0
150365,1
142017,0
54317,1
163110,1
151486,1
21913,1
106289,1
40616,0
84309,0
84190,0
87324,0
170343,1
20416,0
76112,0
28656,0
122567,0
37664,1
178286,0
109781,1
153573,1
134172,1
37618,0
138668,1
178488,1
132072,1
176069,0
65085,1
159148,1
50987,1
102583,1
161892,0
100948,1
176721,1
91929,0
61110,1
140383,0
17061,1
148611,1
36571,1
3138,1
137673,1
177558,0
72166,1
115130,1
3763,1
76529,1
58726,1
92133,0
40929,0
136912,1
84689,0
112314,0
98858,0
3289,1
16415,1
160383,0
84356,0
109260,0
63798,1
51656,0
178756,1
26591,1
173922,1
3402,1
178136,0
61320,0
157599,1
157434,0
113881,1
14370,0
45585,0
39251,0
59715,0
8580,1
180450,0
144961,1
264,1
64916,1
4337,0
165508,0
176026,0
121214,0
147830,1
83112,1
968,1
150837,1
69830,1
18178,0
52077,1
96138,0
110574,1
145328,1
44323,1
153118,1
85117,1
57510,0
128038,0
93172,1
90761,0
37945,0
180171,1
42563,1
157409,1
143088,0
83456,1
52374,0
128035,0
118284,1
72084,1
75932,0
137090,0
104048,1
133150,1
6671,1
72853,1
141628,0
19114,0
152320,1
12592,0
119838,0
61583,1
121964,1
33420,1
75262,1
67548,0
79884,0
19161,1
91272,1
152005,0
81117,0
191,0
67732,1
52995,0
107082,0
90487,1
153994,0
60058,1
21166,1
131640,0
45280,1
143868,1
17400,1
156382,0
56300,0
130546,0
115799,1
27210,1
100550,0
8708,1
126090,1
114684,0
131456,0
34368,1
120583,0
119668,1
88081,1
149947,0
43643,1
6524,0
147231,0
37058,0
68283,0
72089,0
27122,0
91918,0
136156,0
29781,1
117339,0
3236,1
116362,0
110160,0
50370,0
134414,1
23919,1
44098,1
168039,0
102034,0
32230,0
7986,0
139569,1
94818,1
123346,0
179465,0
57840,0
162710,1
49817,1
130925,0
173489,0
131424,1
118446,0
150669,0
50150,1
158597,0
13660,1
49129,1
47353,1
69249,1
89160,1
171319,0
80711,1
24992,0
17397,1
75796,1
134832,1
1450,0
59502,1
138658,0
43697,1
34882,1
115591,0
14552,0
176111,1
109702,1
161072,0
66924,0
72517,1
802,0
40827,1
122537,1
51391,1
3604,0
122284,0
87219,1
5709,0
136781,0
25666,0
171517,1
55259,1
111589,0
35154,1
50586,1
111430,1
52196,0
83839,1
142978,1
76317,1
39017,1
119693,0
2259,1
18697,0
32540,1
9193,0
167564,0
177693,1
31808,1
139834,1
27604,1
21469,1
147380,1
31969,1
107722,0
95651,1
118906,1
156163,0
128715,0
78137,1
47114,0
99321,1
123321,0
121278,1
175179,1
141958,1
86899,1
38299,1
55837,1
151961,0
33741,0
175461,1
116831,1
138344,1
102379,1
35124,1
168182,1
73809,0
35590,1
119778,0
169273,1
123831,1
41822,0
34371,0
166698,0
88079,1
177440,1
39494,1
63376,0
160770,1
126186,1
109847,0
169527,0
159058,1
62815,0
24725,0
145090,0
6220,0
125288,1
156004,0
18564,1
26531,0
133921,0
119928,0
334,1
73563,0
157336,1
17613,1
122643,0
35901,0
107644,1
81553,1
180372,1
59966,1
178865,1
63525,1
125547,0
44797,0
75023,1
56953,1
5399,0
170979,1
103412,0
132857,0
122361,1
10346,0
153991,0
111181,0
121755,1
66844,0
54901,0
16346,1
109879,0
7597,1
8338,1
24984,1
68023,0
132068,1
38515,0
63295,0
10171,1
26501,0
73053,1
43163,1
74480,1
147406,1
116448,0
40394,0
112914,1
83269,1
119923,0
13305,1
10320,0
168965,1
129288,0
153350,1
86511,1
11679,1
160746,1
131571,0
73031,0
165406,1
18019,0
49215,1
106242,0
166634,0
96225,0
163516,1
14676,1
95574,1
158475,1
96034,1
15713,1
113193,1
134572,1
124597,0
33326,0
161591,0
5684,0
162718,0
103344,0
125819,0
168996,0
67716,0
21513,1
176256,1
146869,0
142923,1
132270,0
130734,0
161869,1
18717,1
118105,0
63902,1
129415,1
60812,1
83319,0
40918,1
179110,0
116937,1
96982,0
149051,1
24615,1
115111,1
26661,1
76152,0
87411,0
160537,0
27458,0
56855,0
46020,1
97385,1
17383,1
160427,0
91753,1
29006,1
59368,1
42454,0
110910,1
4435,0
125312,0
142690,1
107585,1
66283,0
24994,0
47565,0
156610,1
14938,1
72212,1
179841,1
121322,0
99566,1
107445,1
53371,1
84534,1
73428,1
126167,1
180382,0
56859,0
137080,1
111337,1
10239,0
107258,1
170994,0
25640,1
164008,0
19738,1
71523,1
99855,1
61596,0
90710,1
134714,1
179755,1
122511,0
41094,0
69073,0
32267,0
165656,0
9842,0
135253,0
35870,0
153172,0
164619,1
112180,1
88065,1
123783,1
39397,1
78394,0
97913,0
114271,0
180333,1
44705,1
40700,1
30765,1
87884,1
37146,1
155636,1
175401,1
17516,0
236,1
67861,1
99793,0
125823,1
84207,0
57049,0
154892,1
119907,1
133766,1
109457,1
170921,0
18283,1
101322,1
169503,1
98964,1
98153,0
143079,0
166649,1
42511,0
160650,0
136709,1
30951,1
77783,1
150856,0
79260,0
132972,1
140673,1
42166,1
177102,1
157875,0
143777,0
9546,0
7431,1
180214,1
154814,0
105232,0
124115,0
49474,1
52511,1
96822,1
117109,0
175739,1
176520,1
141879,0
46797,0
44449,0
175361,1
124600,0
100394,0
9722,1
85501,0
25009,0
87439,1
42985,1
48306,1
6555,0
105472,1
63784,1
142333,0
709,1
145173,1
104987,1
12941,1
54525,1
87213,0
61111,1
164201,0
68556,1
29202,0
45010,0
157845,1
170136,1
73464,1
74158,1
155016,0
143569,1
135109,1
34991,1
42805,1
141428,1
39787,0
173586,1
114400,0
48627,1
170754,1
129065,0
45866,1
78949,1
94387,0
138323,1
6949,0
160736,1
52626,0
102845,0
148997,0
7385,1
80648,1
135698,0
140813,0
166003,0
123965,1
15402,0
131254,1
35093,0
79241,1
102576,1
144063,0
163915,0
32683,1
118533,0
84212,0
161385,1
91128,0
89329,0
1993,0
177117,1
73943,1
85011,0
67936,0
50780,1
7508,0
64261,1
176318,1
81245,0
153798,0
15315,0
49726,1
178003,0
168407,0
21364,1
51540,0
96544,0
132473,1
88175,0
46159,0
131598,1
40750,1
132647,0
121973,1
142312,1
10662,0
57425,0
85521,1
144796,1
144928,0
707,1
162765,0
101785,0
169741,0
93050,1
121804,0
34243,1
48235,1
73906,0
66874,0
173122,0
91661,0
135414,0
2890,1
73672,0
150093,0
15056,0
152364,1
51080,1
175533,1
17237,0
135235,0
102247,1
43113,0
3881,1
155413,0
90739,0
21351,0
75349,0
67481,1
46229,0
166589,0
55306,1
126709,1
26248,0
515,1
21515,1
70585,1
9545,0
83829,0
41534,1
121259,0
161761,0
162125,1
45007,0
148851,1
105779,0
43049,1
107368,0
89154,1
45918,0
133829,1
71485,1
31458,0
47506,1
108073,1
21032,1
159393,1
146600,1
88654,0
35875,1
96634,0
111161,0
155029,1
13647,1
111197,1
112749,1
179540,0
78823,0
66700,1
55895,1
127998,1
52328,1
173972,0
169371,1
15676,1
32656,0
47730,0
45835,1
15284,0
56688,1
106996,0
137890,1
32298,1
15159,1
36921,0
104087,0
68457,0
177507,0
4018,0
153785,1
144081,0
118884,1
99856,1
8402,1
61638,0
159743,1
157497,1
67524,1
98987,1
42932,1
29301,1
62481,0
21771,0
55679,1
85868,0
98436,1
16652,1
180026,1
62083,1
19993,0
67830,1
82601,0
103930,1
179977,0
109906,0
67452,1
164745,0
75793,0
148222,1
30111,0
160599,1
100939,1
85106,0
35356,1
124513,0
50301,1
46025,1
3212,1
38607,0
14461,1
8195,0
8994,0
32509,0
117389,1
11530,0
115526,1
79732,0
111498,0
32489,1
116260,1
178568,1
22615,0
133968,0
64119,0
107046,0
99228,0
9784,0
62822,1
122151,1
49569,1
31204,0
41853,1
164038,0
84217,1
74173,1
155658,1
133038,1
120071,0
9318,1
108453,1
21923,0
96521,0
113400,0
99984,1
98533,1
129216,0
126590,1
95564,1
51693,1
59179,0
113058,1
88900,0
159668,0
165445,1
158295,1
107314,1
3643,0
154585,0
75431,1
180143,0
100182,1
173063,1
13656,1
114229,0
101976,1
169951,0
164371,0
163316,1
65404,0
67003,1
5774,1
153453,1
120019,0
4538,1
167900,1
8964,1
17902,1
75929,0
144901,1
82517,1
84716,1
159575,1
106824,1
155137,0
130733,1
62655,0
3464,1
12351,1
130701,0
114794,1
48379,1
179000,0
50314,1
23054,0
34205,0
14682,1
140560,0
15923,0
63727,1
100144,0
141779,0
76692,1
77293,0
117976,1
164216,1
98574,1
45184,1
143366,0
141557,0
19927,0
73879,0
153739,1
122378,0
34628,0
153627,1
72779,0
39742,1
129867,1
71236,1
177313,1
106513,0
17068,1
135259,1
155620,0
30618,1
80064,1
93457,1
62900,1
120740,1
171906,0
8278,1
89402,1
129518,0
107440,1
121949,1
178665,1
159500,1
154772,0
72135,1
82232,1
94483,0
86565,0
160397,0
59157,1
54411,0
40143,0
165015,0
129864,0
166522,0
159228,0
101066,1
35192,1
9920,1
4745,1
93818,1
77697,1
118017,1
82445,1
102878,0
112114,1
89233,1
98295,0
176407,1
27522,1
15458,0
140047,0
40380,0
86274,0
16023,0
135881,0
49034,1
82400,1
155959,0
168531,0
96284,1
151597,0
157129,0
75287,0
6085,1
25014,0
112683,1
91878,1
50177,0
179307,0
41648,0
172977,1
100215,1
160704,0
171849,1
94637,1
139328,1
15379,0
6741,0
48268,1
144750,1
169864,1
149695,0
122875,1
176619,1
28992,0
87181,0
146109,0
623,0
124624,0
169932,1
36702,1
46065,1
150560,0
26137,0
81666,1
22200,0
37697,1
30201,0
155815,1
71157,1
106517,1
105130,1
144467,1
69501,1
4185,1
93839,1
115157,1
90294,1
117920,0
82515,1
58782,0
112553,1
81147,0
122678,0
82222,1
52857,1
114375,0
63496,1
124648,0
66340,0
35403,1
8388,1
9384,1
49624,0
70648,0
13260,1
107786,1
154614,0
133758,0
89494,1
8931,0
81867,0
153840,1
49534,1
36559,0
8307,1
66862,1
73443,1
47805,1
34837,1
37299,1
124067,1
166105,1
55652,0
168207,0
84388,1
126674,0
45774,0
28511,0
160070,1
76825,1
10941,0
117525,1
65737,1
84134,0
92949,1
110420,1
39552,1
26178,0
27535,1
79475,1
88253,1
42994,0
142255,0
13036,1
127296,1
92068,0
130645,1
76514,0
47472,0
139059,1
163109,0
101088,0
103262,1
72235,0
130775,1
166582,1
99113,1
162382,1
179181,1
55897,0
121690,0
16229,1
50068,1
124163,1
118861,0
14039,1
166658,1
71896,0
99696,0
8299,1
43517,0
175193,0
166526,1
110939,1
12156,0
176037,0
52827,0
51976,1
131008,1
168513,1
30055,1
111583,1
119996,1
115934,1
152330,0
118348,1
81646,1
34065,0
122342,1
177487,1
69553,1
149583,1
2203,0
66157,1
85335,0
129704,1
4579,1
175721,0
42382,0
63222,1
95497,0
1108,1
70604,1
160171,1
13673,0
4752,1
727,1
44197,0
101761,1
156689,1
173459,0
29273,0
11890,0
171250,1
108248,0
111997,1
81710,1
13115,1
129567,1
45736,1
48597,1
56343,1
63536,1
133781,0
112502,1
108690,1
107217,0
171042,0
18147,1
28027,1
2345,0
130088,0
175609,1
10027,1
132047,0
64794,1
139984,0
55533,1
16640,1
83265,1
35010,0
46841,1
52330,1
9967,1
19289,1
7154,0
146973,1
12491,1
57227,0
153984,0
73623,1
118501,1
3475,1
45547,0
151959,0
134310,1
14350,0
90871,1
153129,0
124134,1
123151,1
149261,1
52352,0
96380,1
146870,0
109774,1
45079,0
138562,0
14625,1
40270,1
83438,1
6518,0
115766,0
164215,1
174557,1
5157,0
153196,1
156048,1
64225,1
78135,1
173638,1
16280,0
59500,1
60233,0
48018,1
167770,0
58883,1
84720,1
111751,0
24855,1
63739,1
837,1
5974,0
143780,0
122069,0
137457,0
42549,1
16215,0
14260,0
129728,0
2379,1
118522,0
30862,0
95955,0
58337,1
91243,1
140397,1
156694,1
91841,0
81527,0
48958,0
125750,1
133132,0
106788,0
162789,1
145006,1
39219,1
17802,0
82754,1
2512,0
176118,0
102182,1
63715,1
74041,1
98990,1
34310,1
97084,0
154440,0
85941,1
159012,0
115812,1
64214,1
5553,0
106559,0
85605,1
13422,1
151298,0
14846,1
102193,1
160336,1
169149,0
28784,1
72671,1
71435,0
10484,0
136595,0
19384,1
54912,0
116039,1
73684,0
37601,0
70194,0
15647,1
180071,0
144854,1
23752,0
63339,1
144383,1
137189,1
120782,0
59407,1
32083,1
118788,0
142180,0
147031,1
89787,1
116030,0
75348,0
91997,1
63648,1
110176,0
32166,1
34625,0
8746,0
39443,0
23579,1
72809,0
10042,0
38206,0
180418,1
101679,1
53122,0
50378,1
61574,1
83169,1
48876,0
48775,1
171737,0
82223,1
158749,0
88297,1
164712,1
37206,0
116986,0
82435,0
53967,1
78155,0
26779,1
22059,0
11390,0
101083,1
2689,1
38434,1
164897,1
167185,0
169330,0
142189,0
136261,1
151692,1
80487,1
21511,1
50891,1
162333,0
128387,1
21109,0
172975,1
6902,0
11707,0
93409,0
43146,1
8774,0
70168,0
78621,1
56293,1
169177,1
109063,1
180464,1
126261,1
76274,0
134485,1
22067,1
88979,1
77955,0
108744,1
89846,1
82764,0
120414,0
123904,1
38920,0
29536,0
15857,0
34255,1
93788,0
140457,0
21841,1
143349,0
136037,0
64798,0
50371,1
41067,0
95012,1
77421,1
143082,0
29823,0
133105,0
117817,1
75879,1
15805,0
25645,0
163869,0
85212,1
139574,1
14648,1
129058,1
175824,0
44929,0
66927,0
179970,1
175687,0
98573,0
65828,0
161162,0
175177,0
128554,0
25467,1
19769,0
2585,1
139650,1
125417,0
8003,1
156558,1
86145,0
43778,0
9081,1
162836,1
156062,1
75734,0
90046,0
117401,0
96317,1
46013,1
154380,0
117236,0
103534,1
12477,1
144963,0
166403,1
83887,1
5772,1
48780,0
5196,1
62579,1
45841,1
58093,0
90848,0
100087,0
130637,1
47166,1
180417,0
146116,1
146330,1
109769,0
159814,1
146087,1
98778,1
138121,1
64891,1
59584,1
115498,1
161806,1
126161,0
161238,1
22909,1
167032,0
147550,0
87956,1
126270,0
50962,1
86873,1
97158,0
167407,1
87969,1
73590,1
176380,1
68776,0
116753,0
158684,1
45181,1
21611,0
54485,1
119854,1
15264,1
49914,0
124788,1
52736,0
104866,0
137947,1
132529,1
108060,0
41386,0
66601,0
145270,1
2612,1
153799,1
137895,1
128801,0
173165,1
24364,1
38057,0
116905,0
80632,1
164042,0
78659,0
46335,0
8499,0
21682,1
66715,1
41856,0
8986,0
84157,0
65424,1
31565,1
74094,0
111855,1
180183,0
14345,1
159763,0
162547,1
88704,1
149422,1
131904,1
107658,1
21159,0
79372,1
124888,0
543,1
70442,0
16561,0
109152,1
29589,0
115550,0
9790,1
173822,0
22553,0
80639,0
33199,1
170531,1
7849,1
115372,0
112152,1
55190,1
18183,1
94462,0
3268,0
175965,0
39442,0
144184,0
19274,0
62973,1
150280,1
95299,0
7441,1
54307,0
54875,0
77342,1
1712,0
97975,1
121970,1
120534,1
76079,1
76049,1
100438,0
48345,0
101189,0
41211,0
19469,0
67306,1
36235,0
100059,0
12194,0
102289,1
24593,0
124812,1
170349,0
155060,0
157685,1
78629,1
162683,1
165788,0
152110,1
13779,1
107345,1
31674,1
125394,0
164945,1
132768,1
30550,0
165117,1
56936,1
1912,0
33459,1
116553,1
70037,0
70908,1
121084,1
38874,1
156971,0
177898,1
71908,0
66993,0
106137,1
30401,1
99333,1
82285,1
81394,0
98895,1
51617,0
100893,0
160212,0
79827,0
176088,1
47952,1
157438,1
95535,1
156508,1
91553,1
11197,0
52884,1
50125,1
671,1
85288,0
48337,1
3726,1
95133,0
154571,0
4165,1
41070,0
146450,1
45521,1
28756,0
44872,0
69212,0
1813,0
61134,1
77069,1
97294,0
119476,0
57002,1
118693,1
84549,1
4286,0
4533,0
167558,0
77208,1
99239,0
165423,0
175021,0
125529,1
93093,1
121856,1
170885,1
33106,0
140461,0
69152,0
136717,0
139033,1
28542,1
105156,1
178439,1
10653,1
68641,1
98040,0
140409,0
27157,0
43112,0
60352,1
113421,1
175413,0
67042,0
64890,0
143103,1
11525,1
94231,1
93566,0
130429,1
601,1
22719,1
97957,0
86424,0
112501,1
96075,0
126785,1
76834,1
56460,1
9248,0
34694,1
75163,1
64754,1
96078,0
149757,1
135237,1
3070,0
113681,0
74090,1
167382,0
12386,0
88488,1
472,1
42021,1
173131,1
104539,1
176201,1
85681,0
8787,0
163521,1
725,1
46162,0
149532,1
167149,0
99815,1
146188,1
41749,0
124099,1
102046,1
22611,0
174277,0
114316,0
30989,0
115484,0
74712,0
151462,0
148379,1
45210,1
55589,0
139684,1
145226,0
64027,1
42752,1
18509,0
95095,1
30519,1
131167,1
104827,0
111364,1
84597,1
170155,0
31830,0
66574,1
154678,1
11891,0
3455,0
164160,0
177920,0
23965,1
58200,0
37454,0
122322,1
8324,1
155063,1
8878,0
49447,1
55360,0
161296,0
78079,1
98481,1
54253,1
158610,0
126164,0
5215,0
6417,0
159056,1
49440,0
101041,0
156076,1
4769,1
156367,1
154329,1
155068,1
85409,1
59981,1
77888,0
74457,1
97344,1
42719,1
128795,0
95264,0
172219,1
56370,0
155778,1
90948,1
77758,1
89488,1
101591,0
12793,1
155634,1
174632,0
11407,1
11675,1
166140,0
37209,1
103640,0
31442,1
146238,1
25310,1
114293,0
100483,0
19574,1
106112,1
94946,0
125277,0
105368,0
57734,1
61216,1
88260,1
12075,0
104841,1
88022,1
146056,1
92202,1
122543,0
175568,0
77344,1
91894,1
877,0
13437,0
147743,1
9045,0
86906,0
74274,1
43519,0
92006,1
37123,1
38165,1
163559,0
25931,0
25747,1
84089,1
82779,1
99777,0
24550,1
12744,0
105288,1
107108,1
57784,0
92156,1
104203,0
132241,0
125206,0
118635,1
134019,1
41993,1
118929,1
45548,1
121146,0
147821,0
43992,1
135588,0
108905,0
115807,1
101258,1
77386,0
55028,1
93865,0
127591,1
37984,1
5347,0
114161,1
99095,0
42968,1
56751,0
176759,0
118233,1
84215,1
97440,0
15204,1
35662,0
117476,1
20681,0
44478,0
177441,1
4425,0
52810,0
130696,1
74560,1
177185,0
164030,0
22913,1
11062,1
65619,1
153462,1
176913,1
40862,1
121988,1
154360,1
9575,0
165904,1
49091,1
53842,0
95385,0
41720,0
73487,1
164563,1
153810,1
108745,1
125850,0
44352,0
87187,0
75631,0
119632,1
52712,0
88599,1
36910,0
122948,0
163839,1
36488,1
251,1
139459,0
56179,1
46808,1
173156,0
25114,1
112539,0
80885,1
180368,0
96951,1
102476,1
141195,1
108234,1
153846,1
28137,1
58547,1
76082,1
160539,1
167811,1
23517,0
149166,0
118125,1
57577,0
78295,1
99933,1
161824,1
59186,1
121630,0
151641,0
168522,0
4199,1
168860,1
86209,0
79507,0
46655,0
30606,0
56332,0
104884,1
112328,1
159200,1
111321,1
91935,0
12977,1
110543,1
28478,1
83261,1
170986,0
119422,1
43421,1
141810,0
85958,1
30531,1
141459,0
156642,0
99389,1
111223,0
130325,1
5708,0
66148,1
88181,0
3177,0
26760,1
162512,1
90940,0
17262,1
18082,1
128925,0
37497,1
118296,1
72866,0
74142,1
67817,1
64235,0
136666,1
122459,0
80647,1
121957,1
174892,0
81703,1
15534,0
80868,1
31663,1
63230,0
158530,1
31773,1
164482,1
79873,1
39585,0
105683,1
118310,1
120585,1
32738,0
95314,1
106195,0
175718,1
120938,0
75849,1
147751,1
118317,0
20316,0
36760,0
68403,1
70911,1
29629,0
65418,1
87973,1
39141,0
82475,1
22870,0
162996,1
144460,0
128115,1
16198,1
39508,1
133245,0
152483,1
14885,0
51176,1
2614,1
13850,1
45509,1
128191,1
79565,0
121264,0
134655,1
164251,1
51853,0
109833,0
166868,0
132303,1
88183,1
125903,1
71932,1
45230,1
43178,0
134676,0
110891,1
130951,0
119647,1
90884,0
175855,1
29328,0
145806,0
84924,1
48575,1
48928,1
132793,1
48339,0
170849,1
148271,0
162446,1
178941,0
146967,1
74100,0
96023,0
96275,0
138603,0
150602,1
2152,1
171485,0
123814,1
119255,1
133160,1
66780,1
34715,1
108150,0
155837,1
38938,0
18291,1
24027,1
163305,1
22021,0
38952,1
100874,0
64371,1
118226,0
72655,0
56197,0
164838,1
174662,1
76602,1
54499,1
7345,1
31633,0
18618,1
4089,0
53076,0
161664,1
75201,1
168424,0
16231,1
90691,1
133521,0
94167,1
43238,1
101016,0
112507,0
25900,0
17650,1
18987,1
25262,1
71388,0
174284,0
180271,0
4021,0
119140,0
93237,0
60001,0
107200,0
155723,1
50043,0
74574,1
8484,0
103802,1
161618,1
19090,0
119095,1
151512,1
59350,1
107978,1
46045,1
173467,0
111382,1
42898,0
22294,1
44058,0
161246,1
82640,0
53602,0
39122,1
55219,0
110677,0
22013,0
111547,1
49884,1
123938,1
17595,1
78265,1
88791,1
76241,1
154775,1
32167,1
124880,0
104665,1
61296,1
29449,1
47242,0
137783,1
133441,1
123522,1
137879,1
105385,1
174134,0
94355,1
164553,0
25094,0
1563,1
79181,1
172341,0
164544,1
153538,0
11374,1
156216,0
35264,0
36274,0
36282,0
153176,0
120815,1
178834,0
154765,1
175073,1
142166,1
82577,0
31415,1
15024,1
55399,0
82737,1
47129,1
25261,1
100326,1
5852,1
153811,1
99687,0
151185,0
96176,0
28042,0
127886,0
103101,1
59184,1
153668,0
63276,1
21571,1
60908,1
59078,0
79506,1
155074,0
56351,1
160689,1
18072,1
160944,1
178023,0
120197,1
99597,1
96390,0
10135,0
109674,0
173929,0
164214,1
100272,0
77432,0
78580,0
157916,0
106564,0
1494,0
17940,1
33980,1
135661,1
110860,0
30152,0
107832,1
167140,1
146774,1
109279,0
64238,0
129980,1
145532,1
167866,1
151029,1
23854,1
39555,1
143308,1
134986,0
116027,0
154346,1
45543,1
129802,0
62486,0
131492,0
125219,0
23185,0
53769,1
29636,0
174273,1
116605,1
79808,0
43055,0
101805,0
172758,1
88237,1
100419,1
171840,0
92458,1
10739,1
53011,0
96030,0
37652,1
113065,0
163222,1
3947,1
50123,1
27361,1
23331,0
70086,0
60617,0
178678,0
